time_key,academic_year,semester,month,holiday
55d3551b-43fd-4049-8247-ee8d50c2ddb4,2023/2024,Second,May,True
9f100bfc-13d8-4b2a-8a9d-825c853bd0b5,2024/2025,First,April,False
62a038da-e6b0-4a62-b671-b027b6bfca4c,2023/2024,Second,January,False
6cf85ebc-9f19-4ebc-8d4c-5d8ecc66826c,2023/2024,Second,December,False
13eca3a7-364f-47a8-8155-2c37008bfa10,2024/2025,Second,December,True
3b7041d0-4e85-4a03-830c-84f5c16e0306,2024/2025,Second,March,False
6078c239-b8e0-47c6-b73a-aa6783c7c02c,2023/2024,First,January,True
a39bc2d4-d1b3-48dc-a32f-8ab9fc18fd18,2023/2024,First,August,False
d33b6e3a-1fb6-4ba5-8fb9-e57b71b79243,2023/2024,First,July,False
9409463a-55da-4a09-acff-e74f0710c5fc,2023/2024,Second,August,True
29177cc3-0007-413c-a101-e6b686d120b2,2023/2024,First,September,True
fc79e82e-6d47-46f8-b283-8045c93777db,2024/2025,Second,April,True
114a2af0-9792-434b-a98a-27847c9be9b1,2024/2025,First,April,True
c06464fd-d561-4478-94e1-3d38958aeda6,2024/2025,Second,August,False
cc4473cc-98e0-4d5b-bbf9-a089e957190e,2023/2024,First,December,False
c95243ed-54fc-40e9-9f7c-89466d34519e,2024/2025,Second,April,True
b5cf88b8-2ca0-49bf-9ef4-840c61fa6547,2024/2025,Second,August,True
6a8f9c87-656a-4941-bcd3-4c5442f728fa,2024/2025,Second,December,False
205aaac8-9744-4654-b305-c24803611d32,2023/2024,First,October,False
3627b112-3e1b-4768-aa43-1a44205ab01f,2023/2024,Second,September,False
61f89298-667d-4fd1-a3ee-8bc0016e3a69,2024/2025,Second,February,True
bbafbdb2-1df0-4dbf-a038-97786924b058,2023/2024,Second,November,True
c2a23d6f-e3f1-481d-8391-ffdd45774149,2023/2024,Second,March,True
94f821c5-3e6e-4336-853c-05a54b1eb078,2024/2025,Second,September,False
657d9c75-2d9b-4d50-a9e1-2f873824ab70,2023/2024,Second,September,False
51318554-5bee-4385-b09e-d7f1cabeb8ee,2023/2024,Second,May,True
f483a003-1745-45ad-9e2b-ea7e6aebcaf9,2023/2024,First,July,False
a80f4919-3a9f-47b4-bdce-cbc09520d61d,2023/2024,First,June,True
0e1b6358-4eb7-4bc4-a81d-ccafa9b6e1c0,2024/2025,Second,July,True
008f136e-c564-483b-9e2d-5bfc6254a12b,2024/2025,Second,December,True
48a01c09-363b-42f8-8524-f496255fda74,2023/2024,Second,September,True
77929044-8e08-4b0a-aef0-b897de7e640f,2023/2024,First,September,False
86888a2f-266b-4e66-9ff5-da1c1b0a2f88,2023/2024,Second,July,False
b7be66f7-da69-475b-9c69-162808fd406f,2023/2024,Second,April,True
d8bc7f37-569b-45b0-8b71-f5907ec610c0,2023/2024,Second,August,True
1524970f-35eb-4196-a30c-e01f67864b5b,2023/2024,First,November,True
1956e5ee-0975-4150-acd8-f5707b69ea47,2023/2024,First,October,True
b09efddf-ad30-4b03-9313-6b7d562867c3,2023/2024,First,June,True
d34e7823-2003-4f9c-ac23-8c7ca0e9ba8e,2023/2024,Second,April,False
4b2a9d7e-9a7f-4a8b-8a47-e9bba3067991,2024/2025,Second,June,False
429f3ac9-8789-4666-8868-257885225e2b,2024/2025,First,June,True
2269e3ab-07a5-4276-80ee-3b47a165ec42,2024/2025,First,April,False
4b748ea7-836c-4059-9531-1447adeeb545,2023/2024,First,June,True
98269adc-0d88-41ec-b7ed-e7f2f7c174f4,2023/2024,First,May,False
1e6df9b0-e139-4084-9218-ff0b98d01e26,2024/2025,Second,January,False
e2fc67db-4169-4828-8187-db36229ab9ef,2023/2024,First,November,False
1ee01b42-61e4-4e52-8696-b58d58e4a93e,2024/2025,First,November,True
86379b2f-1723-461b-9e8b-31469272557f,2023/2024,First,March,False
24b85245-7ad0-496f-8ecc-092b29053d39,2024/2025,First,September,True
22b4bf17-6fc8-4d26-b519-ddbfe1441aab,2023/2024,Second,July,True
7c07b1c8-7bab-4b0a-acfe-2c5fe060f882,2024/2025,First,July,False
25484dcf-65a4-4401-a292-ad2ba616bc58,2023/2024,First,November,True
3ea08751-5ec9-4776-87e6-8c1755843918,2023/2024,Second,April,False
dac3c18b-7d1c-4ee2-8d1f-773a57a3cc97,2023/2024,First,August,True
0357ed6f-eb5c-4847-aa51-6216dc96019f,2024/2025,First,June,True
71b33e6f-5d07-48ee-ac36-0f722bd77480,2024/2025,Second,April,False
27389d1b-c00f-4bb5-b45d-bafaef936c24,2024/2025,Second,August,False
38fe62c8-925c-4fde-82ef-f3647237745f,2024/2025,Second,December,True
426ee2ce-62d1-4e93-8106-e522ecb44d3c,2023/2024,First,March,False
c9ac1a4b-c346-496a-bbec-2cf86c46792f,2023/2024,First,February,False
a5e24166-c039-4204-961a-bd213713168c,2023/2024,Second,April,True
6934c1df-57de-4c5b-b202-c9cbe5822c2d,2023/2024,Second,September,True
18d5ece3-f34e-45a5-b09d-9db54af721ca,2023/2024,First,March,False
aae85ed3-c829-4a2e-8143-0968099197a1,2023/2024,Second,May,True
19999d42-4501-47f8-9928-98b835f11880,2023/2024,First,March,False
9f099958-bc08-4b8a-a552-75f3bb44c132,2024/2025,First,May,True
3e3b859a-7ed7-4830-a587-de678e4a23e7,2024/2025,Second,July,False
82746a0b-9d81-4baa-b61d-8cef314f8ede,2023/2024,First,September,True
d3b3abb4-a548-471e-898f-c9443d487f55,2024/2025,First,June,False
b7043054-5651-41b6-9e72-ab0e6b733d6c,2024/2025,Second,December,True
5951f806-d78b-43db-b5ef-a03d38e57132,2024/2025,Second,June,False
801b34c4-9b30-4b8c-9ccc-39291c383cba,2023/2024,First,March,False
7126e4d6-5cca-455c-9ebb-067c7d1ec661,2023/2024,First,August,True
13c0fdc4-fd4c-4c35-9a4f-76bc6c956492,2023/2024,First,March,False
29d57384-bd3f-4126-8913-3f511ceefc81,2023/2024,First,August,False
e6c2d127-3786-44ac-b023-4c21a722df9e,2024/2025,Second,April,False
38a7a809-2f5e-4ae9-a56b-09d82737e3fa,2023/2024,Second,May,False
c7032a09-e203-4749-ab8a-bf853c15c47b,2023/2024,First,September,False
04282e60-8ef4-4187-92a3-0c1405c5a230,2024/2025,Second,July,False
e371214f-37fd-4fb4-a9b6-45d1586b745a,2023/2024,Second,April,True
96dbe104-c4ad-40f6-b81d-279075964602,2023/2024,Second,February,True
1fd86ad7-4119-422c-9cd9-52a2b5575461,2023/2024,Second,July,True
259734d7-8c51-4910-bb89-9b8b0c187d78,2024/2025,First,May,True
bd93fd01-b4a1-409b-80a3-e4ab3bbc4e61,2024/2025,Second,June,True
638bf9db-662c-471c-99e4-0263abdc2151,2023/2024,First,December,True
ee492627-53af-4466-a11e-9b881bccee26,2023/2024,First,February,True
ee9d7f15-b414-4485-9171-2296c5ea9ead,2024/2025,Second,January,True
c9900e4a-1b28-47b0-a0d8-50016a7700fd,2023/2024,Second,December,False
47a51bea-0a89-4701-a7f2-3f14de01f6d7,2023/2024,First,August,False
d907d21c-d838-427c-b9f5-f82e6441b640,2024/2025,First,December,True
340f48c8-60f7-4241-bfd2-055973aedf7c,2024/2025,Second,July,False
d5bd4013-771f-4123-9d17-98993bffdaf8,2023/2024,Second,November,False
043b5437-d9c2-4bb2-84b1-de1dd7f882a3,2023/2024,Second,November,False
3ca12c86-beb1-4ba8-9b24-a313f8219912,2024/2025,Second,December,False
70d1311c-6813-44af-a03a-e9e41898f3e9,2024/2025,First,December,False
ca9e755b-7a47-4c42-a8db-1ed24eaa07d9,2023/2024,Second,September,True
3281ff8c-2778-4b05-b2b8-bd0f8f43cf42,2023/2024,First,August,True
76d88b1d-ee6c-4afe-8ea3-898fadffd10e,2024/2025,First,May,False
d683ccea-cb5f-4fb7-8297-e3179f16f30f,2024/2025,Second,March,False
efcde9bb-60fc-4542-aa78-a6dcc5a5ec4f,2024/2025,First,February,True
2cfe31d7-5039-47ac-b3dd-85b92afc8bab,2024/2025,Second,December,False
f4bdc2e6-1355-459b-a683-d294742e0b23,2023/2024,Second,January,True
abfedc72-f369-45fa-9cb7-ceef018b3d20,2023/2024,Second,August,True
c52a880b-ba0a-4b51-b21d-53ffa49b09ba,2024/2025,Second,February,True
716d1ed1-f50b-4578-a8ce-5a9b148e3f96,2024/2025,Second,April,True
e7495d0f-3569-4790-a0c7-a978a0bb6a92,2023/2024,Second,February,False
a118dd7a-9c0d-4e99-a69e-b7e466005c06,2024/2025,Second,June,False
a0202803-07a9-46ff-8a1b-b5d13ed31bf0,2023/2024,First,November,False
0270b226-66cd-435d-a54f-003625272fe2,2024/2025,First,May,False
806e1a3a-bede-4128-997a-7f4610fedc76,2023/2024,First,July,False
f72da644-1123-41eb-bc7e-ae12c9f521d8,2024/2025,First,June,True
6abc88f8-ac9b-45b1-bd3a-3a1aee2ea38f,2023/2024,First,July,True
e507d01d-3b14-4921-a99a-335c221d03e4,2024/2025,First,March,False
29bec0f4-9ad9-40df-87d1-8395f02b7856,2023/2024,First,August,True
9d060616-0c7d-4efe-913e-bad6d84c2d04,2023/2024,Second,May,True
79209871-da14-4d9d-8f6e-2b3584462061,2024/2025,Second,September,True
de739cec-2e62-4a82-a3f1-75aa8860b5d8,2023/2024,Second,July,False
aee1749d-8ee7-495a-9ff5-fa0d5776b234,2024/2025,Second,January,False
50537e64-8e75-430f-8c10-02b3258f915d,2024/2025,First,July,False
685c36f0-a678-4e8f-8c8a-ca5ee2e353c4,2024/2025,First,October,False
ed2143c2-8d18-45f3-854a-499fb8428010,2023/2024,First,May,False
23f8c817-c571-4a84-8edb-09dfb6f0f29e,2024/2025,First,March,True
b2dd17a7-ce15-4498-a876-0befc5e65c01,2024/2025,Second,August,False
5ffbd949-ba04-410a-8a51-1a886d483266,2024/2025,First,December,False
7de2d632-8523-4fbd-9e0d-37c933f5d353,2024/2025,Second,April,True
88419e6d-5462-4fcb-8387-41cba21c09c2,2023/2024,First,January,False
7bc960af-0a9b-4cd8-a01e-db36aeeb1442,2024/2025,Second,November,False
2d71ba8a-4c84-46fa-85c6-0ab994b69f0f,2024/2025,Second,September,False
7c128506-8ae4-481f-9607-cd303c4fa6e3,2023/2024,Second,October,True
c760efa1-9d65-4794-9cf5-e313547afabd,2023/2024,First,April,False
bbb28f78-2bfd-48a1-9ab6-36a95cb46bf5,2024/2025,First,August,False
c9c84259-dcf3-4fef-84e5-e1a3e73fc30c,2023/2024,First,August,True
848a25e9-876f-45a4-9f87-e43ea18690a0,2024/2025,Second,March,True
4ec1b32a-978c-4622-99e3-88a24b428378,2023/2024,First,July,True
7c130de0-5171-486f-a6a0-6eec36567a22,2024/2025,Second,January,False
d2e1cdb2-7eff-46f1-8024-fd01f2e161fa,2023/2024,Second,February,True
a80b9d72-95f4-43a9-bbb7-c3c9475b9f52,2024/2025,Second,February,True
a0a6076f-81fa-4a88-83fe-5c1d43b58799,2023/2024,First,May,False
5bde9abe-c30c-4c1b-bc91-b5da7ed9e874,2023/2024,Second,March,True
8d058a59-85f2-4cb2-89ad-b07ac1b32471,2023/2024,First,October,True
b5b55713-2d1d-433a-85bf-a9663ef048b6,2023/2024,First,October,False
24ecd7ca-9aac-4eac-be07-7a7f0d55ed5d,2023/2024,First,September,False
0c6e6e8f-0d78-4458-be6a-645558aff0d2,2024/2025,Second,December,True
76437e2d-deaa-44bc-af08-edb1fe50aa15,2024/2025,Second,April,True
de8613bf-f8cb-482f-af8c-9374d99a469d,2024/2025,Second,December,True
88d82ee5-8be3-4e9f-8885-88ab3fda7f30,2023/2024,Second,August,True
1c373ca6-60cd-4e30-aa77-85fa6fd6e20a,2023/2024,Second,March,True
d8f05e6f-1150-4b3c-9773-6464072e9512,2023/2024,Second,May,False
d5fd65fc-1eaf-4030-9da0-a0fd12eb3f1a,2024/2025,Second,May,False
14915884-2358-423e-b931-cebbd4948e9a,2023/2024,Second,June,True
1917846d-626a-4fec-aef9-a5d49bfab673,2024/2025,First,January,True
c912436b-3e3d-46f0-991a-434ff3e7edf6,2024/2025,First,December,False
4ea185e9-c965-46dc-b76b-675b79e76d5e,2023/2024,Second,April,True
3830fcb7-25b4-4ab3-838e-64b1f00c6f28,2023/2024,Second,April,False
8a0d0677-8200-44ff-a0a2-d2c2beff30c8,2024/2025,Second,July,True
33d8ded6-4135-418d-a2ce-9c329b9f996d,2023/2024,First,December,False
62f30340-e464-4465-ac6b-92ddc3d55623,2023/2024,Second,December,True
0ee0690c-19b0-4696-a477-f5785b9d37f0,2024/2025,First,February,True
2bb475c1-adf7-405f-9f46-92e2daf68006,2023/2024,Second,March,True
fa464bb2-fcf7-4147-a092-358a9b083b55,2024/2025,Second,July,False
553a8e67-4f10-4310-9190-71a2ca3763f1,2024/2025,First,January,False
63019bf1-e7b6-467e-a927-db2a3f91ffb1,2023/2024,Second,November,False
f92e914f-5421-4e62-a93c-7c31e4bd46c2,2024/2025,First,June,False
50b410ee-bc75-4192-acc4-f4a535b78988,2024/2025,Second,April,False
fd6691cf-b824-4f4b-8f3a-79e6a0e2f92a,2023/2024,First,December,False
5da8d2d8-a63c-46e9-81e2-21f50e6ff0ca,2023/2024,Second,September,True
2080736a-74cf-47e2-9078-ffb87c52890e,2023/2024,Second,February,True
c520e4a6-034a-4ef2-8e03-0e6fd839ff82,2023/2024,First,October,False
6a3a5802-8b83-4b08-b85b-e8bd0069142e,2023/2024,First,September,False
2755abee-15b8-4859-8422-ee9c684db875,2024/2025,Second,December,True
d00b4d72-39c6-4a75-a1ab-2411afe49c35,2023/2024,First,August,False
3c821068-b6de-4063-894a-99e8196ea215,2024/2025,Second,December,True
77ee1c46-e114-4f7d-b501-29dbbf19691f,2024/2025,First,May,True
171de3ff-f0c1-46b0-a4b9-d309a01c4484,2024/2025,First,June,True
20d2839c-c4d0-4ebf-88bb-3d63517647e2,2023/2024,First,January,True
4034e74e-fc04-4b42-8665-54dbab66b38f,2023/2024,Second,January,True
057f115b-dd09-4ac4-bd67-b6e7a8078b27,2023/2024,Second,September,False
7ebd1b1c-8b3d-42b7-9faa-01f385f756aa,2024/2025,First,January,False
cfbe3237-e7d4-4f5d-ac4f-1415cd21066f,2024/2025,Second,November,False
142ffe3c-b466-41fd-98f1-829b7b4b5e67,2023/2024,Second,February,False
f000ce4e-b6b4-43ff-abd2-6d3f6173e83c,2024/2025,Second,January,False
67241e4c-1267-4164-a34e-447ee5a15900,2023/2024,First,January,True
e0e2bf71-6c71-40fd-aa6e-2a0a66eed309,2023/2024,First,January,False
240eb302-1b7c-433d-b6f2-a7eb6198c812,2023/2024,First,April,True
c0512330-0d3a-4406-be8b-a3a128576d79,2024/2025,First,October,True
976f7c7f-1a53-4ba2-8de2-9f1d962c7cd4,2023/2024,First,December,True
aecd33fa-8eee-4c90-abc4-34b09b8f4e9c,2023/2024,First,June,False
b6765b6d-f426-4c9d-a633-5a39125ef10d,2024/2025,Second,March,False
ae4f6e23-c976-4bf5-8a21-7be5283898ce,2023/2024,Second,June,False
2858a56f-b32b-48f9-b151-ae32df61780c,2023/2024,First,April,True
8bd3983a-3a20-4d25-b519-d7ac69b7c33e,2024/2025,First,June,False
6fea3319-d151-40f3-9f77-d78cc8ee9cec,2024/2025,Second,November,True
bf0b6f03-4bc8-4188-8a3b-ffff8c00ff4b,2024/2025,Second,May,True
0770601d-5ac4-4141-b0fe-cd34554ad25b,2024/2025,Second,September,True
041a6ea5-5311-4d3a-adc9-831a1b6fd52e,2024/2025,First,October,True
0b7fd56c-720d-48a9-bb2f-6fa6a76136c1,2023/2024,First,February,True
e21177ce-a392-4146-90ac-9c119ec27b82,2023/2024,Second,December,False
9f7a381b-2eb0-4496-bfec-ea63de6d1573,2023/2024,First,May,False
3f1cdaf2-5293-402d-b219-9b337f3bf24a,2023/2024,First,June,False
01f6ed55-bed3-4ae4-8054-524c0b9be5d7,2023/2024,Second,February,True
6779b31f-75b1-4018-811e-b265176d7c68,2023/2024,First,February,True
9f8de6ed-1508-483f-9a04-d95d7493408c,2024/2025,Second,August,False
40d669e9-430d-4dd3-92fb-78c1b1d6b72f,2024/2025,Second,May,True
13fbe517-99b4-4215-865a-4bf568c435be,2024/2025,Second,March,True
8450bb8e-8062-423f-8505-bfaec42c66a8,2024/2025,Second,January,False
cf941b43-6c0f-4645-a8ea-3fb2a5822bc9,2023/2024,First,September,False
5ba958fa-320f-4974-b5da-20ea37d6bf51,2024/2025,First,January,False
95e0e4d5-db2e-46b7-8577-8f27b5d91d18,2023/2024,Second,September,True
29fb7229-7a16-42f6-897e-996bc15c4fa7,2024/2025,Second,September,False
57b6407d-3680-475b-9872-248724a4f8c0,2023/2024,Second,June,True
0d0b8322-3ce2-4466-a406-4f64a662d775,2024/2025,First,January,False
7d4b6a9c-f313-48c8-8ce4-b499206a8873,2024/2025,First,December,True
8707bc6f-9415-4e93-9594-62d4643dd7e8,2024/2025,Second,January,True
876c337f-457a-4843-82fd-656ef0c94bbe,2024/2025,Second,March,False
7c47fb2b-e256-4b9b-97be-27f81bff8055,2024/2025,First,September,False
1d20f099-6b32-4d9c-bc5b-26297f1c89e1,2023/2024,Second,December,False
6ab5f21e-4256-417b-a226-c092e9f483b8,2023/2024,First,August,True
679bb850-f1aa-4872-9eb4-8152caab0dad,2023/2024,Second,November,False
8da99da1-729f-4ef0-9b98-650b41a2549e,2024/2025,First,January,False
c0b36b9e-0715-472c-860e-21ad51a3128d,2023/2024,Second,August,False
a3483ba4-4cf3-4048-81e5-00f011403a76,2023/2024,First,March,False
b0ece1f5-1761-4e49-a67b-9e2b2a737b47,2024/2025,Second,November,False
2adb15ac-0461-4a66-8301-e57256dbd61a,2023/2024,First,August,True
59bc9ee0-5e59-449c-82c7-243814328835,2024/2025,Second,May,True
b21ff8e4-8379-43e5-8faa-72e75b8c46f2,2024/2025,Second,July,True
b7dfce3c-a619-4969-80eb-8043545e5961,2023/2024,Second,August,True
d7bfe1a3-2ce7-4f2a-b63d-1e79967c6190,2023/2024,First,November,False
17818be4-6114-4d50-8fa5-96691f4da007,2024/2025,First,May,False
0ebb9ddc-ddfa-4507-a076-766ac0fe8504,2023/2024,First,December,True
8fcfdcb4-4b6b-4f54-b7c9-901931548a51,2023/2024,Second,April,True
548f7ef8-e9ce-4c67-81df-57ab03725d7c,2024/2025,First,September,True
23b4cda3-8c89-4f34-9cb7-f809b3cbefac,2023/2024,First,November,False
a5c1f3f5-9425-410f-8402-c64fee83f3df,2024/2025,First,January,True
1041960f-c91f-450e-b7b8-a5e0410d977c,2024/2025,First,August,False
8318bbb6-45ae-47ad-a0af-6f2dcf0941fc,2023/2024,First,May,False
2439e953-9c4b-4859-95cd-ebdb89c25580,2024/2025,First,June,True
d632b3bf-50ff-4911-b565-7042d4f50b6d,2024/2025,First,June,False
4cc118eb-d695-4a6d-9ef0-4750fec09cd4,2024/2025,Second,February,False
c39287dd-46f8-4904-aac3-224f00c578e7,2024/2025,First,July,False
6cf399af-b1f4-44a0-a9dc-f2192567fe62,2024/2025,First,October,True
2d925493-763d-439c-8c10-7c8f287a85c4,2023/2024,First,September,True
23a81ff3-2b5b-41ae-a771-c2ef11b13915,2024/2025,First,February,True
c3dab789-d43d-443a-af5a-c5c0ef6c6bfd,2023/2024,First,January,False
c590a3fb-f824-4a37-a631-6b5402a6931a,2023/2024,Second,July,False
197a887d-9acf-4337-9e4e-e9401bde3e1d,2023/2024,First,August,False
f83c8e05-59ab-4d5a-b22f-7776dec77b97,2024/2025,Second,April,True
691218d9-d1eb-4b1e-b1dc-497025c64f2f,2024/2025,First,August,True
e02bafd9-beb2-4de7-9e8c-229ed6fd35b8,2024/2025,First,December,True
7ccea694-79a9-4234-a2c6-d9196e4615d8,2023/2024,First,December,True
acae4f3f-754b-43e9-b400-e6c8bc5415d0,2024/2025,First,April,False
5ab69037-a264-4242-89bb-7299d4b86d85,2023/2024,Second,July,True
b411f853-859a-42d6-aacc-b82938ddf8ea,2024/2025,Second,March,True
b5e0b4d0-0be0-401c-a6be-52dc77a19c0c,2024/2025,Second,December,True
dd0fe445-e105-49f9-9191-346cc3f1d125,2023/2024,Second,April,False
a4ce0270-e5a2-4962-b368-4c9a2ec8e4af,2023/2024,Second,February,False
fc6e39ca-08a7-4e8c-9562-24664f40dd9a,2024/2025,First,February,False
c9203325-b0d4-4cc6-8c93-1a8f03bbcc3d,2024/2025,Second,August,False
64a8cb66-260d-4352-bce8-c37b42baa918,2023/2024,First,October,True
1a2ac7a8-7412-471f-a89f-36c713f36fd1,2024/2025,Second,October,True
39dead8f-0618-4acc-884c-83bb46aed553,2023/2024,Second,February,False
90b2bc73-3d2b-46d8-9f65-368f0657a094,2023/2024,Second,March,False
e3dc573a-70f7-4302-9d54-91ca15aa7710,2024/2025,Second,January,False
720c0d62-a378-49fb-a5e6-94f25b7b05d4,2024/2025,Second,July,False
1fdb9d2b-2200-4be8-b102-b9d92ecc6077,2023/2024,Second,March,False
9f66141b-16e9-4037-8251-9f3569e1e784,2023/2024,Second,January,True
fd0d297b-b359-44f4-8244-b4c221456014,2023/2024,Second,July,False
9751f022-b902-4a45-8c9a-a3c58e0bb19d,2024/2025,First,August,False
f6ff9dc2-8275-4afb-b63d-0fbc5405c347,2023/2024,Second,April,True
8a2399cd-c150-4574-bfda-509b6df5cb3b,2023/2024,Second,March,False
5dc84305-9381-4630-b051-34b3f3b148a3,2023/2024,Second,November,False
c5079630-2dcd-42fe-b21b-310e916afd87,2024/2025,First,October,True
72c1de02-fb32-4bef-bfbe-ec6d32e6ca59,2024/2025,Second,April,False
1803f58c-8ff4-47f6-97da-3ecb5c88df22,2023/2024,Second,November,False
49c35173-9efd-48f2-88d8-2e7d37e264b0,2024/2025,First,October,True
75c9d225-bf04-458b-83ce-ef47d52934e2,2023/2024,First,June,True
3a8c8945-e246-4c24-8eea-135c17da3366,2024/2025,First,March,True
c66444b6-660c-405a-b251-7ab91a6661b4,2023/2024,First,March,False
66948b8a-41b8-46ed-8bee-5da2c8cd7db7,2024/2025,First,May,False
aa770dd4-fd3d-4955-982e-851086f75558,2024/2025,First,July,False
780cbeb4-1125-47fb-99fa-3017d593bf5b,2023/2024,First,September,False
d1b1e3df-3bbf-4891-884b-219d04365b92,2023/2024,Second,March,True
05de52dc-30aa-479f-86b2-4ced33880e92,2023/2024,Second,April,True
32db28fe-5166-4551-a6d2-3fa8c3fa1b15,2024/2025,Second,January,False
a1ea52e1-00b2-4d06-8536-dca9d6f75d67,2023/2024,First,May,False
9be6fcf3-ce92-4da5-ac38-7e9efc505471,2023/2024,First,March,False
f1d61e80-4443-474b-9b69-ffe80d4da610,2023/2024,Second,November,False
60f7e7f6-1cda-4e88-96bd-dba4b503727d,2024/2025,Second,January,True
530cde97-e0a1-4b20-b371-31fcfff41e8b,2023/2024,Second,November,True
38f76be4-69a4-4ab5-95b6-eadd875ac56e,2024/2025,Second,November,False
ea566ffd-95ff-4bb4-a4c0-b3439efdb7cd,2023/2024,First,January,False
40307a47-03c2-4ebe-b96f-0a26bc4681d9,2023/2024,First,April,False
a76cad4d-441f-4ccc-8f30-01ece7563bda,2024/2025,Second,February,True
e05d3d03-8d7b-4af0-b39e-acfe5bd24292,2023/2024,Second,June,True
21a15bcd-75f0-484b-9436-863a38688e5b,2024/2025,Second,August,False
fdcc194c-f5af-4ae1-a871-ff6ce8708d52,2024/2025,Second,May,True
888fac4c-9675-4317-b645-a0000cbaed69,2024/2025,First,February,True
2a01c299-9e5b-4a64-b54e-db142fa5ca2c,2024/2025,Second,February,True
c53b666a-c02b-43f9-9b37-9bcf629d9a7a,2023/2024,Second,March,False
261d0835-9cd7-455b-a222-2e22e2c96bb2,2023/2024,First,March,True
67a15c09-25dc-4637-ae06-a56613828334,2023/2024,Second,June,False
62a7bf01-9edc-42a2-a354-8c4f197fca5b,2023/2024,Second,May,True
45ba4046-d09f-403f-b445-42d94ab4947d,2024/2025,Second,October,True
737eb73d-0c32-4785-89ce-67aa851f0d8c,2023/2024,Second,February,False
b1e47fa5-e1d9-4009-a7ca-f90055380f87,2024/2025,Second,March,True
550216ef-0d21-4d97-9112-032621c9dc53,2023/2024,First,September,True
49c5296b-a08a-4bd3-befd-2d5b8b7f5ced,2024/2025,First,September,True
f2a9b6e8-b9aa-4e77-b81d-956954dd24b5,2023/2024,Second,June,True
1b65cc1d-e7c5-4120-a720-1cc78d632d3b,2024/2025,Second,April,False
ae4e874e-86f2-4775-b858-86ea89661ea2,2023/2024,First,January,True
69456771-81cd-4855-99c3-39faf09d7210,2023/2024,Second,September,True
58de8084-ace1-4d1d-9eca-b206bbd60960,2024/2025,First,December,True
2dbee68d-cfca-4c4c-93dc-8900afa2714d,2023/2024,Second,August,True
83ac59b4-73b3-4f8b-a81d-9cfac90460c7,2024/2025,First,September,True
4702f273-3ede-4863-8729-6398591e0815,2024/2025,First,March,True
16b9fc42-b320-4810-b800-36c350936679,2024/2025,Second,August,False
02068057-742d-4ad3-891d-654890ecdadb,2024/2025,Second,February,False
46535675-796b-42e5-bfd3-1eef36d8e516,2023/2024,First,June,True
74997866-be02-4d88-9db3-ce8c479ef763,2023/2024,First,April,False
02767f4e-c9cd-4ca1-b8dc-700cd9455567,2023/2024,Second,January,True
32887b6f-277c-4c86-9ff5-2cf528e1eff1,2023/2024,Second,April,True
4bf4b74a-7321-4bc4-b4c5-1bde76bd60f1,2023/2024,First,April,True
1260b267-8172-465f-b17b-26c463b72db0,2024/2025,Second,August,False
9b9ca84c-a5eb-4b8e-89f3-521f5ffc860f,2023/2024,First,May,True
ca0b361c-8e77-430f-8345-2920d0d47622,2023/2024,First,September,True
fa5929ea-34c9-420f-a93d-147d7468240f,2024/2025,First,January,False
82926739-fead-4ccf-8874-6a709319850e,2024/2025,Second,April,False
cd51b317-5b70-4873-bf1a-0033d7064e23,2024/2025,Second,October,False
501fd0c8-0ed8-4c5a-a852-06508adce3c7,2023/2024,Second,July,True
80442c76-0a3f-4ea1-9cbe-3c16f6d48efb,2023/2024,First,March,True
4e0ffc0c-074b-4d4a-b34e-26cce768e9d2,2023/2024,Second,September,True
561e2ecb-d07b-4044-b0a3-23cf60a7b31f,2023/2024,First,October,True
6e3fa802-cb24-4d21-ab0e-49ae5c508e27,2023/2024,Second,April,False
a30db031-06b0-4633-ab3c-772b83ff9911,2024/2025,First,April,True
9d08b194-2901-409d-9b49-9c4559e48c66,2024/2025,Second,March,False
a039a3a9-97fe-4cf4-ae4b-29d39837132f,2024/2025,Second,December,True
dffc211e-8a81-4e18-abb5-dea7ae53c4dc,2023/2024,First,March,False
8471998c-c9b5-4dfe-b625-2dbe25392dce,2023/2024,First,March,False
0a8926fe-2f4d-407e-8080-3a876a027777,2023/2024,First,September,False
6f753b2d-fc6a-43cd-83b9-591c13efb161,2024/2025,First,March,False
9fca9c88-7af2-4fbd-bce2-4b576ac3e50b,2024/2025,First,January,False
e88bee0d-7065-4a05-9be5-4062269f0133,2024/2025,First,July,True
c45fbf85-a78c-4a67-9e0d-2e6851e71ff1,2024/2025,First,July,False
bf7f52ca-eb8a-429e-a072-c51ec1fcb24b,2023/2024,Second,April,True
a4e05276-dad1-4e3e-a629-1f71af8d32d1,2023/2024,First,April,True
461812c2-7388-4471-acc2-37fb6328356b,2023/2024,Second,January,True
95d1e8b0-570e-40c9-8cdc-7411fcb7a3d2,2023/2024,First,February,False
756e39b1-b9c5-485d-b17c-c78412c93b8f,2023/2024,Second,August,False
cc51153f-f326-4ca4-a68f-438d431f22e8,2023/2024,Second,July,True
bbbb2590-80d6-4a23-a864-08a8c7975fcc,2023/2024,Second,March,False
5b1ee7d4-e7a3-4729-b1a0-3c86a1b98c28,2023/2024,First,January,False
d3194768-37d5-401f-9a1d-a127ef6eefed,2024/2025,Second,October,False
6faa60fc-02a5-42e0-befb-b91e16703015,2023/2024,Second,February,False
c6f51274-7a0b-4bdf-97a3-79b4951f5c4d,2023/2024,First,January,True
4074f70d-f46c-4270-8459-591db1cdda8f,2023/2024,First,June,True
d94b033d-fa3c-4cd1-94ec-bf2f298702d6,2024/2025,First,December,True
ee71f10d-5b54-4673-86eb-39be2c194662,2024/2025,First,December,False
9655438b-8d9a-460b-b562-a1a99754e2bc,2023/2024,Second,August,True
7faeb31a-4b5c-4596-af7d-a650afab56b8,2023/2024,Second,October,True
e3b7bd31-affb-4714-9571-eb89cb0b6655,2023/2024,Second,June,True
5d1e0d4a-297e-40b4-8159-61d0bdf96660,2023/2024,First,May,False
4d4e4657-5841-47c8-b16a-67a1d5802808,2023/2024,Second,June,False
916be61e-4245-4340-8585-1f9a94bc5cde,2024/2025,Second,May,False
5391c065-af32-4cbe-a4da-8ec51d61a567,2023/2024,First,September,True
be4cd25e-fa65-4e7d-8e49-58167d8b3709,2024/2025,Second,September,False
2e3f7a36-0f44-4a0b-930d-f1b854f896af,2024/2025,Second,February,False
321277b6-02c2-40a8-92d4-28ae33952301,2023/2024,Second,November,True
bc97bb51-3609-461a-b930-3ace84f291e2,2024/2025,First,March,True
c5d9760e-1a56-4683-9c0a-f27a7ffb744c,2023/2024,Second,November,False
353b1ea3-c5d7-4bca-9ffc-bc8aaf44ef09,2023/2024,Second,May,True
9a2efc96-4976-40e3-b5f9-a9cc5f35e905,2024/2025,First,May,True
e6d71a1f-078e-4d6b-b5c9-a7ba8c58d8e4,2024/2025,Second,February,True
ae8fb518-7f12-4642-a751-ff8283411acc,2023/2024,First,February,True
d2b796ef-36f6-4432-a4a2-88944606e537,2024/2025,First,June,True
028ab7c6-32fe-4a65-af11-2c39ba546b7a,2024/2025,First,December,True
09979eaa-e10d-4372-be87-853238533fee,2024/2025,First,August,True
06a73b67-de2c-4011-af16-07c618f9244f,2024/2025,Second,January,False
069aae6a-e90a-4f99-a38c-aeb5bf1697db,2023/2024,Second,September,True
9a442f1e-2d2c-4156-9823-ac830918b5d6,2024/2025,First,October,False
70c8dc7b-a59b-4220-b540-88e91ae6c205,2024/2025,First,June,True
ab969bf7-fd47-46cc-b151-cb357b108511,2023/2024,First,March,True
6a9280de-c58b-4695-a520-4aa44acd2b69,2024/2025,First,July,False
5539aafc-ebf7-44b3-907c-f7fa19883581,2023/2024,Second,February,True
e5c212e5-450f-47f9-8df0-c376ca3ff204,2023/2024,Second,June,True
a050a134-8f40-45f9-9c67-be6c1af467d5,2023/2024,Second,November,True
8aceaeb8-4629-49b8-8ef7-8c0ea0d9de5c,2024/2025,First,May,True
39ffba56-fd2f-43a1-b871-1e9919e4decd,2023/2024,First,February,False
83bca406-8ffc-492a-a061-5989f17558a5,2023/2024,Second,October,True
971056a7-fae9-4df1-9fac-ae1b3a7c1938,2023/2024,Second,April,False
1e6624a3-2e4f-4a2f-a5ad-bf08abc59894,2023/2024,First,October,False
02152cff-1975-42e5-966a-6e2e5ec67594,2023/2024,First,January,False
7280e393-fae4-43d4-b1fd-dd2428d9b7e9,2024/2025,Second,November,True
e90111ae-facf-4e11-8582-90f78f1f4c26,2023/2024,Second,January,False
ca878470-d16d-4029-a788-bbaaa65a22bc,2024/2025,Second,September,False
33410277-589d-41f9-8164-a88202966bd6,2024/2025,First,January,True
d00b1f5b-0811-4a06-b76d-352f6fc134d1,2023/2024,First,April,False
2d753fc0-5f47-4af2-a347-f246fa79c977,2024/2025,Second,March,False
d7c6acd3-8fdf-4faa-857f-039d50517168,2024/2025,First,March,False
cc18116b-ba7c-4b80-b9a3-a66aad78c96d,2024/2025,First,October,True
9ef87dce-e3e4-462d-be23-6670a99b2b44,2023/2024,Second,December,True
702b2a0b-1980-40b1-a9cb-c635239d3bdf,2024/2025,First,March,False
4f953dc9-9770-49f0-b219-6a8c81b9a4ff,2023/2024,Second,November,False
c46c18e9-412c-48f8-af34-67b258c012c1,2023/2024,Second,October,True
cbe30036-58a9-4840-b135-fc7876283e86,2023/2024,Second,April,True
f9ddf972-c71a-4176-b360-c48272877284,2023/2024,First,May,False
aeb80301-671f-4fbf-99af-1ab223f0d606,2023/2024,Second,April,False
54b00a05-ee1c-476a-9db3-8c875b833592,2023/2024,First,June,True
08042357-370a-4669-b9fb-7def4f964941,2024/2025,Second,June,False
2aa86126-be94-40d0-b79c-11eb0ca728ee,2023/2024,First,January,True
d08560d3-c3ad-44fa-88db-0ecf42f521f1,2024/2025,First,June,False
0faaab3e-c994-4eaf-966a-87ca03d872ad,2024/2025,First,March,True
2d12c267-6b7b-4459-89ae-8d76046b8dcd,2023/2024,First,September,False
740e0533-81e0-4e51-a65f-ae9fb6b61c68,2024/2025,Second,February,True
2ad10f45-5467-45be-9ff7-a0dc45832c4b,2023/2024,Second,April,False
2908b085-2852-4ec4-a320-857dadb69c06,2023/2024,First,December,True
4dad2a6f-1e6f-4f85-80bf-98af47fd15a2,2023/2024,First,September,False
eada06f3-edab-48be-b39f-e594970bfeff,2023/2024,First,January,True
d1054b03-45b4-411b-8668-2210360ed250,2023/2024,First,April,False
35cd0827-03ee-401f-b242-27a035632c4a,2023/2024,Second,April,True
93213b29-6d23-4554-a0dd-597d084313e6,2024/2025,First,February,False
a53623ae-a2e0-4444-aaac-59a20649c79a,2023/2024,First,October,False
4b5ae645-b4bc-418d-b580-3fc5c486529c,2024/2025,First,December,False
772fc958-654a-45f0-a993-54cd5262145e,2023/2024,First,January,True
28c7d1e1-0ec1-4552-a947-b0e9b36716e8,2023/2024,First,March,True
5fa14b92-c51a-4c71-a1ba-65d9797e4123,2024/2025,Second,July,False
39288b30-5447-4b32-83eb-8bec73397ee0,2024/2025,Second,May,True
3b0f3932-c2c5-4339-b681-e16f26446f98,2023/2024,First,May,False
9fd1890b-8b40-4895-a783-cd5c1d89b180,2024/2025,Second,April,True
0e2af5da-0620-496c-b9ae-26b2e3619a56,2024/2025,Second,November,True
92b4dcb9-915b-4708-8d95-311c7d319e78,2024/2025,Second,February,True
ec27a32c-2c9d-4654-b4bb-8038ae21506b,2024/2025,Second,April,False
7bf2ad3d-59f1-489d-84eb-2ff2a944745a,2023/2024,First,July,True
b0ede3c1-6ffa-41e9-af84-7bed6f20e36b,2023/2024,First,September,True
08148b2e-d702-4b0a-a2b4-79b5db88a433,2024/2025,Second,March,True
f25f96f8-0ea0-4015-bb5d-6609f5f93eac,2023/2024,Second,November,False
9f692d0a-de85-4702-a66e-2374d7c8b401,2023/2024,Second,July,False
cede1ec8-1f7e-4d82-b075-a880fe615f72,2023/2024,First,November,False
3b77fb1d-c0e0-4050-afc6-94c7cc162948,2024/2025,First,November,False
40737b4d-de11-4f58-bddd-d373f7efa776,2024/2025,Second,October,True
271f2783-0ca0-4365-88ac-358510f7768b,2023/2024,First,April,True
d916e666-44ea-46a9-8b64-871b23a72640,2023/2024,First,October,True
93c33a71-6aeb-4bf4-952a-2c79216e3ef5,2024/2025,First,February,False
b25829cb-e510-4b00-b031-d4bc532c455c,2024/2025,First,March,True
fc3bfbbf-67ab-4449-9c30-8645f012c0e5,2023/2024,Second,January,False
a57877d4-dcec-422c-8a57-74851c76c8df,2024/2025,Second,May,True
8ac43889-9581-4eed-aa01-bc1ec743e0a2,2023/2024,First,March,True
a73da8b5-fb6a-4e44-96d4-0ffd6ec64a3d,2023/2024,Second,September,True
a615b958-f252-4277-8783-fe2d09f61373,2023/2024,Second,September,True
f4fe3120-a842-4f07-aedb-a868adeb1a03,2024/2025,First,March,False
e40bc5db-535d-4be2-ab8b-bc51e0cc65e2,2023/2024,Second,March,False
3145dc42-7200-4d0f-a281-5e48507854a7,2024/2025,Second,January,False
64b3a2d3-6281-4b7a-a93b-e67e98f39e14,2023/2024,Second,September,False
d1c296d0-5814-4c63-818c-93291f6c38fd,2024/2025,First,August,True
e36ea9c8-1316-4939-83db-b1c41a7f38ab,2024/2025,First,November,False
4cac9797-5917-4051-b568-979e41983e52,2023/2024,Second,April,True
f5716183-3d46-4f9c-812b-1287f6150fcc,2024/2025,Second,November,True
72da8d31-4a8a-4742-a701-3d3d509eccf4,2024/2025,Second,May,False
b43473c2-8c80-4429-a845-5ab64273cfac,2023/2024,Second,July,False
d2aaffde-eb62-45a3-b8bb-96aeacc338fa,2024/2025,First,September,False
bd2184bb-c051-4d6c-936a-ca0ee53f9b3e,2024/2025,Second,June,False
23f595b6-1190-4ba4-a156-04c37a3111f0,2024/2025,Second,January,False
8bf94492-917a-410a-aab5-b47daa9f9485,2024/2025,First,May,False
18273460-5cc0-4eed-84a7-39c4ba7bde7b,2023/2024,First,May,True
b2075db2-affa-45eb-a18e-2c1466123f36,2023/2024,Second,August,False
c419b1ad-5c6a-4b0c-81af-24eb8328da2f,2023/2024,Second,March,False
1f3b85c3-1c86-4123-bb89-9634e8e21ac8,2023/2024,Second,October,True
dcab06c3-ac67-4808-815c-dfbc45fa39d1,2024/2025,First,May,False
aa411945-6377-43f0-a7c0-d29f9b3b34d5,2023/2024,Second,February,False
facc0c6a-5dad-494a-bac8-20aed382862c,2023/2024,First,October,False
5c21df04-9501-4e5a-8e3c-264d575010e0,2024/2025,Second,July,True
a63a5b74-30b8-4ed4-8dad-223938752b7d,2023/2024,First,June,True
23e18208-1523-4810-8dce-ef22ba35bc20,2023/2024,Second,January,False
5f77a352-940c-402d-91cf-e1f9ac67997c,2023/2024,First,October,False
ebc508de-320c-4ceb-bdf4-a85960599ef4,2024/2025,Second,August,False
83bbfb83-4b04-493f-84d4-5b21dae728fb,2024/2025,Second,July,False
7125642b-f376-4922-ad0f-bfe709236c55,2024/2025,First,May,False
df329a2a-75a8-43e6-893c-c5796dbe7791,2024/2025,Second,April,False
31451b9d-4d7c-47c2-ab4d-f1a264b93de3,2023/2024,First,September,False
df6ce00a-e2fe-4b33-a83e-5b6f497799fc,2023/2024,Second,July,True
4ce77f89-c0cf-408e-8b75-89f907ef14b2,2023/2024,Second,July,False
1a034d81-456b-49a1-8f3e-13502b2aabb9,2024/2025,First,September,True
bbff3573-493c-417d-8099-f7811d00ca4a,2023/2024,Second,June,True
5f37511b-ff54-498c-80e9-1a39eaa6f642,2024/2025,Second,December,True
32bdffeb-96f0-46c9-9422-7a8cd818ab1c,2024/2025,Second,February,False
2400bb8b-5faf-450d-8b88-2c18ef15b0aa,2023/2024,Second,April,False
8da75ef6-a639-4c1a-9e75-e9dcfe1da794,2024/2025,First,August,True
5bca667d-aec4-409b-8131-5cf489da9e50,2024/2025,First,January,True
506bd3fb-36f3-46de-a404-252482be42da,2024/2025,Second,October,False
e808c6fb-3269-42c6-b54e-191014541290,2024/2025,First,May,False
7481a502-bc89-475f-9894-acb30037b6ae,2023/2024,Second,May,True
b4ee9aae-3471-4f76-b43c-918826d79795,2024/2025,Second,July,True
6457c594-b3f0-4aa5-8c33-20626e7de06b,2023/2024,First,October,True
3d8cd93c-f00d-4dfa-9b07-14e1d34d2f65,2023/2024,First,March,False
4344f8a8-19c2-4118-bc50-5c7155fff43e,2023/2024,First,December,False
26e0603e-1f6a-4d47-8158-92774193030a,2024/2025,First,February,True
85e2ddf7-abad-484a-9bf7-6c3a3d36756f,2023/2024,First,August,False
ce0a264f-e0d2-44bf-8fa1-26d9473b6e7c,2023/2024,First,November,True
99eb54cd-0bb4-4159-9175-c4e30827ad5b,2024/2025,Second,May,False
267b9f42-64be-4ca9-aefa-f3a3aecdbb62,2023/2024,First,March,False
d8c307d9-db45-48b3-bb85-674276d57eaa,2023/2024,Second,May,True
8d8c436a-c49f-4cc4-b1ab-4949b7202992,2024/2025,Second,December,False
6365aaa8-c26b-4bcb-9068-144710345882,2024/2025,Second,March,False
91e55ae0-c6c2-42db-811f-aa6bda14a4b3,2023/2024,First,March,False
f3d714d9-85c8-49d4-8125-60634ae49b5c,2023/2024,Second,February,False
d99f1338-78ab-4c9e-bcee-91a6a9288453,2023/2024,Second,September,True
7d2bb472-5566-4164-8c1a-4034146de276,2024/2025,First,August,False
c956839d-1923-4802-9f1b-2245dbd6f152,2023/2024,Second,July,True
523f2714-c592-4659-9597-d03f5653d928,2024/2025,First,May,True
a4a9d103-74a3-4e3c-bd4f-d189b80b39d5,2024/2025,Second,September,False
e8749f5f-7929-4349-a256-7cd9595968a4,2024/2025,First,January,False
81526fbf-bb1e-40c6-bced-d1110154e817,2024/2025,First,December,False
478f6802-68f4-4ed1-b857-7a527a14ce39,2024/2025,Second,July,True
58edf8e9-0cd4-45ac-b07e-82d782bed1f3,2023/2024,First,February,False
7aaafc33-168b-4718-9a9a-00c0faddcbdb,2024/2025,Second,January,False
00b48b2c-c8e2-46ad-b975-709b4b1ded5f,2024/2025,First,May,True
3bfae283-b158-47e2-ae9f-b9772c63dccc,2024/2025,First,March,False
7a4b916d-ad70-4b14-a2e6-f224e52145aa,2023/2024,First,August,False
8e2ddd17-ad18-45d9-8307-00261b231926,2023/2024,First,June,False
fb772cda-69ac-4161-a972-2bd0170b3619,2024/2025,First,February,False
4526becf-e4f9-4fdd-9d97-5918762373c7,2024/2025,Second,August,False
21381568-24e6-414c-9066-e0b976d3baa2,2024/2025,Second,December,True
223a49f3-152c-4213-a456-eb96ec78d98c,2024/2025,First,July,True
6f65e2cb-6390-4b72-a534-9067da9c0bc4,2023/2024,Second,July,True
cbdce8c8-8b64-41dd-a38f-e0b737af7795,2024/2025,Second,May,False
4273718a-f239-4d22-9272-c93235a4d0dc,2023/2024,Second,March,False
f2f9e5d0-130a-4d9d-b972-2b76fd65ec59,2024/2025,Second,July,False
c47b1527-818e-4ed7-b3f9-a85fcb65c53b,2023/2024,First,September,False
0de64f7e-ec96-469c-9dd5-fa236455b28f,2024/2025,Second,August,False
1b5298b3-eb4c-48a7-b2e5-d356217dbd7a,2023/2024,Second,April,True
d435c21d-a1b2-4635-929a-5fca1638e919,2023/2024,First,April,False
b80cad9f-1004-4d93-9f64-1b3601361e3a,2024/2025,Second,July,False
e23356e8-a93c-4e03-bbcb-5f079636dc0d,2024/2025,Second,April,True
4f2c64cc-edc9-4ea7-b122-b8137f77d219,2024/2025,First,January,True
4657b23a-e134-4e74-8a4e-59daf8a42ee0,2023/2024,First,March,True
3946e8d7-48ba-4bff-a341-43a09471377b,2024/2025,First,December,True
e3250eb6-9462-4821-b490-fd2382ffebe5,2023/2024,Second,March,True
759c761f-7a16-4f95-ae61-1d0020716997,2023/2024,First,November,False
73e3938c-d503-4bdb-ad23-39c3a3ba5746,2023/2024,Second,October,False
b2a9f125-d692-4e57-8c9c-c45a9052d231,2023/2024,First,June,True
3241a03d-7d94-469e-abe6-7c55bee0168c,2024/2025,Second,April,True
194d8879-7fb0-427d-9dcf-7d0764be6134,2024/2025,Second,July,False
0a26fa57-d8d4-4e75-873f-04e324516cc2,2023/2024,Second,March,True
ff861eda-23fc-4fa6-ad15-6fbbfca6457e,2024/2025,Second,October,True
bfa875ad-821a-47da-a8fc-830f1349382e,2024/2025,First,December,False
b309acf0-5ef6-4fb8-aae7-966556052627,2024/2025,First,November,True
be0eaa3f-ee3b-412c-80a6-91ad960f882c,2023/2024,First,July,True
75352279-2717-42a0-a4f6-171fdc139136,2023/2024,Second,July,True
37aba516-2296-4562-9008-1ff3ee2d2a78,2024/2025,Second,March,True
8f43b396-7bbf-4e86-bc83-f25748d96700,2023/2024,Second,December,True
27ebb99f-c4bc-4f74-a740-9f1a9ad462fe,2023/2024,Second,June,True
ee9be7d1-f6f9-41b2-9157-5c1735c16837,2024/2025,Second,July,True
0bc0b196-f838-47c5-b8ae-ae3d14063d5c,2023/2024,First,June,True
f4aa6966-0390-44a7-9b2d-2d69b3da3894,2024/2025,First,October,True
6c3ac270-7e79-4c98-a02a-e9c56a103bcf,2023/2024,First,August,False
80434457-2c35-4724-b06e-ed3af23bc706,2023/2024,Second,August,True
5acb11c1-0ef5-45e0-8e9a-198f40ea3fba,2023/2024,First,August,True
442e7e5b-487e-490f-9f2b-f335c4f13efa,2024/2025,First,April,False
972a4cc1-cc01-4b59-807b-57b6ff43b0f8,2023/2024,First,May,False
2d9a1d51-a6be-4ddc-b7e3-621f023cdb0e,2023/2024,First,August,False
6088d57d-04a6-4de3-b3a8-d52ce4ca8a28,2023/2024,Second,June,True
afb8b448-e2c6-4ccd-9d97-8561c45ffc50,2023/2024,First,April,True
c246a943-2c18-4e8b-8afc-038818a37ffe,2023/2024,First,March,False
ed4e77d3-a76a-4b38-9876-ee4d506b9859,2024/2025,Second,July,True
ad17cddb-0502-4ca2-ac9d-d31af953e7af,2023/2024,First,May,True
a2f7286c-8e1b-45dd-ad72-3f1fe5074ce7,2024/2025,Second,July,False
cb8d858e-2f7c-4811-a3a4-4066edf23e47,2023/2024,First,August,False
5054f0cd-9b43-4b86-a35c-40eb6dda7922,2024/2025,First,March,False
6d651aa7-6063-4348-a813-2924de3979b7,2024/2025,Second,October,True
b996eb96-293e-483a-b421-05ed48269beb,2023/2024,First,September,True
7690c63a-8645-4266-9bc7-5e21b02993d2,2023/2024,Second,January,True
1928883c-48b3-4785-9ebb-f8aee0af661a,2024/2025,Second,November,False
b68cb6f1-f1ba-4e69-b058-daf915aee9b8,2024/2025,First,May,False
e503060e-5aec-468d-b564-5c82e30e88be,2024/2025,Second,March,False
5c6e7d55-f64e-43a7-a7c3-ba373cdb31b3,2024/2025,First,October,True
2a3f8085-5f64-4e0f-932a-e9297dc06364,2023/2024,First,October,True
3be39744-a80d-40b4-ace2-b5a9ef03cdc3,2024/2025,First,September,False
0103bb7a-ed30-4d24-854b-2df024c3ff46,2024/2025,Second,March,False
4e4fb09b-fcab-4e5d-b570-59a0f43da5ca,2023/2024,First,February,False
641593fc-5212-4ea9-98e0-23a6f3723512,2023/2024,Second,April,False
50fc543e-6270-48cc-81c3-3b235fc77a10,2024/2025,First,July,True
1782df99-3bbb-49bf-ad32-366ef453fb97,2024/2025,First,January,True
e72f0da4-c37b-4738-9ae1-08a357447ca4,2023/2024,First,May,True
f3b31b16-7d50-4430-904c-beb3207cef8a,2024/2025,Second,November,True
b7aeaaeb-6935-4ce1-b958-f18caa2b66f9,2024/2025,Second,February,True
6e42902c-d2ab-4780-b65c-02e3bb81c6c5,2024/2025,Second,January,False
e877e030-3c8c-46d4-8cef-c3a4e90f6b1e,2024/2025,Second,June,False
5d3aa578-5711-4120-abcc-1f08ee066246,2023/2024,First,November,False
1b00f1da-f5e1-4b03-bdf2-2ef397b802e8,2023/2024,Second,January,True
dfab0a3c-ae53-430d-a017-a7c7ab54ba4a,2024/2025,First,October,False
9ec246e6-3703-45e3-abd5-5a45f9f83264,2024/2025,First,February,False
794d29e3-aefe-49c4-acad-8c3b6f1f9e0e,2023/2024,Second,May,True
931a7602-2af5-4f7c-adc9-66e7b029d0b4,2023/2024,Second,July,True
da3a616a-f7b8-49ca-98c8-d14adf2b7756,2024/2025,First,November,False
f4773c92-97af-4386-a874-c10da9b31d96,2023/2024,First,August,False
9d9a3c3a-7b29-4e3b-9ea0-9f64685ba9e0,2023/2024,First,November,True
bf6e2beb-4a01-46f0-8e5c-912762c221f4,2023/2024,First,October,False
95537a84-ec2e-4ee7-bc22-a309841d7263,2023/2024,First,November,False
c8524827-7fce-4f55-8306-eb84f56cc273,2024/2025,First,March,False
41579b84-4b82-49b7-910c-f5f8fd9d4f24,2023/2024,Second,January,False
42179750-ff96-4683-ab87-a8cdc9b27676,2023/2024,Second,January,False
34b25a3c-e56b-4c33-8cf7-6e50a6844b4e,2023/2024,First,February,True
c164e9f7-7e56-457f-bc62-7a49afd16694,2023/2024,First,January,False
0a6bd129-5fff-4d9d-884e-11db594a6154,2024/2025,Second,April,True
f168f474-dd08-4fc5-b65f-1ce312fef8df,2023/2024,Second,January,False
cac00af7-9eab-4b16-bdae-4c1c6543ac72,2024/2025,First,March,True
073d572a-f1d8-4426-9193-3be72c0b7d89,2023/2024,Second,January,False
4caa8f45-cdee-47d9-9316-1a7d18a1cc13,2024/2025,First,April,False
3a038dd2-97cb-431a-9c23-fe603b8cccc1,2023/2024,Second,March,True
2c045af8-64a6-4489-a212-157c21915f1b,2023/2024,Second,October,False
e749e04c-4802-4388-9b37-6842d6fe7322,2023/2024,Second,February,True
8a14ec48-7411-4f75-9982-ad43ca0b2ebe,2023/2024,First,July,False
c1dbe0f9-dc21-43a9-8b0c-abd02749bb0d,2024/2025,First,August,False
470c23c5-ca76-42dd-bf5a-6ef14cd0a269,2023/2024,First,November,False
518f6f23-0807-443f-bfed-64ec7548b2a5,2024/2025,First,March,True
7cca8fbf-3e3c-421a-8cff-d0e00715934a,2024/2025,Second,September,True
ca3ac130-8215-4f2d-bdd4-3208169e08fe,2023/2024,First,April,False
ca86db9b-92d7-4d94-99da-505976d96f48,2024/2025,First,February,False
45a8cd4c-e733-455b-9f9f-3b2d053a6303,2024/2025,Second,July,True
369f3577-9f87-4ee2-ad34-bad53887e63f,2024/2025,First,October,False
940774fc-9984-42a2-b4dc-26cf31c62588,2023/2024,Second,July,False
5ffd265c-0d81-4e91-9517-25c2671cad6d,2024/2025,First,November,True
09084772-43ca-4325-b10c-274517b189a3,2023/2024,First,July,True
ac8ab971-fab4-4bd3-9ab0-995e610bbff7,2023/2024,Second,March,False
527999e8-1c7d-47bb-a80e-76d7133e471b,2023/2024,Second,April,True
181a475b-ddca-4be8-9dc5-7c0c32b417e6,2024/2025,First,August,True
c44fc955-ee19-4179-aa3f-a2a11220d31e,2023/2024,Second,March,False
43a1fce1-84ba-4211-ac70-9f617f944f34,2023/2024,First,September,True
d8c0569e-e213-4918-ad1f-103e7c69615c,2024/2025,First,July,True
a1264eea-6d7a-4088-91de-5175acc3834a,2023/2024,Second,April,False
46e59017-5fa5-46bf-b773-e04e36b69cd2,2023/2024,First,December,True
d40e1aed-67aa-4e9b-bcf7-5855e56b08a2,2023/2024,Second,January,False
c1b5b01f-a2c3-44b2-bbe8-ed054600b2a0,2024/2025,First,August,True
fc4f9967-4a39-4f1f-845d-3a17013b96fe,2023/2024,First,July,False
881c3007-fbb6-4409-a4cc-2e69b95b5931,2023/2024,First,July,False
6687c326-81ab-41c8-8cdf-30545c6e1b9a,2024/2025,First,November,True
773f1235-4081-4308-8d1f-9211299c4445,2024/2025,First,March,True
fcfc3beb-f249-4eb7-ab8a-79094ee1013f,2023/2024,First,March,False
e04eeded-40fb-4672-9358-b79bb0c7c3f4,2024/2025,First,August,True
a88b10f3-7903-4641-8ff1-5a35fe729c4e,2023/2024,First,August,False
8a999f79-3ab7-44ff-80fd-cda136e36f40,2024/2025,First,March,False
753d136c-428e-4d24-ad48-e44f6204e00b,2024/2025,First,September,False
81ea3e24-d95b-491a-9b14-a1cfab48440f,2024/2025,Second,May,True
d26e24e0-2eb7-4e4f-8ed7-bb6b2ab264d6,2023/2024,First,December,False
5dd2266e-6454-432d-9330-7d82d738bd8e,2023/2024,Second,January,True
742d9980-7ba4-4bb5-ac7b-47ee16f45ec3,2024/2025,Second,April,True
1b86db41-e4a6-4812-93c2-b47d9c6c8ed1,2023/2024,Second,January,False
42e9cacc-06a9-4c30-a7a9-2db3fffa4be1,2024/2025,Second,October,False
6fb9c432-13b8-4221-bfc9-bbba963462f6,2024/2025,Second,June,False
7016486e-c2a9-4cb7-a41d-dce3b6ff0eb2,2023/2024,Second,July,True
afd95b64-662b-4cba-8a37-b2e56782748a,2023/2024,Second,September,True
298b9316-c7ef-411b-a96a-64211189d578,2024/2025,First,February,False
787ac727-00df-4a36-a9c9-6ca91f78ffea,2024/2025,First,June,True
9d711260-d211-4d42-9f65-4b203d5c0746,2023/2024,First,December,True
0a5eb40c-3547-4835-a5e3-cc2bb9c3df52,2023/2024,Second,March,True
ef222f69-1fe1-45b9-b59d-aafd2b466c2c,2024/2025,First,July,False
0d70f2d4-98e8-44e6-ae62-b85c7f70530d,2024/2025,Second,April,True
6385841f-6ce3-45dd-b3fe-7d3244a81672,2023/2024,First,December,False
5538d3f1-402e-4e51-8dbf-260ca2b72fb9,2023/2024,First,April,True
d655c3c6-536d-4bb4-8eaf-d34470807b4c,2023/2024,First,August,False
a3c5baf1-0e85-46e0-8b57-5ce846d55c44,2023/2024,First,April,False
3d3e3d30-f09b-406b-bac9-8f4f7ffc17ea,2024/2025,First,March,True
c7609794-a767-44ea-856a-d5f4df121956,2024/2025,First,February,True
bce3be03-77e4-40d4-b7cf-4bc0da7750ee,2023/2024,Second,May,True
26f3c43f-c3a4-4db3-b9a2-bfa0c51be1ab,2024/2025,First,February,False
af7875ff-8e10-433b-a879-fe28e992da20,2023/2024,First,March,True
3c6d4fe7-d64e-42fb-a347-904dec8acef2,2023/2024,First,March,False
2c64ffe6-6cc3-48ae-be41-8816e9924064,2023/2024,Second,June,False
51faac65-2416-4b19-9432-dcb53e96ba26,2023/2024,Second,October,True
c4df9f8d-3562-4f88-bd46-b414e7671b00,2023/2024,First,January,True
65d23a66-983f-43df-a80a-c2794ef59a79,2023/2024,First,August,False
10f63bfd-23c1-4475-bf07-8a8a274ba36f,2024/2025,First,April,False
eb65e4f0-5b51-4171-98fe-7fabbd63b50d,2023/2024,Second,May,False
a7be0ed5-5233-424f-83c9-acc058bf1ed8,2023/2024,Second,June,False
3c1de5aa-3937-401b-bb09-0e50e0761400,2024/2025,Second,September,False
6d52a00c-380c-4e89-8755-4597ee5ef120,2024/2025,First,January,True
2878a623-23d1-4134-8e19-0fda80ddded8,2024/2025,Second,September,False
c6f81c02-a758-4741-ba4c-0e30b1229179,2024/2025,Second,March,True
2aaabc2e-099f-4630-9532-3836ed60d35a,2024/2025,First,November,False
60ee6ded-56e3-4f8f-9a8b-26df3b599a62,2024/2025,First,April,False
23ce7e86-ff49-40a3-a384-ec19f4724549,2024/2025,First,April,False
838e38e2-ea56-4f74-a8dd-de23cbe85fd5,2023/2024,First,February,False
21002cd5-a918-4adb-9fb3-cb73dcfd318f,2023/2024,First,December,True
7da7d1fb-ad0a-4886-9f1f-3c0e7d72c1e4,2023/2024,First,July,True
6610b94e-ee7c-4006-af7d-03dc706242b1,2024/2025,Second,March,False
dafce681-b9ee-456f-ac80-e1aa87c524bc,2024/2025,First,June,False
5673b45c-0ca8-43f7-b1c8-c3275f7180a6,2024/2025,First,January,False
83fadaa6-4951-4444-a1a6-f3c574bded41,2024/2025,First,March,True
1007554b-c8c9-4176-bdb5-91f2611f8a3e,2024/2025,Second,November,True
61899c4b-9767-423d-8879-90bd0b12d354,2023/2024,First,December,False
ef4ed873-993f-4fa4-99b3-b7bf8e67e1f3,2023/2024,First,April,False
415cb4f5-35cc-4dc8-93c3-8de48490e519,2023/2024,Second,September,False
c94d9969-2602-4fae-bf6c-efa4e434d258,2024/2025,Second,October,False
e50adf0c-9dac-4d53-8486-7ae599c9de07,2023/2024,First,February,True
f0230ea3-5a2d-4fab-b068-1156145afe62,2024/2025,First,December,False
478d009d-1b33-4a3a-b791-591947712dcb,2023/2024,First,May,True
8bf607de-15c8-4e42-be73-093e9238c43b,2024/2025,Second,August,False
1d788800-68ee-4bab-96b5-624476e3a77f,2024/2025,First,June,True
64dc4059-91d5-4ec3-af93-e35deef0947b,2024/2025,First,March,True
536fd0db-b6c1-401c-be50-6cfc8723354a,2024/2025,Second,October,False
a09bc4a9-71f5-40f8-917e-b88875419330,2023/2024,Second,February,False
546a175a-70fc-412d-918e-170a235f89c4,2023/2024,Second,May,False
ce2d0df3-3b07-418a-9173-e4f30dcb8892,2023/2024,First,February,False
0c353347-8740-45d8-8387-e4476237328b,2023/2024,First,September,True
d3f643b8-7496-428c-af2c-2dc2993c2c64,2024/2025,First,September,True
4a0f8fcf-9825-4078-9f1f-3d976acae0fa,2024/2025,First,July,False
181f22fd-625c-4aa4-972e-b1d4c6b70391,2024/2025,Second,February,True
f90904ac-812b-4e81-be1d-7b1061713b90,2023/2024,First,March,False
53840d22-37ab-4f79-8c27-938e48e38c73,2024/2025,First,December,False
2cb697b1-aa57-4c18-b7b5-2b18e962327a,2024/2025,Second,September,False
ebf567b3-ec2b-4d90-a930-ea3e7fc25803,2023/2024,Second,February,False
11ccc36d-690c-46a5-9dea-f82ad121065f,2024/2025,Second,April,True
22064edd-fc6a-4cad-ba78-d065e05b5199,2024/2025,First,November,True
5d58fa10-fc47-49b9-9fa9-f168880aa1ee,2023/2024,First,April,False
fbc7903d-cd90-494e-9ea5-6af68535e19d,2023/2024,First,October,False
5362d77b-9156-4bbb-a5ad-ed796dd58271,2024/2025,First,July,True
96c61ab2-9c52-4f42-bdf2-89c54e88f37a,2023/2024,First,February,False
e122b8ab-18a9-4935-837e-2ecdd6ceaf28,2024/2025,Second,July,True
d9a0d404-1496-486c-a21b-895e5b87ef0f,2023/2024,Second,October,False
99bb45c6-4549-450c-ba1f-01d5811987e9,2024/2025,First,October,False
556797a1-adf7-4117-b37c-bba99fa048c1,2024/2025,First,July,False
bc925fb3-dedd-4201-b955-db3ce713aa5e,2024/2025,First,July,True
f4267426-42e0-4b1d-9460-665cd83a38a7,2023/2024,Second,August,False
b33ce89e-d800-4716-84b0-dc6d5a2b3c03,2023/2024,Second,September,False
48028250-54de-4c64-adb2-cb2ca1917610,2023/2024,First,August,True
3af11c92-47d7-451b-b304-d970ca89851b,2024/2025,First,April,False
c27ccdbf-916e-463c-9256-635bbcc054cc,2024/2025,First,August,True
ac73a487-7196-4adb-8069-856b2f953188,2023/2024,Second,July,True
6f3af207-a8bf-436f-af5a-88ecfd89fb3f,2023/2024,First,October,True
579bfbf2-b905-4c5e-bcd0-fcbe37a1a4ac,2023/2024,Second,February,False
c4c20e9e-f9d8-4635-9996-5a7769aebd4d,2024/2025,First,June,True
c8a18cc2-b27b-4ea7-ba7d-bbee50c4ac4f,2023/2024,Second,August,False
df7c518d-1695-4da5-8eab-1a6a9b504187,2023/2024,Second,November,False
f11b44b1-669c-4b5b-b479-d5836f1ebc02,2023/2024,Second,April,True
85a16f68-e758-4097-aa9a-0f09f6be380d,2023/2024,Second,September,True
5ecd02f7-7d91-483e-8db4-0845685affae,2023/2024,First,August,True
a71c2c89-39d4-4274-b318-5f135d6719c8,2023/2024,Second,November,True
3d299676-2af2-46f1-bd3c-34808e240d2f,2023/2024,First,November,True
10205f9a-4f59-4d6d-af3d-0db76441b2c4,2023/2024,Second,December,False
9a6bc55e-a28f-4c2f-98c1-ea20d0e089c9,2023/2024,First,December,True
f27ac1e1-ca96-4f14-a3c1-2c8bf9c36fce,2024/2025,Second,December,False
55a426b2-169e-4398-8852-4912ed95e7c6,2024/2025,First,March,False
0672e362-73fd-478a-ba1e-3e9221dce1d6,2024/2025,Second,May,False
9018ad4b-fbf2-400a-bbba-51a72ff37f84,2023/2024,First,February,True
216d158d-a827-4140-91fa-8b906dd3d37a,2023/2024,Second,March,True
924da9cb-89dc-4378-9f31-2b3e97ef0e79,2024/2025,First,January,True
3e44de18-9603-4c4f-a130-239818c38558,2024/2025,Second,July,True
a7e24b03-435f-41d5-b788-8414a648811a,2023/2024,First,November,True
9ccc6ef7-86db-4925-9aae-26da3c517024,2024/2025,First,January,True
0d5f6a11-a9d5-4387-b636-be579a0b7281,2024/2025,First,November,True
cec242d7-4499-4670-8342-d7d9b113ad7b,2023/2024,First,June,True
46e9fa76-7712-439b-a7b3-1a54c841bf93,2023/2024,Second,July,False
ca50ca0c-34ee-45fa-95c7-81df73d27722,2024/2025,First,November,True
03bba70c-a9d1-4f6f-a613-6b780ad1d90c,2023/2024,Second,March,False
7c077024-3748-45e4-b395-8d8e98497744,2023/2024,Second,September,False
73d7b59b-bdef-4b25-82d7-08b10c994a6a,2024/2025,First,October,False
53057629-3042-4706-823d-727f3a08eb57,2024/2025,Second,September,True
81fae09f-53a3-41c7-9f74-f627a63be5bb,2023/2024,Second,June,False
17ecda65-6ec6-4480-be8d-b986650b0277,2023/2024,Second,August,False
9e7c70ea-2122-4ef9-9121-623497291a57,2023/2024,Second,June,True
6bb056f2-4bfc-4336-ab81-152bad43dc0d,2023/2024,First,July,False
52b7124a-b554-42ab-be1d-9993edb0cade,2024/2025,Second,September,True
eb2fa281-c621-4ba6-ac51-99e7876cb1d4,2023/2024,First,November,True
e5b6a1b1-f4db-4237-8224-d373e1cc92eb,2024/2025,First,July,True
a237a00e-abf9-497b-9d92-58242f6665df,2023/2024,First,April,True
86f3f593-0ed1-4996-b30b-44fbc42c3543,2023/2024,First,February,True
5e8d19f8-8eed-49cf-af46-a38868327ed3,2023/2024,Second,August,True
8449e223-ed5b-4fc0-b087-48ae03339f5b,2023/2024,First,August,True
14d0aaf9-a6af-4fd0-b2fb-3ffb1c56eaa9,2023/2024,First,April,True
3d9fe2e8-9c3c-4420-b8cc-b577610a0786,2023/2024,Second,September,True
bf0921e2-92b7-4295-8386-e27bc001582e,2023/2024,First,June,True
0c4d3a8d-5af2-49e9-87af-be782528b54f,2023/2024,First,January,True
e868f86e-0c7a-4bac-a145-9f48aa8cea9c,2024/2025,First,June,True
8cec30c0-a8c1-42a1-95c4-e6abf166999b,2023/2024,Second,November,True
dfe99776-aa7b-4950-944a-5a5546d552f7,2023/2024,Second,March,False
4998d560-8a77-4b1e-9183-6f9e6ae6244e,2023/2024,First,December,True
44cca43f-4968-4c02-a4a3-b673cd89fc07,2023/2024,First,February,True
e0d5e68f-7580-4aa0-b1b4-25fa977f3752,2023/2024,Second,May,True
4fd126ee-7236-400e-8da3-660b48ba1a33,2024/2025,First,October,True
77cc8698-8ed4-4839-9967-502fd6fdcfc9,2024/2025,First,March,False
d8ccf2de-7847-4b25-9307-ff25924082f6,2023/2024,First,August,True
446a7e20-4f0a-44b3-893f-58729cd65505,2023/2024,Second,August,True
3a47d1e6-0744-4414-8089-eef7b9772c16,2023/2024,First,June,False
07c8e71b-d01c-4494-94a0-f2e78d28cc5c,2023/2024,First,November,False
8f684637-74ca-4af3-87d0-a8c030bc7885,2024/2025,Second,November,True
788b57ec-9af8-4ab4-a0cf-6e95df640a10,2024/2025,First,April,True
ccd33ffd-4761-4b25-bac7-d9a5b739c4a0,2023/2024,Second,January,True
f1aa0d33-b500-4267-82a8-6453ed675f64,2024/2025,First,May,False
51c116dc-be80-4d4a-8aa5-25d75451e500,2024/2025,First,March,False
afe2eb4b-6393-48bf-a792-bbfcafcd80fd,2024/2025,First,November,False
43005a2d-e504-4bd8-9771-7df2a38f42e3,2023/2024,First,July,True
29cb3f50-7f36-4dc1-9303-d710d98e786a,2024/2025,Second,November,True
915ae8cf-dae5-42d6-85b8-cfcb7767ebcb,2024/2025,Second,January,False
a7423133-cb98-429c-925a-843240a7e734,2024/2025,First,April,True
f0e82d43-40f3-42d8-a02d-120f87e78c92,2024/2025,First,March,False
4f0995ed-a68c-4b63-8502-c280d84f34b8,2023/2024,First,September,False
855604ca-4207-44e0-a0af-f801e64b645c,2023/2024,First,June,False
4960ff01-bf72-41b5-8b01-afb3c694ae14,2023/2024,Second,January,True
54bd7678-fec4-476e-8ba8-4a6533f78d15,2024/2025,Second,March,False
219c59b6-2514-4030-813e-5801739cff31,2024/2025,First,February,False
29cff11e-8413-4675-9654-83629aed1a02,2023/2024,Second,October,True
be5e27bb-415c-4fcb-9b2c-a5d7f245f6c3,2024/2025,Second,October,False
1807318e-8854-44be-bf80-b2bbe559e7e8,2024/2025,First,September,True
faf4dd01-6fc3-46c8-8835-cd99422f6fc9,2023/2024,Second,January,False
103c1eae-269e-4478-8010-28e0b929bf2e,2023/2024,Second,March,False
8c9716ac-7555-4c93-b2a2-afd049c0ae68,2023/2024,First,February,True
ca19ed78-6efc-46bd-b517-0f5c833a67c4,2023/2024,Second,August,False
f32e5d8c-9264-46c4-9c99-923d9309acf9,2023/2024,First,October,True
ccec6d7c-4f7a-4af4-9af0-c3c19e08c485,2024/2025,Second,August,False
7130e7f9-cded-46e3-b04c-c9f25b920819,2023/2024,First,September,False
55b4faeb-ebd8-4718-b8f7-7ee7e32b3187,2023/2024,First,March,False
025e34c1-da76-4136-ab5e-055bcdc21bfb,2024/2025,First,March,True
caf1cd67-25ac-4634-939b-9d0db1417d6e,2023/2024,Second,August,False
4403a42e-4a29-46f2-a764-d3992682d7de,2023/2024,Second,December,False
3a8273bf-61d1-486f-bbbd-0ad73f3d1ef3,2023/2024,Second,March,False
9a829fe8-d6fc-4d64-8190-737859dfd288,2024/2025,Second,March,True
92788a7d-d57d-4403-b3be-c81b2adcf230,2024/2025,Second,February,True
6e95cbc1-794f-4fef-b60d-1376f3584cc0,2024/2025,Second,June,True
0ded84d2-acfa-45c5-8f41-4cd5c654a7c9,2023/2024,Second,May,False
6358190f-da87-4f9a-8cbb-531bd99b9877,2024/2025,Second,August,False
0653b95a-69c4-4185-8510-cc7c2d119bb3,2023/2024,Second,July,False
88c8a5db-a5c8-4ed0-866f-a6cec7d397d5,2023/2024,First,July,True
c24d260a-717e-4d24-9e93-43773d5a9803,2024/2025,First,January,True
7fed0339-329e-483d-beb2-2ac802a1cf72,2024/2025,Second,February,False
70b68524-237a-4936-a382-231be2172955,2024/2025,Second,May,True
ed630dd6-3333-42fe-a935-f909c02be7a5,2024/2025,Second,September,True
769fc3d1-85b6-4463-ab24-e1d1ecb7904f,2023/2024,First,August,False
73f40034-22c2-4c9c-9ae4-ee94390a96b8,2023/2024,First,April,True
c436dcfc-c2aa-4abb-b21a-8060f2baf835,2024/2025,Second,June,True
70deb577-14bd-43c4-9ebd-d1bafd505356,2024/2025,First,October,False
90390f21-8fea-421d-9e3c-610d389635e3,2023/2024,First,October,False
6a44bffb-631f-4ba7-97a5-f6aa818e6eed,2023/2024,Second,July,False
ddaafbab-00c1-43dd-9d98-7c68edafd893,2023/2024,First,November,True
1416c58f-7aa8-4342-aaad-c221cb8889f8,2024/2025,Second,September,False
bb280074-2f7c-49e1-b2ba-f1930589c5ac,2024/2025,Second,December,False
1de82b1e-8471-41ff-b72b-a0a47554c643,2024/2025,Second,May,True
b6e77770-c7c4-433c-8e8c-a5c77ef9198c,2023/2024,First,January,True
d5cbd857-48e2-4a79-8101-fcc98be4762c,2023/2024,Second,August,False
4283659d-7706-4db0-b468-8c19bf82fed9,2023/2024,Second,April,False
85c3d614-ae34-40c9-8bf0-d01fcd2f854e,2023/2024,Second,October,False
2bad6809-9500-4d81-96db-8ae51d742cb3,2023/2024,Second,November,True
7685893e-b3c8-4901-ae81-d9a7b0098843,2023/2024,First,June,True
d5687a5d-1dab-4166-8034-a22a1dd3b8f8,2023/2024,First,October,False
70027238-0b3c-4963-a967-afdb4f56f8dc,2023/2024,First,November,True
af638d55-c1c4-47ff-9c19-6a4ce148f50b,2023/2024,First,October,False
849c7731-9c3b-4f89-a8ed-a90bc059aa66,2023/2024,First,August,True
68bd7f70-2562-4eca-908d-66b14da5a913,2024/2025,First,July,True
2f38a851-9584-45ba-826e-79eedf7aef61,2024/2025,First,June,True
c660051a-2aa0-4402-9920-24bff49132bd,2024/2025,Second,August,True
670a28e7-08d5-4684-b5f7-e1770e018c5f,2023/2024,Second,May,False
51842fe7-5f53-48de-a6d4-eb121efa44d7,2023/2024,First,March,False
79c6d931-2c06-4743-b09a-819f4b1482ae,2024/2025,First,November,True
9b820ddb-a0da-4eff-98da-c156c706dc19,2024/2025,Second,May,False
ad696e6b-4475-42fa-aed0-25c09c4bb13d,2024/2025,First,November,True
d874cf09-f1f9-43df-8ac7-b308d974f245,2024/2025,Second,July,False
a9ee70cb-742e-4334-8646-a0f3bf056eee,2024/2025,Second,September,False
fcdfa480-81f7-443d-ab0a-342828a996ea,2024/2025,First,September,False
07cf3c86-6c7b-471d-b830-17bd08ea0496,2024/2025,Second,January,True
18199f3c-ba43-4faf-90a9-2593d1550398,2024/2025,Second,December,True
942b5421-d527-490f-9d51-1cd352a186bf,2024/2025,Second,May,True
45f4d7c9-2e63-42cb-b9c8-e5996c4cde35,2023/2024,First,October,True
487a7fa8-481a-4e4f-b48f-28f0d147d508,2024/2025,First,September,False
bb7a86ea-8d4d-4a11-949e-d9dfcc7a6f24,2024/2025,Second,August,True
3fe72d37-e138-43d0-9700-c64810063947,2023/2024,First,April,False
c3bd4340-f5b9-4e28-83e1-1782283f5433,2024/2025,Second,June,True
47efdaae-43a0-43d3-8687-3629fa166575,2024/2025,Second,June,False
9caba9f8-cefd-437e-98c4-4c9902bc5237,2024/2025,First,August,True
5f52e04d-99ca-4d6a-9f89-027a635b30e4,2024/2025,First,March,False
89724120-140f-4d10-bae4-3371f4068505,2024/2025,Second,August,False
a90af935-b24a-42b1-95a4-8fa255f5823a,2024/2025,First,September,True
c4dcf941-cdfc-4b98-8183-2e8e11de8c2d,2024/2025,Second,July,True
9b074f22-62bc-4695-a9d5-c150734ffaa7,2023/2024,Second,November,False
29b54c50-1b2c-4da4-aa50-6b6d0e4e55f8,2023/2024,First,February,False
40af9321-a6d9-44dd-a582-7127ddae9749,2023/2024,Second,July,True
1534e1c5-f77d-4810-8119-7f07332e7106,2024/2025,First,June,True
7f2bafc3-91d4-4dd9-9915-3a0aa9b5e5ce,2024/2025,Second,December,True
6d0a2975-d084-4ce6-bf4d-a9a775eefa7d,2024/2025,First,November,False
5e8162bd-db00-4bb9-a796-49cb2ed4ba25,2023/2024,Second,November,True
c4cbd368-79bd-45cc-bab1-05bc9dd1de81,2024/2025,First,July,True
0cb2a4b7-d013-471b-8a5a-261f09e2f928,2024/2025,First,August,False
d7324177-71df-4068-a1dd-5308517b55c0,2024/2025,First,August,True
86f3ce51-f5a8-44b3-b754-0a4249952bdd,2023/2024,Second,January,True
dde5dadd-7b53-4069-8182-dfc08f687c67,2024/2025,First,November,False
f828b276-4035-42fc-9156-3514032aa6cf,2024/2025,Second,July,True
25cc5ddb-7356-4e47-b4be-004212142b4d,2023/2024,Second,January,False
b0dd5f42-9397-4182-96d4-4e139f6699fa,2024/2025,Second,April,False
574e3250-34ab-4cab-b66a-e1ea2776d486,2023/2024,Second,March,True
87dae5fc-ed66-49aa-b4c7-1f21459feb22,2023/2024,First,August,False
edae7ea9-fd98-4a1b-b74e-4bdd21872035,2023/2024,Second,September,False
abad9f03-eb6c-42d2-9b04-85eb848b6ff8,2024/2025,Second,May,False
ea58f047-1a3a-4bc6-90e9-3acbbfdbaa66,2023/2024,First,June,False
a179573b-a68d-4efe-a69f-e7e1af00fedf,2024/2025,First,July,True
384c1dde-799c-46f7-8864-768162cb26ab,2023/2024,Second,February,True
87d2ba01-0807-44a1-96ad-d033b2cad1c9,2024/2025,First,August,True
f28f7b36-904d-473c-ab5c-864368185576,2024/2025,First,February,False
83ab7eef-3b20-4783-a477-21e628ab9f88,2024/2025,Second,April,True
e9008d3b-82aa-436f-b7cd-4023e33c676a,2024/2025,First,August,False
791b8b35-2f49-49be-9d03-09b98155e290,2024/2025,Second,August,True
3509a091-9a26-4228-9d5b-da58f7efaab4,2023/2024,Second,November,False
79e2292d-b0c6-4c7c-aaaa-56e0fd6444bc,2023/2024,First,August,True
30502c82-12aa-4cef-918c-19fbe8282201,2024/2025,First,May,False
7e9be7ca-d450-4748-8e52-d5f2d35e31cd,2023/2024,Second,April,False
617a7ce1-e31d-44bd-a17f-550f8d291fec,2023/2024,First,September,True
71cb990e-41db-4b8a-91ad-29d128c61d09,2023/2024,Second,June,False
69acc872-27c3-415f-8136-db5953148915,2024/2025,Second,September,False
f554ae41-73f3-437e-816c-d3dab3c84496,2024/2025,Second,May,True
17581c0c-222e-4784-9301-256a740883a1,2024/2025,Second,May,True
a97539c0-ee87-4b0b-a9a3-4eabcd6a771c,2023/2024,First,September,False
d4573195-9309-42fd-9b73-1259b8fa8ceb,2023/2024,First,April,False
ff9b2f5b-9765-491b-b56c-97f71e6b9f22,2023/2024,First,January,True
22872ffd-35a9-4234-a141-1e28de0d0b48,2023/2024,First,January,True
33da1082-5ad8-4613-90c2-1bce8754353f,2023/2024,First,September,False
885b68be-ff30-4ae0-ad7f-dda405edd7e2,2024/2025,Second,January,False
8e25b57c-0a6e-4321-9119-ecea853ef42a,2023/2024,Second,May,False
f3d1353f-3b54-4900-a84d-7d15f1eea7f7,2024/2025,First,August,True
7fda44cf-ab7e-437e-b9c5-962718866664,2024/2025,First,August,True
22f1400c-44a1-4053-a243-9ba2dc6bd03f,2023/2024,Second,June,True
42b7f0f4-6cb2-4853-b8ea-d519e8c803ad,2024/2025,Second,February,False
925ac4b3-824d-46c7-8413-4e11fda27642,2024/2025,Second,June,False
a73b4cd6-941b-4782-aca8-75bfe05cd7b9,2023/2024,Second,October,True
827b48e6-6a0e-4034-ac2a-970e981028b7,2023/2024,First,May,True
184ec6b6-1847-429f-957d-f58722f7c242,2023/2024,Second,May,False
2e47c771-d2bd-40f2-9054-d14e4968faac,2024/2025,First,April,False
89c20ef3-e71b-40b0-b4aa-5b631ef44dc4,2024/2025,Second,June,False
7521f55d-2eb0-4c6c-843b-c452e18a58fb,2024/2025,First,January,True
cb8da651-b846-4551-9bf1-a3d839dfb87c,2024/2025,First,June,False
4710cf55-1f57-493d-a2be-fc4a43aeaaf8,2023/2024,Second,November,False
d86bee87-ce8d-4a19-87fd-fedbdf6d2915,2024/2025,Second,December,False
7dd99f9d-1770-4d52-bf29-c028c514836b,2023/2024,First,May,False
cc8f9b0e-e51d-4560-8f47-8e54f9f79356,2023/2024,Second,January,True
650ab156-f891-4daf-b4ac-cf8b52880f24,2023/2024,First,January,False
96737ef3-4a25-4390-9523-053c40b134d3,2024/2025,First,December,True
e70f2353-78fc-4c6d-9cf2-a0552e65c888,2023/2024,First,August,False
329f4c98-ab22-4864-a70d-e8138995cc16,2024/2025,Second,April,False
45b7781e-d2e8-4666-9320-effdc17cc8ec,2023/2024,First,September,False
0a54265f-2a9e-459f-8a5d-05159e203420,2024/2025,First,May,True
4bebe484-121b-45bd-b43e-aff8f164930f,2023/2024,First,May,False
74017586-d424-469e-a33b-3a4bec68e62f,2024/2025,First,May,True
f82ec1ed-12e8-4987-8b28-11977208d3f5,2023/2024,First,December,True
c6a7a4da-ed4b-42bb-96ec-0c85c4e6e079,2024/2025,Second,May,False
8fa28646-24fb-4c91-aa1c-69e3ebd03f7a,2024/2025,Second,April,False
9bed00b2-c514-44ed-bc31-7f06875ae7c3,2024/2025,First,June,True
00f20415-2b82-46a5-a580-09bcfa3b1764,2024/2025,First,June,True
ca4a6cbd-1936-4f70-bfb9-a1bbde0fc39e,2024/2025,Second,October,False
7024e28b-3d47-43e1-9d22-a7e679bbf1cd,2023/2024,First,October,True
c9c58125-5849-4a3c-a42a-551718eee3fc,2023/2024,First,January,True
8fdac25c-b1d8-410f-899e-0388b7bfb734,2024/2025,First,July,True
8c1e6deb-afc8-4bcf-823b-299e5161d454,2023/2024,First,October,False
8de228c7-e024-4c7d-a9c0-ad2c0260a09c,2023/2024,Second,March,False
d62bb6e4-6c85-4783-81f5-ffe0310124f8,2023/2024,Second,June,False
762a19cb-8b48-4754-9f6e-0d75aa8aa1e8,2024/2025,First,July,True
cd28cfcb-d4d5-4a5e-8ce7-385d73babec6,2023/2024,First,August,False
3f7b0635-e3ff-45bd-9e7b-43086f844c04,2023/2024,Second,October,True
adcf4bd9-a7b8-4495-b590-e334e34e4262,2023/2024,First,August,False
96bc4b61-8c2e-403e-b856-301163331a84,2023/2024,Second,October,False
61b8d2c3-3dbf-4656-befe-8e294699ddd9,2024/2025,Second,October,False
20c44aa3-ef54-47da-b99b-29cca7c278f8,2023/2024,First,February,False
57bc2a69-e43a-4fdd-b878-1b2733091caa,2023/2024,Second,April,False
ddf81548-f9ae-4017-a18e-504509dae08f,2023/2024,Second,July,False
b995bad2-3ea2-439a-bd40-5b03b691567a,2023/2024,First,May,False
d5594d1c-c0aa-435e-9225-1edd4767c1bd,2024/2025,First,December,True
77948af2-18cd-4a2d-82b8-6143c5506bf7,2024/2025,First,March,False
106a5a5b-3248-42d0-b0cb-1a5b7be28daf,2024/2025,First,May,True
26807222-973e-4352-8a86-f85ce66f9a25,2023/2024,Second,June,False
8411ddbb-2fa0-4d11-a918-57d19b62ecbf,2024/2025,Second,February,True
8e071cb3-9ab3-422d-9502-38a87a4d2a86,2023/2024,Second,May,False
7291bf0c-97cb-4a7f-8c5f-21c0f0128714,2024/2025,First,March,True
bea6242e-c5ae-4b7e-b70e-c408d0570564,2024/2025,Second,April,True
6f7cad7a-c9b5-4c19-8f06-4e4d30a5f1be,2024/2025,Second,October,False
22db7566-0ea3-4280-8a73-99c1083cffa1,2024/2025,Second,July,True
6d02bad7-8266-48a0-91e1-d07705e1d094,2024/2025,Second,June,False
7dbb3266-01d8-4c8b-9da0-a8c0841c8e76,2023/2024,First,January,True
6fedb2c1-c103-4d02-a978-54da2e497ff5,2023/2024,First,July,True
a6fccb80-2e13-4ee8-b592-7d70c2dd9180,2023/2024,Second,May,False
7c328203-32fe-4d78-b070-e33339ae57a7,2023/2024,First,April,True
c8d1c84b-0acd-4280-889c-665f8c8201cb,2023/2024,First,September,False
42502e10-98eb-4820-98af-d07ad4e53764,2024/2025,Second,January,True
18d3734c-72fc-4d2c-9364-0780c9101c9f,2024/2025,First,January,False
964d651d-65d4-4351-a7b6-ee487ad84c18,2023/2024,Second,October,False
ab05be80-e728-43e7-8c59-cca51f47b772,2023/2024,Second,September,False
8e50dd48-c427-41c2-9455-7dd0abbba467,2024/2025,First,October,False
b8f28607-8ce6-4ec9-b9bc-c0954cb5432e,2023/2024,First,April,True
27aca978-52b5-4a10-b743-6886e2da7de5,2024/2025,First,February,True
6a0e858c-244f-424b-94e5-a3b7cf6ce3c2,2023/2024,Second,April,True
a680d05b-97a3-4a64-be15-f1cd5a5f762c,2023/2024,First,August,True
352367fc-e1fd-4999-a4b4-6d480cb19909,2023/2024,First,October,False
915a569b-e98e-4e15-be7b-eb4e5f5f4706,2023/2024,Second,February,False
576eeded-457c-43b5-b930-ba2f2412a738,2024/2025,Second,December,False
30128656-b30e-4fb7-a576-d103a440781c,2024/2025,First,May,True
007996b0-9d8e-4d8d-b3f2-e22c3194184c,2023/2024,Second,April,False
2a54aa8a-28b3-45de-b315-735644de5e36,2023/2024,First,November,True
42b323b3-1371-41df-9340-891d08622305,2023/2024,Second,October,True
482a831e-1959-43c4-a860-a1550240cb42,2024/2025,Second,January,True
d5e9d3f3-b841-4871-985a-f0ae67bf95ae,2024/2025,First,December,True
42f38fab-5136-4787-acc9-28cb8ecb0e01,2024/2025,Second,February,False
532cc59e-1689-42c8-b283-95888192fb4f,2023/2024,First,December,False
4bc9ae7b-733e-4b42-9677-825eb3f47747,2023/2024,First,February,False
2645d20c-d456-464f-a5e0-c62faef212bb,2023/2024,First,July,True
ed139545-9fab-462a-bbdc-27b0149dd7fa,2023/2024,Second,September,True
0c72c060-1673-4369-9c81-e24fea521ae4,2024/2025,Second,December,False
b70828de-014e-46ec-8866-6c88b5542e21,2024/2025,First,September,False
131dc6d8-f965-411f-9d01-536e5036fcc3,2023/2024,Second,June,False
