community_key,parental_involvement,community_support
8652deac-035d-4567-af25-21a3916ee473,False,True
562153dc-55dd-415e-a82e-a11a2976013b,False,True
bfd4b443-b3e1-4f6a-8c80-3c88220866ea,False,True
20073b55-7930-49de-b882-9047e6ff4b2c,False,False
1036fcf3-3608-427c-b30d-ecc2aa9a9ce4,True,False
f6aaa5a6-901f-4735-80ad-7f172af6b5e2,False,False
18ef1d80-b8ed-4f4b-a045-943b991e9659,True,False
726993a8-8736-4269-977e-1e37152f7e58,False,False
739ba43f-2273-42ba-aa2e-76519ac0cba4,True,True
5b97100a-e8d7-4a0f-ba96-4227c61cdad5,True,True
4687da79-0fec-4e4f-aca0-b91272cec172,True,True
f972b012-3079-4ed5-a8da-ae5f55c2889b,False,True
72ddf754-3dae-4d78-bf08-a8c3d575fb8d,False,False
71433e47-a859-43d2-a11d-54183b0264dc,False,True
b3f08d5e-891b-4d2b-9d1b-f52cd4073304,True,True
c5a0fe67-4f3f-4f3d-bae0-15530dfbbdf7,False,False
25bd253d-cbb5-40bc-9ee3-a6a93b059c6b,True,False
7d96bf84-4dbd-45f5-b7b4-b7e3a3a79eff,False,False
b1b18ea2-3995-4ee2-b950-14ad4ae887ff,False,False
7a2e27c5-f779-435b-9150-2ae85ebf1f4f,False,True
940a0281-b3bb-4d81-a4b6-3bd24c2b655d,True,False
e4a2a255-6f37-4781-b3d4-0e2865ef46d8,False,False
c46f3e6d-ca20-4395-884a-653e9315d882,True,False
de189d0b-112b-4874-b5e1-a4e4a70156c2,True,True
ec2117e1-78e1-4635-adf4-c306008ea65a,False,False
78da1288-30d2-4779-873b-a3ffcfd96cd9,True,True
3c702c3e-81f5-4516-9fd2-53916536505d,False,False
96424189-cf68-490d-a8b9-820e29a0071a,True,False
af6c9397-264d-47c2-b299-d33c3a5d8b43,True,True
011cfba3-5a57-4b73-9c38-444620a1eeef,False,False
01d8bdcd-7f69-422e-829d-df21d7aa4c3c,False,False
f5e3a5de-68d4-4944-819f-bf0537055a1b,True,False
4ce5b2f0-ded2-4286-b011-ad92c241d694,True,False
7f14780f-a759-4bc0-a0b0-f5ffad385b42,True,True
0b9a4bc4-e85a-452f-afcf-75b1cd1d7aca,False,True
0c571e1e-8d62-4254-b11a-29fd66b8287b,True,False
d2729fd0-f00d-4757-bad2-8c2ee25815c6,False,True
a1a20f46-7225-46bc-9613-93cb16b0d5d9,True,False
fa98c7f7-6060-4fc0-9e03-c585d2e1befc,True,False
47009539-9cc5-40e4-940c-c478797b922c,False,False
acc9509c-b936-45e5-8e4c-33825b02dcd6,False,False
a83a442d-1929-4cd2-b37b-004a80286671,False,True
82de9645-190f-44fe-93c3-a7c6aca37182,True,True
eb28f995-46a7-45b9-b01b-441d2ef708f7,True,True
dcd940d6-90ee-4b05-86e9-454cfe0fc867,True,True
2b23b671-2e4c-4208-ab7a-6c464bf9b83e,False,False
298fac5e-544d-4f95-a601-3f1c8f2ad1aa,False,False
70b31d64-cd5f-4105-ba53-b04516d661eb,True,True
72087391-cdcc-434f-8c6e-076bbafecb9b,False,False
7bba2545-feea-44bf-b75d-3608bdd9b705,True,False
41daaeba-3deb-4d75-b14d-1b956a573bef,False,True
0fcf2165-8ea8-4d88-9eed-4fd081d2b168,False,False
37dcd42b-4191-4f20-ae32-da8ab4b9dfac,False,True
56635dc5-e615-4f92-966c-e373c041137e,True,True
4236919a-460b-4f9b-b724-191a10a6ad92,False,True
12730699-662d-417d-b98d-a7c8549b9749,True,False
03880c21-95b5-4e6f-952b-88a36c8890f0,False,True
98187823-2b2f-486f-9dad-3691e1a44f84,True,True
7824384c-d524-4dbc-b2b8-07b432506901,False,False
eb60f359-95da-4359-a2fa-867bd4b3f813,False,False
d9f6b4f0-c8df-4c9f-a8f9-f15833d6e4ad,False,True
84a915e0-fa88-497c-9430-5e2c390d54df,True,False
7add64be-5773-494c-82cc-f116c171f9ab,True,True
fb06b34f-4343-44e8-b97b-ddda5fc45c0f,True,False
0d4016a8-a79e-4ebf-85e7-7be619dccd9c,True,False
60bdd035-477d-4469-a431-7f6aa310e3a8,True,False
b9bdc866-a938-428d-bc7b-83a463fbb8a2,True,True
5b6f3007-119e-404b-addb-48d0de9cdd84,False,False
64926cae-6a8f-4ab8-a69a-2857b29526c8,False,True
91d82626-8949-4533-8b16-125e9dcae73c,False,True
a069b90f-c766-481c-8873-d08b1674cd91,True,True
1707df71-1240-4917-9517-49cf64851f6b,True,True
80fdb268-2562-4cad-9e34-ffcc30be4bd7,True,False
df10d192-857a-4323-91f5-eb116c71c34e,True,True
c6b7fe9d-9088-4fb5-95c5-254002e4aaab,True,False
648f61c5-9c19-4e9f-b8d1-458813a9a211,False,True
2f61155e-2a8a-46e5-b038-44d4d6a47f29,True,True
58cfd71a-5466-4070-9e0c-bb002ad51245,False,True
7eed3572-7783-4f24-9936-97623f57ad32,True,False
b2a91db3-5910-426c-b72c-d6bc264d074b,True,False
8f8955c6-8d9f-4a98-8eb6-47a0fb04aff3,False,False
bd52ae2d-ab0e-4fd4-914b-9205a4c51bd2,True,True
ee9d033f-ea95-4f24-ad30-f4701fcf4e53,False,False
8aadc7f9-9017-4aff-8927-fa6340d197de,False,True
fb858eca-a617-4b82-ab1a-a4f086824a97,True,False
335ac645-cfc9-4a29-8972-9b5e1936c34f,False,True
484bb4d0-0c27-4bb3-bb07-278ff41d2977,True,True
c25825ff-7944-47b0-a621-40fbbf6b5bbd,True,True
164bd05f-e01f-4241-8552-c259f9ae5d66,False,False
35ad4e62-66f3-495c-afbf-84c877f6144f,True,False
05ec51ce-3bca-43fe-9ff6-ca4b71dda0fd,True,False
1b004d83-1f4f-4663-8d62-177cd7099a81,True,True
f21f4d9b-c12d-4336-9df5-6316aaf9db52,False,True
77e4d82e-b9da-42ea-a5f0-f6becc44a58d,True,False
d00d330a-ec5f-4705-8923-296ce8fee439,False,True
60dafdc7-af24-45e0-8635-84eee265dcae,True,False
8fac6a2e-a15f-4027-b11b-64425bee78fd,False,True
00d9ab40-617b-4d8c-bc01-9576ff6f0186,True,False
383b973c-3d5b-44bf-848c-91e6a5ae701e,False,False
7e272211-2911-4a20-8c30-b47f2e034b90,True,True
229c3058-a95e-41c6-ab1e-74056d38928c,False,True
0feb6785-8d5e-4415-b611-ac41040eb7b2,False,True
810dfc9f-8a51-41f8-bfb1-6e754da2501b,False,False
118c7c6f-a8c0-4d8a-a096-91deac4e9761,True,True
0fde735b-b498-452e-88c7-da456cad7c8a,True,False
769634ff-7380-4a6e-b89f-81c201765e40,True,True
f8fe5d98-cac4-48ce-87ba-2d31960e042e,True,False
14ed69af-1abc-4dae-928a-74f3481c760f,True,True
610706fb-ca2a-4ef0-88d8-ebbad97daaf5,True,True
f0788f36-8283-418e-b85d-9905a7ff9dda,True,False
ee10886b-27fc-4312-99e1-045991206bfe,False,True
f0cf435b-5f21-44d3-ba96-19d28f025d30,False,False
a838d9ce-2bf6-42ec-ba6f-cc659431bd01,True,False
be867526-fccd-4b34-a851-391aca81945e,True,True
72418b12-2654-4f7e-b9e2-d86b4cabf894,True,True
b1911f0c-d23c-4d0e-9e5f-f8917563c73d,True,True
47e98b08-2277-4eca-9697-3cf2e13919c7,True,False
19914fcb-6939-4e77-88f6-ae8fde9eba1c,True,False
04b46db2-8fe1-4d85-af32-eb1c99755258,False,False
88196277-41c5-4581-ae36-66e77b2bdc05,False,True
8214a553-e35a-44c2-8e8f-075bc28b4089,False,False
91a841ae-08f5-4a80-b106-00bd20ab82a0,True,False
609726ee-5f8e-4997-ac1b-a6487cc4f0b0,False,False
447a7ea0-f963-4111-be33-4eab137249d4,False,True
b66e53cf-a67b-40a2-8742-90d034e299ab,False,True
7177ab2c-615e-45c5-925a-1f85f92c1053,False,True
2e6065b8-8f23-42dc-a521-f20c9e4f5597,False,False
6d2d4969-1a6e-4895-9c43-5423e402a574,True,False
77c42a61-6a3e-464b-9aee-5bb33d0f8dd5,True,True
fb08a25c-74e4-4a8e-a388-14d21ec2c7cc,False,False
87b41c03-63f0-4c45-8db6-5e019735f29d,True,False
620971d7-466c-43a7-bb1e-0c02913dc6aa,False,True
991d8290-9d2e-4a25-9744-5c5dacb6b0c0,False,True
a514b551-b96d-499a-9a94-038addb474ac,True,False
2ca7b325-ae19-4fe8-9187-5f94a798a429,True,True
1fef05b2-8e4a-4205-9cb9-93d2807d38fb,True,True
e9ef8dc9-3173-4163-846f-a43687035fdc,True,False
7b6558d1-51cb-476d-938a-0e781ed6fee4,True,False
7beddc07-c5c3-4dc0-8e61-41cca850fe07,False,True
bbd3c6e4-ba63-48fe-9acb-c33c7b78a8e1,False,False
bf511b46-43a8-4bae-a6b7-dd8bac35e2d8,True,True
116e6c10-645c-468e-9c56-cc5527e16ff6,False,True
badaadcb-2185-4063-9a5b-674535c4326c,False,False
a09254a2-d16a-4c82-b782-111b714c6710,False,False
9ee0d1cf-fa0e-45d5-acf3-9e2a004b1667,False,False
3b5f8118-2ec5-4f72-9e04-5619accc36cd,True,True
f09242ec-781c-42b4-a608-3cba1d833486,False,False
01710edd-0495-447a-a77f-3fd15ebc1e87,False,False
da6d2000-e6b3-48f7-b57f-f98366b248db,True,True
f16c68c3-719b-4171-aae4-ba577a222fca,True,True
38d19964-071d-498a-8a68-cd5d0ae29fb7,False,False
6cd15dda-c0d7-463d-b615-5ef041de326b,False,False
6d0aad80-06cb-4f1c-bd46-609d4d6e4c0e,True,True
0a93ff84-2fe2-4505-9e04-8bc8b9a81ba3,True,False
815a178a-4fae-4e0c-8358-d0177070c91f,False,True
0aef04a8-5600-48fb-acd0-3f26e2036a2e,True,True
388913d9-9bf2-45b3-8d12-5a86852409e6,True,False
bb44fbdb-a662-4140-8985-20f765b3b829,False,False
00576dc5-91ad-4726-9797-9a7d9c48436c,True,False
602cf8bb-b200-4b05-9bf1-5f571757fd86,True,False
505dc45c-4edf-4d33-b5ee-ffe1ac52fa98,True,False
f023af4b-3177-47f7-adf8-d51947bb8e69,False,True
d0fbf801-6b4e-40e8-8da6-581054b8cfa3,False,True
78b3a512-5ae4-40e8-9d4f-cc46940d8863,False,True
34c8712e-757a-470c-92d9-22c2e950bc87,True,True
74aa8e32-ef60-4f5d-ab8c-40a39068b593,False,False
32f83f4a-2171-4d93-b2f6-e04d1088970e,False,True
7b3ff5aa-e199-46a8-808d-ddbfea921263,True,True
c115fdbf-60e5-473d-b5ae-7139366f4671,True,False
4d0c6d45-a76f-456b-8abd-3c73583d8a7d,True,True
0e1beb29-7e6f-4d7f-b738-c9d703a1078e,True,True
524bb972-d29c-42f4-ba2a-52eebbb5b133,False,False
6c27db47-64b0-48f9-847a-754431fec10d,False,True
3f31d951-b798-4fad-ab24-73ba3d32efb6,False,False
7100469a-1fe8-4ae4-89d7-c7c22abe9835,True,True
89c456b4-00bc-45fd-a5c6-8e1141f8ce29,True,False
dda36ee4-98db-460d-bbee-b9c8cf0ba0f0,False,False
a0b87e39-d3bd-4d92-ab28-175816f69e5a,False,False
3039a788-b968-4031-8b9b-fab5aaec9ab0,True,False
7846f35b-8ea0-4492-b41e-d92a3ebc5f7a,False,True
61f0ac68-031c-47e8-bb86-26f198ff5672,True,True
5f80f7a7-2ef4-429d-9a35-d35e3e50a9c7,False,False
b7c45d01-991a-4a04-9f67-899aeb865bcb,True,False
a8315608-96c4-4fd1-a3ae-1baa95850e2f,True,False
85551d98-f437-494d-af8f-7655fdc8c8b7,False,True
bcc2d911-b9bd-478d-89d4-8d7ade442741,False,False
9cca5373-7b54-4e9a-90da-b3294ee8ae1d,False,False
054d8920-170b-4d13-b4a6-67785dfe9a62,True,False
dc3d2563-e8f5-4bef-b91c-739ad05d1f99,False,False
b456e043-90f9-4749-90c6-db61c465120e,False,True
86590e6e-556c-4864-9471-a798e1577e8f,True,False
6a8df940-04b3-47c9-91f3-9e35725a0add,False,False
675d9bff-4710-4ddf-a829-743d1db462f8,False,True
de09813b-9c56-4869-b841-baf89d066406,True,True
3959a743-ff94-4562-96b9-178a4c7237b8,True,False
ba574722-d30a-475d-9f9a-72b5623590cf,True,True
01da1dfd-052e-4b6b-a31a-d37a2567505e,True,True
2bd6ca0f-e13f-43dc-bbc2-b02adb55932a,False,False
9de3a8c3-969f-48f4-86d8-d7c36a0c7e2b,True,True
9d3a0a41-1bc2-4a27-90bf-33a73686c2b9,False,True
a2dda656-aa54-473c-92b0-07e550145011,True,True
9b2a85f5-a543-4dce-9ffe-798d4bff2d85,True,False
b19f8ae2-754e-460f-8610-83a5e97f186d,True,True
10e9ce03-198a-4c69-aaa8-cfb40812c427,False,True
070d625e-ee5d-4f0b-90d8-bf714ade6bea,False,False
77c2e500-0407-4f10-afd4-5edb0719a39d,False,True
4782440c-7687-4453-8901-61a6ef4cccf2,True,True
8b82c49d-20cb-40a4-8f51-356a18ed8399,False,True
5dbbdc89-06f8-483e-9300-28569be64b93,True,True
258a19a6-6bf4-4c3f-947d-33151be210f9,False,True
a8ba5ccb-2857-422c-bc67-ff510b50e78b,True,True
abd4c558-1ace-4be2-a74f-e9a7519944e3,False,True
29f385bb-8bc4-4e55-88c3-07c6220b56cf,False,True
8d794619-3cfe-45bd-a6be-7048515dc579,True,False
c8f22b36-0c00-4fdf-b927-1ad42dbf1ded,False,True
4cc3e435-deee-4840-b85c-fb1c64cc991e,False,False
ad9d2f47-1ed5-4f00-b13d-e5bf278ab8dd,True,False
6f0d8838-4694-4ea0-b674-5e49f1c3046e,False,True
6d446d4c-3485-4227-9b4f-dc3a423865bd,True,False
bc81e9cc-35ba-4f5e-9675-f137a6679b2b,False,True
6c892f05-8f1d-4fd3-a50e-989503d9e4fe,True,True
b4560b08-0554-4453-80e5-7bdfd9d08108,False,True
61d6da88-5b57-478d-a7a3-1594ff20270a,False,False
edb75bd5-c329-47dc-858a-5bdb33679de5,False,False
1219f0e0-b48b-467a-aab9-18fb2a493cf7,True,True
fd3292b4-06d6-4e76-be04-27907e91fb41,True,False
f582445d-173c-48cd-87f1-334c074dc661,False,True
916cbe68-7a90-4fff-a3cd-df4eb0cfc2ee,False,True
616cfe5b-2af1-4e82-8349-4fb1632bbb78,False,True
a2843a49-7f27-41d3-a0a6-ce1dcf35ba9d,False,True
d9e8554f-a92d-4859-9fba-3e5805146eca,False,False
28567186-4e79-4ac1-a5a9-d8bff0bcfc71,True,False
fbfc6767-e7e4-40f6-bd47-c3c5f05279b3,False,True
432639f8-77f8-4d0c-bdcb-ddb6cd007e91,True,False
edf9e11a-2759-46b9-897c-faa8a4780074,True,True
5417c733-3f36-41cb-b0ad-36ba055a2f6f,False,True
d9f17f03-7d7c-4e47-82e5-d44cd23f7cdd,False,False
f001a43a-3ec6-427c-8a54-203e13079d2f,False,False
ef60213a-2dd9-4e9a-9f28-5432c1bbc10e,True,True
4de6deb3-243f-44a8-92c9-9770f3e80889,True,True
e6d6cd1d-1c90-4c99-9cd6-e02df46253e7,False,False
7ac47afb-6479-47da-ae5e-9b12fde4c1a9,False,True
d94fef0d-e268-4a4b-bdb9-44f3e156d96b,False,True
fe209f39-e8c5-4ac5-ab8b-4974ad91697c,False,True
0b046e1d-5f28-4a6c-8f16-a239755086aa,False,True
24a69db3-8b14-40cb-b2d8-1ae81def1868,True,False
61fbe91e-b4fd-46c0-9344-3473994c1045,False,True
f4a3bde2-cd89-47b0-b2b6-a9629bbc3dab,False,True
2582e804-da8f-4937-94e1-82cee81f9b3d,True,True
e8fe18d1-31f6-4b27-ac04-c83f7592ab94,False,False
18016e48-1c98-4f0e-8e0f-5b25f7836c85,False,True
7a4a74fc-05ca-4dea-bcab-77e5d4eedd36,False,True
35c37f65-cd5d-4c77-b950-55b2277a6fc7,True,True
766b21c2-d260-4dfe-96b2-c316beac8ebf,True,True
3c74f4a8-1cdc-466c-9077-cd9d2a572dae,False,False
04d192c4-c401-4ed2-a6aa-f1015c3af510,True,True
196397a5-61c4-4c5f-a09e-b32a1054f81b,True,True
eef7a6dd-9864-4310-bcf7-1f8a37d03d00,False,False
062aa959-eba9-4bd6-852b-d1c5d73a0776,False,False
8e885924-2d40-4034-8c28-ef145d21e0a5,True,True
a95ec974-3ec0-4d42-a3f9-00e3cefccdb5,False,True
8b57c81c-a00c-4cec-88ad-e590f9e900bb,False,False
c04227fb-5fc6-4078-b00a-f8aa1b2a7ddc,False,True
baf272ed-cc78-439b-a766-fa3fa5116408,False,False
17789b82-2a47-41fa-92b7-064709106eb9,False,True
e24db821-f415-411b-97c5-972c46d1c939,True,False
e131409f-2950-4d0d-9462-1297088aa713,True,True
f50eef51-1235-4e34-92af-6e15672b92a8,False,True
fb64af2d-b170-44ee-b5a8-943010b0df49,True,False
967bf7f8-f692-47bb-bd04-940c34f3fd20,True,False
4dc3623d-26c8-4d92-a278-38786130ae91,False,True
743af2fa-c178-47fa-960b-94c16285c9b9,False,True
d1fc72cf-9063-4e94-b677-f97726b75c69,False,False
425f8453-8e58-4fd1-a806-15862e465e37,False,False
3fdae115-47b3-403e-8b00-35c4241de259,False,True
3451e643-8994-4eed-9232-8bcbb2bc6cbc,True,True
1487c9af-253b-4c9e-bf70-2332c1aa2570,False,False
c1eeb277-80d9-428c-9b94-36c469c229c7,True,False
70854f48-282c-433f-a9c4-5f3e8d311f8a,False,False
1cfc8485-e9ae-4367-9b95-b9858966dc94,True,False
320b61f4-9193-4c3c-93b4-57633ac9fd2f,True,False
f1557169-e3e8-4698-ac68-e2d9aad335cc,False,True
41b6d324-af62-4432-89e4-21484f073caa,True,True
8b8e3c77-3a67-4d4d-a880-5c8375b330eb,False,False
f17e1131-205d-4c38-90ef-0c3201eda607,True,True
3d10138e-331f-4008-856a-5bad9127ec9c,False,False
78f0d471-d551-4b7d-838e-04886211009b,True,False
86967154-52cb-4469-b2eb-d2c950bdc259,True,True
90bf04a3-7eff-485f-8d8c-6c42136b8981,False,True
bbd33955-d33f-49e7-aea2-e0a7b415be36,True,True
154502f8-d552-49d1-b12e-df28828e66ee,False,False
f2fe63c6-8f7b-4ba0-a859-50f89cb6f8a8,False,True
e7ce052f-7ae6-4ce6-ac36-99156317a031,False,True
191f9dfe-5d2b-4b18-9c8d-cd2e19463be0,True,False
8f4f71b6-c5a2-4fba-844a-0ebf4a680c64,True,False
31e8152b-6bdc-4b86-a379-4ab359794c72,False,False
0a410e15-eb21-48d9-81bb-15c74beff062,False,True
85936836-ca0e-4895-806f-7e0d78f4217c,False,False
752b2c64-5e98-476a-b162-609a1f818e0b,True,True
c3a91744-3dc5-4b3a-8cbb-d5d5957aa1ea,False,False
856313a6-9341-4c4e-b51b-4c9e80ff94cb,True,True
f3b5750e-8f5c-44f2-a257-e1b90afb7fd8,False,True
10638523-56ed-46e3-af67-8e136602a6ac,False,False
e1c08927-75b5-4225-86f4-b326bb27bf89,False,True
996cf398-0105-4782-9a78-76e49c697032,True,True
51a25a40-7a96-4d68-be3d-89d0448fb8d2,False,True
eff07e2a-dcd1-4768-958b-232a3c40081b,True,False
d40474bd-5d2c-4dd2-922d-df931422a7a6,True,True
c89cf90b-6763-4c97-ae12-797d6b6a948a,True,False
743010ba-f406-4505-ade9-3790c7138b6c,False,False
7d2c3be2-9026-4ecf-98ec-28beab588331,False,False
bf0329f0-d543-4a42-accb-35ef39c91fbc,False,True
28b8bf39-c181-4e62-a52a-a9bd2c03c14a,True,True
c220c724-732e-48b5-a7e9-ccc82b282762,True,True
28fea749-8255-4b43-b79a-123f0f1a8d0f,True,False
3c5a1155-a74a-43e2-bf22-06cabb14a1b3,False,False
da3c61e5-7837-4ff0-9fbe-10383c784189,True,False
354d2ddd-ceb2-42f5-9058-d3ed9b05efb3,True,False
b5af3904-67be-4cfe-a12c-35960a7dff59,True,False
490b943d-c6ba-4b57-9cb3-e96981a61ee3,False,True
b252e579-b914-4eab-9ca6-a8cc86efb780,False,False
5c5a25e2-f245-481b-856e-21f6b0e08e52,True,False
bb5a3b9e-ee40-4184-9b1f-bb81d67da30c,False,True
c84a8abc-4408-49ab-9392-f8a7d491068c,True,False
ed650be2-5bdd-484a-b527-29daa61105b9,False,False
3cd4f8e3-e743-4b9c-bee9-27e8b94986ab,False,False
c8e991bd-5acf-45e3-9116-528655df7633,False,False
9b0e08f2-ee6e-4420-b849-ab504ef83e32,True,True
a61c9011-2db0-4372-afa4-6b0cb09a4138,True,True
df7f30a2-33a5-487f-bd89-bb1d85b6bb56,False,True
239e0d95-776c-4b32-8d2a-e8e4997f2ee6,True,False
56dd12d0-0d6a-496f-b176-d6b09a34ef5c,True,True
89035dcc-9e67-4de0-92ed-c47d2e3ce45e,False,True
528dcd65-9db4-4a77-9da0-005021c722ce,False,False
7678e84b-be8d-4ba3-996c-dad338c4a27d,True,True
20f766ea-5b4d-4481-80b1-2327484a79bd,False,False
9bc31944-3de7-4f51-9a62-298217d887ca,False,False
2eaeef3c-bd3f-4cb1-9413-1565f9ae54e5,True,False
c64a397c-841f-4dbe-9f33-abb317f33e90,True,False
3f45129d-00f5-456f-a040-8105e4fc8160,False,False
2ddf986e-a343-4f6a-ae9d-a3d4116ee17f,False,False
ceb85084-dafd-4f50-9df3-369c9c6de1a2,True,False
44314a30-e8d1-48d5-b744-fb504d7466e2,False,False
a7a034a1-a2dc-47c4-b2e2-17929ce9868d,True,True
84b118d0-98fd-4702-b90d-520d885469bd,True,True
630e22a0-2b45-4e30-92ca-e66d6be59bd8,True,False
22eace53-6cff-487f-98dd-d8b7e4a5b6e6,False,True
69cd77a7-e547-4b65-b6ee-45fe33c267b7,True,False
a26a2ef6-00b4-4866-9eb4-c7dcae80a35a,True,True
a666137b-4326-43b5-8094-22dc6b0e6a43,False,False
bc8c05b2-45ac-4343-af80-21d88d96d9df,False,False
c353be34-b576-4c04-a6a5-ec36025db52e,True,False
1c224686-aef1-4dda-8636-5f81c32784ef,True,True
8cab55b5-2e6e-4020-b3fa-f004eb910619,True,False
3153ba5b-5f4a-4ee5-b96b-564fbd7cb59a,False,True
f56b6469-8081-4a2d-9c65-cf4d271810e2,False,True
843515d4-674f-484b-ae15-befe85804766,True,False
a81516c3-b6e3-4d7e-a2ae-b4dec20140af,True,False
99393784-e838-4505-8e51-dfebfcf2e1ff,True,False
754cbc29-3aba-4501-b737-0fefe048323a,False,True
04d92e52-a300-4098-92c0-be333ae49262,False,True
6ad79baa-0238-4e8d-b384-78cb6e340619,True,True
4898c462-decb-4d16-9786-41c3dd6aacae,True,False
78923aea-4381-457e-bffc-61bf49818b37,True,False
0cdca239-74d3-4d35-baf7-b163da8f8136,True,True
9a11c781-f2d7-46c8-b915-9c355f219e2e,True,True
33d9ab6e-e985-40c3-9b9e-7c447e02c888,True,True
c69b0b92-71fa-4edf-a9ae-cff846844b45,True,False
f778db97-22bf-40d3-af69-ab484cc03002,True,False
5c83a2b9-03c9-4cbf-9707-678dd6f790d5,False,True
d9216a5c-d066-4021-93fa-13f2897a359a,False,True
7afeb5a5-42ad-4532-9cc9-b553c2fceec7,True,True
7dcf513d-a848-4d31-a80d-a5f9e42732c0,True,True
a86bdbb9-8e23-4061-855e-f1c019dbb3c4,True,False
b632308b-f499-4f09-a4bd-24430f6a0681,True,False
1c05c6c9-d33e-48ee-9193-c32c04b43b30,True,False
dc107d23-881d-4bd0-8552-06e140c7a943,False,False
1e4288f1-61e0-4e59-90a2-ab2bac3de294,True,False
eb39ad20-5e27-482e-bd05-841d9eca74ec,True,True
0c3805df-ff3e-491f-a24d-e0c0f8d7c056,True,True
bcd684d5-492d-4134-a996-2fa2ea8f79a4,True,False
933f42eb-42cd-4853-9aa5-3181a8a4e76e,True,False
947d713d-4dbf-4cf9-b87c-0f7b27020f2f,False,False
5c17cd3d-79d6-48de-ae11-480fedc93ac4,False,False
d492ec24-e6bc-4dc2-97e3-c12016b2ce1a,False,False
bc4134d2-2fff-4d86-9f19-5ece6f7c889b,False,False
b30683c0-0bca-4a21-a5c1-541199b7ac79,False,True
ad53e6ca-8fb7-493f-beb8-f1d8e535bf1c,True,False
3bc55be1-d3b9-46e1-9206-9c7e3f30482e,False,False
5ef4d1cb-1a4a-4b71-97e1-a66528cc1603,True,True
03594b36-af81-46fa-b9c4-0880a7583901,False,False
3de52038-a1ef-4055-bbf8-aaf39d66aa1f,True,False
84b0283d-5e32-4189-bd60-d6d897f5c6e5,False,False
d5366e09-a84f-4141-9c04-47b02efe110c,True,True
b900808d-4ad9-440e-8593-bc0ea9e7d908,False,False
d6cb1fb6-294a-4460-886d-1cb17a057883,False,False
9d7f7daf-a608-4dd2-9c5f-c88e3a228520,True,False
bb92b9be-6c42-4793-b82a-b6f397c1be5f,True,False
02019605-7816-479e-ab00-45e1ba474ca9,True,True
da243df9-3b5f-4445-97e4-18c109cde2dc,True,False
35bf87dd-ffd0-4fe3-a528-6e313773abf8,True,True
7fab8e6d-0974-4793-9d2d-9d50f2ec7da9,True,False
fdcc2737-fe46-411c-9ebd-6fda07546a38,True,False
631d8379-39f5-4d4a-80e6-29a553f6319e,True,False
b6e49d04-f38a-4c11-9707-aa28cffd7b26,True,False
74d36b7e-d265-4510-b09b-05197433007f,True,False
7bed810e-eefd-495b-8677-21ed14dde427,True,True
73099a49-2e4a-41a8-a9eb-8824df708069,True,False
b1bf8253-bdd9-430b-ae28-59d2f595f9a4,True,True
1d43f9df-7de1-419d-b1b5-1411f976e52d,False,True
1f236b25-a8c0-4e5d-bd5c-a2447ac1c6e3,True,True
4e560d68-b46c-44b8-84d5-c6452226f469,False,True
1f4c5aca-7556-4767-aad1-4493d9220784,False,True
1824f56a-24a3-4a5a-a836-b6af01c5b9fd,False,False
4b555360-2f37-4450-9bd5-8d416434f571,True,False
d6dfa89d-243c-407e-aa45-0a1e74562c5a,True,False
684badb6-291c-4ea9-8ff5-18e5c53b10b5,True,False
b6860d0a-af0d-4ad1-8be3-42f7bbb5a80f,True,True
2d6d1f6a-b75e-40ca-8cdd-936acdefdbcd,True,False
9c26db5c-3e47-4977-9804-3df71ed12d36,True,True
24d495de-00ff-4652-9408-bbcdfbc39051,True,False
3b536276-1c13-4f07-80db-bcfedc7558d8,False,True
a8d5cd18-9fbf-4e30-a1af-a6dd8a0267aa,True,True
4d3b862f-ad0c-40d0-aebe-7ccfac45e3cd,True,False
c0e5b9ad-ba7c-4dc3-91d8-cac9453fd69a,True,True
b12507e7-8ebf-4016-a6c9-86499f81ff19,False,False
075b6ba6-f04d-406b-b2dd-3c9446691918,False,True
1e3ea89d-d48e-4cc0-83a9-42bb1800948a,True,True
ba70530f-135c-470c-8b53-7c871211b07f,True,False
cfc25bf3-66c4-47a3-8d48-cd3509b2c1d5,True,False
048a0db9-d39b-4240-b3e5-92df71fba02e,False,True
f86ff528-f1f8-4351-9203-3473d542f6fe,True,True
05eee162-8b35-4c40-b914-e1c4618ba7b6,False,True
edb1514f-2cdc-486a-8b59-d649c02f16c2,True,False
19b01176-64a9-44bc-a203-1804f229f6f4,False,False
85c6f683-879d-475b-91ee-0a15eacd54ac,False,True
abb9564f-4a28-43aa-9e62-ee95dbd66e72,False,False
8e05d287-e85b-42f3-9c79-9a3ff6a0ff7f,True,True
82cce17e-e719-4bd6-8414-2b41437a187e,False,False
270b2994-e2de-4539-a243-e0e40fcca0ee,False,False
dee55a4c-80a3-4a86-ae44-65981e80db6f,True,True
cdc8392f-f67d-4fc4-be0f-4e9e005956dd,True,False
25d13a7a-25f4-4967-b488-142c6c969f16,False,True
ec7873f3-bd73-46ef-85f3-93f07df7972d,False,False
cf066630-ac30-40fc-b89d-5faef7fa8269,False,True
aad46e09-934d-49cf-9216-5bae96c5d3be,False,False
4d4bd978-8c73-4904-bcd3-29887bcb8746,True,False
534556fc-9f64-4c53-b419-92655e4dec3a,False,False
903693cb-9f14-4db7-a2da-89f6a28ba2a4,True,False
c619d755-912e-429d-b765-754ea4d275eb,False,True
a8672b44-075e-483b-b91d-90521b954fcf,True,False
8bbad0c4-83e0-4bcd-aef0-de3b0d2a06a4,True,True
869063fe-b30e-43e2-88a9-2756a377e307,False,False
017de562-0927-433d-882a-791fcacfe567,True,False
369566fe-d5e8-49cd-a5bc-08425704b03c,False,True
c1d96b40-5f1e-48dd-8097-df9da2223677,False,True
48bf5477-79c8-4d87-b21c-cd598132ae7b,False,True
ca486375-8869-400d-a5f1-d6f407620475,True,False
61e50f45-fa5d-4c86-98a5-86428dde60d1,False,True
7be52bbc-1013-4553-a202-b201bdde0bc5,False,True
e6737bc4-8f66-4cf1-8b8d-60f2c61022b9,True,True
b675f9b6-c992-4ce5-88ba-4c9667a603b2,True,False
85133f8a-2344-4187-919f-307525e5a8ad,False,False
0d59daff-874a-4f99-bbae-1e62f9f928dc,False,False
2812d7a7-a34b-4515-8da5-bd08a2def442,False,True
96210d3b-6e5f-4645-9c0e-98cdb6636e05,True,False
5603c22c-5681-419a-ad65-68e28cf40621,False,False
32fdd014-aa26-4e97-b836-0d651c049198,True,False
ffdd0c9c-95cf-493e-9064-f991c35b6724,False,False
f991a4ba-8cd2-42ef-96d3-ec9b10b6775f,False,True
e7878549-cae0-48a6-9865-1f1b02590225,True,True
8a01f98d-47e5-4c91-a753-f36c41d682a5,True,False
706888a2-9cda-4cb1-a9c6-a1da2ea64ad3,True,True
f5657fe4-f900-4261-a10b-53470616db1d,False,False
54fdc5ec-182d-4dcf-b53e-5cda1b74414b,True,True
1c473f7a-bbdb-4152-a525-46338b26873b,False,True
ff688a4d-20e1-44d6-998d-480bb7b8fceb,False,True
008570d1-0d56-44da-9e37-71deb9ac8cd4,True,True
2b0f52d1-0893-4e2e-a4b1-81bd50ceabe1,True,True
8f508f07-c196-4bed-9845-e097aa71b801,True,True
5a39013f-ad35-4df6-8e3b-3a1d7cc0c5b9,True,False
65c8bd9a-e171-41cc-ab1e-8eb260b37bf9,True,True
a7b39a29-f6f7-4815-b9d0-86c9526df9e4,True,True
6ea372d1-470c-48f1-a6ff-c354e6df774a,False,True
62d10af3-a427-49a7-90f4-5f8755d3af59,True,False
dba49936-58d7-457e-8737-4e5949045139,False,True
617daba5-92c9-4574-a64c-953703db0b83,True,False
0f338189-0f2b-4f21-9fa5-cca33afb77b2,False,False
6db0fce6-60a1-4d89-ade4-9d4b8261c4e9,False,True
a274878a-7859-44b4-9fd5-9d26b0e09c07,True,False
5c532870-3ca6-41fc-bb39-3d6d93d62819,True,False
9e3b2546-0c36-4c69-954a-c8637aebcbc9,True,True
e5be88b8-be4b-4675-80f2-e4cbe5ccbb76,True,True
414a2e75-d7b3-449c-8467-8f5f853aef19,True,True
86e3f371-4a39-488b-aa97-7d5243e8c5a4,False,False
1d76039e-fe2a-4965-bee8-1fa59b8c2fdb,False,True
ffe2ac25-4d4e-4a20-aa2d-4997da276719,False,True
f6644b12-b576-429b-8faf-579864d386c2,True,True
c23e0569-8e77-4fa9-b0c8-aad27491af03,True,True
a32dd559-773b-4ae6-baaa-077d397ca014,True,False
676645c7-2be9-4911-a6b5-98858b5ddc71,True,True
6a146765-bf35-45fc-b519-a5c6d81dd669,False,False
85f1e4ec-cf67-4cce-951c-e11a0e893914,False,True
e347d9ec-afcd-48c7-a44e-3f2949749179,False,True
ffe50cf9-ea1b-4750-bd95-94dd67fba422,False,False
15f9879c-a9f8-458a-93e9-a61c2d47a912,True,False
bc27cd2d-fce4-40a2-b507-4bdaf07745f0,True,True
24181295-c2a9-4c04-9782-1c5fe6118da6,True,True
3ec0dc69-967e-434b-a2f2-993f1e53a9b7,False,False
dc3650cf-a628-4e27-a669-2c6dc1ca3c1d,False,True
2dd3105d-aa31-46c4-9a67-dc4104dc3f66,False,False
c9054d05-4937-488d-9ae5-27e767ea63fc,False,False
9e8e8446-49ae-4852-9697-f6a25f2dedaa,False,False
93b9b939-7ff2-4169-83e9-33b5b80b5d82,False,False
a45920c2-6c19-4368-ad5d-7b933a412577,True,False
93611747-fe37-497d-b6e8-abc5113e1882,True,True
cca97b09-dbe2-4d3b-8342-b2c488462298,True,True
676320c7-e687-47de-9da3-fa9ccfc9d81b,True,False
217e5d44-f800-4b49-832d-b706a274d5bf,False,True
3cf21583-e447-4c29-930e-2d304694de1c,False,True
128ca6a7-d785-4ae9-ab5e-b2c4153da48a,True,True
af799c9c-320c-48dc-9af8-96ab926adafe,False,True
4f8a7194-fd71-4e72-9276-923407e840f8,True,True
4131930d-6595-4769-afd0-8f0827891ddf,False,True
a40ae4ca-482b-43a3-9516-c78fc3e1013a,False,False
501c795e-1958-4a87-85da-ae214064987b,True,True
7d856cec-19aa-4de0-bd24-7f7115620cc2,False,True
700a9368-9066-42fa-abf3-7ef29a88a260,False,True
a80a3c3e-d6ef-4c2e-a424-a642d0826a1e,False,True
2c60b062-5429-435a-91f0-4231a14dbd23,True,True
a5255734-8dc2-4913-bcda-ded07988bde3,False,False
f288f73e-7697-4756-b96d-7fd0002e4654,False,False
8a0f3437-8166-4252-a9a4-06dcd6da9a2b,False,False
1c92041b-9824-4905-a852-93cee4318224,True,True
f109d4a4-1cd1-45ab-8e43-1bceba638188,False,False
bc8ceaac-e5a8-40a8-801e-53593fa30e39,True,True
6a86283c-360b-44e9-bb36-d8152ecef395,True,False
20a7564d-8a94-40f7-b676-f7e473b54fab,False,False
0db4e128-5d90-4288-a19f-8a219aec3af7,True,False
7195e132-85e0-4b4e-b8f4-c35ebefc1475,True,False
d3c27b8b-63e5-4287-b792-4ed58714fad7,False,True
22aa48f9-6683-4d82-a39e-de2712d63fc9,True,True
a87a6b49-72f4-4e73-a633-e65746597dcc,True,False
74393bcf-3424-4e2b-b702-9c09f429028a,False,True
a277d1e9-fd78-4e3d-b291-8c196539f554,True,True
8f0d2dd9-d7ff-4b97-9ef8-007a517bdbcc,False,True
53b27f7f-a150-4f7a-94b8-70ab8a719152,False,True
c1d7c86e-2e1b-4a1e-b894-b9b4aa90a4f6,False,True
eed14966-6cdb-4526-bc1a-a0ad8b26c301,True,False
0f45e48e-bf13-415c-b452-4ed1a5503003,True,False
0127c10a-d9c6-4831-9b9f-9dc4db88e3d3,False,False
be884b92-40ea-4c19-a3c9-56ac3a799980,False,True
8be902d2-1451-4766-ad63-f9364ccf364c,False,False
9483a099-9e83-4af7-888a-5174032018f1,True,True
19cf59bd-59f8-4c51-aa64-7446aabb8413,True,False
30afc20b-2ced-4281-a8d7-7ba066be7135,True,True
a9cd5f60-798b-4b16-86e9-6266c4343c0b,False,False
88059f97-8619-4c99-be56-fb827748ac15,True,False
25e8ce63-d4a8-4ff9-95e0-3d85ba1077ef,True,True
8efbdf21-4aad-4520-9ef0-d04ed5cd46aa,True,False
81b9cf6b-4f7e-4e37-a40c-f9de4394b842,False,False
837eb5bb-d979-4797-ae8a-8de65f11dec7,True,False
0dc5892e-cc11-438e-8c8d-b6c1accfe20b,False,False
172d4da5-1e0d-4348-aad7-af339f117539,False,True
2ca8e5fd-1d45-4d5d-8760-e65588bd9c5b,True,False
3e66b87e-f58f-4c67-aa25-450f28ed7a7d,False,False
b2a59ce6-d2ac-4e4e-b77d-1840042005a8,False,True
4d7003a1-1ad7-4d3b-88be-3953537e57f3,False,True
1bcc04d2-5706-48b9-98b3-16e94fe4c88e,True,True
b4a69e69-f744-4a21-8192-944b22ce6a82,True,False
434b2864-aac5-417e-b2b6-4f9f44ab40ed,False,True
a790d6b9-6132-4c5d-acb0-b909b109bd05,True,False
2fda8a34-0c95-4057-a601-8d1f064f7d47,False,False
ae17779a-e1ed-4697-8d62-0c87da397e08,True,False
841de516-2fb9-475b-8663-8150eab94bf0,True,True
97115c9e-cfee-4fd6-be45-82142cb6bd1a,True,False
08adb5a6-c1a5-4e93-82da-27523297ff87,False,True
7b7714c2-58da-4076-91d8-66e9b0f4b421,False,True
4de854b2-30cf-48b5-8d00-f9fbacd6b585,False,True
26cfc4d3-f1fc-4ae9-b114-96a76963ae71,True,True
27c1b149-e252-4bb4-ab62-dcc6d3a607cf,False,True
0adabe45-505e-47fd-97b0-309c14f64722,True,False
294a16da-3f39-41cd-ade0-318bd30aa455,True,False
683b3f99-7a4e-4542-b3ab-3f41c7409de9,True,True
52a75adf-85e8-447d-a0ea-53c645498ed1,False,False
93f74a16-5c9d-4a7a-8082-52bc44b8e72e,True,True
b6947e6b-4074-4fed-8b9f-1442c46c2e66,False,False
0feb760c-efa7-4e11-b34e-1bfa9f99b4df,True,False
a36f093c-f70f-42f7-af48-c1def6ac1f8e,False,False
d58d1b2e-e07c-44a4-a9fe-01ec4125044a,False,True
b1ab247f-767b-4d67-8539-b898f3a9761e,True,False
14b3c95f-deb8-4f51-a7f5-3bba1a738359,False,True
e12a8a84-ae06-4dbc-85a4-583a79287704,True,True
60fd0ac4-7b01-43e0-b425-bc96d4ddab1c,False,True
b9ef2d58-b7eb-4fec-bf2b-2a00002d5ce9,True,False
65bd8421-5cc3-481c-b4f4-3656a6f2f425,True,True
b714b5b4-2a24-4e03-a46c-dad9f8026914,True,False
f4821b64-e318-4b6a-ae12-9173e391a580,False,True
fde72b36-d60c-43e8-9567-7fec4633b69a,True,True
1b1ed976-b83a-4b65-bf00-673e8a3baee0,False,False
db40ae2b-7b8c-4090-8056-502d3953c448,True,False
0e814ec3-6094-4723-82d9-ff7d270c5172,True,False
2395223f-02f0-4a93-8198-600f6fbf5f75,True,False
9c536855-8c6f-4df7-91dd-8c8855142a73,False,False
b78fc647-467f-4978-a00c-c8ab432eff31,True,False
a5074284-c676-4e69-8b50-bfc154e8d0f5,True,True
a338be78-1951-40d6-90ef-97e16abc2194,False,False
f3909c26-f145-4d96-af7b-fcf4cf5b40af,False,False
4358fb27-7c05-447b-be54-481301645697,True,True
eeba140b-a222-441b-9208-92a11c5ce705,False,False
0a3b76c4-0f88-4b1a-89a4-fb182810e59a,True,True
e906caa4-69ad-4205-aa45-4e289a6cb3bc,False,False
de716143-4c85-49ff-9a71-0b5845656c5e,False,False
43445a3c-3b7c-47e2-85a4-5c50d3e527d3,True,False
f5bdea98-5dd8-46c5-9cce-58b7c9be9b8a,True,False
2af5aa0a-a38a-42c5-b189-05e0ce86efb1,False,False
5740c3d0-50aa-491c-8dd3-2e65825316e2,False,True
32b40bf8-e6d9-475e-823a-459ec9d1cc97,True,True
bd9d66d2-2948-48f4-825c-03ea3cee17e3,False,True
d38b6fc7-4443-4599-ab3f-709595e58e8d,True,True
f571c99a-18e4-46d3-b97d-e9af1e7bbbda,False,True
5ef40a4a-2aed-40f4-8e64-aaa961c2222f,True,False
4ee1d48e-f718-4b0d-8d91-6d0035308d63,True,True
51397cd4-29e6-438a-a808-57ec4b6fbd8d,True,False
3e92723f-a561-4ffa-8cf6-5e7f7e9ea616,False,True
05fda22e-5846-42c5-a9d5-85d4c3a167f1,True,True
33d0c1a3-6d7e-4014-b976-1d8894e98caa,False,True
71a46bd9-90bc-4704-ac1e-e9d698b6a1ca,False,False
fe93857a-0a96-4e1a-8ade-a7df0bf7cca2,True,False
0a239dba-cad2-453c-b9d0-9c3df19c92ae,False,False
5115bdd2-f649-487c-90af-b385ae231d2d,False,False
613f62d7-a1c6-41c5-aacb-82a35b69c26f,False,False
25112e4a-f4f8-4578-9d10-804433cf5650,True,True
469949e2-c6ad-412e-be4e-304bb25cb301,True,False
0904b118-fd09-41d0-8c82-1601bad55d1e,True,True
fd35b066-7232-4bad-917f-d968f2656f6f,False,True
c3e981ce-c8d8-4c39-ad54-625af2ae0d98,True,False
6f43b893-1b9d-499f-9414-9f39d2a6e877,True,False
f49af7ae-98f6-46ea-8011-9d9495f4a309,False,False
fd6116e2-50e2-4741-ba46-de0011baccf6,False,True
6b5c6cc6-f4c7-4300-ac82-0ad6583c19b3,True,True
9f9bd771-bfd0-48af-a568-4ef216c207b7,True,False
0eebe395-0c8a-48d2-be77-bfa24949176d,False,True
20f47b15-c08a-4dd0-b84d-a88c6db0b90c,False,True
c45d6626-9d68-4bee-b2ae-9ebe1c40ae01,False,False
d8b33954-4157-42ee-a5ea-860695aa5d1b,True,False
19c03999-5f52-4194-8433-dfe0af40dd69,True,True
048df023-847c-4a44-bacc-85d047bd94ce,False,True
52147e1d-b41f-4b0f-a912-0d00ce4c68b4,False,True
da604f1c-4ced-4167-b630-84aeebb98e2f,True,True
6f7df913-f165-4747-b852-e5e92db39cc4,True,False
0bdc3df3-cab2-4a79-8f47-4dc7c167502f,True,True
b345a705-addb-4c91-ba17-e323b37d7b33,True,False
dabff9aa-f02e-44eb-804c-f2add0227520,True,True
2d162b9b-0847-4a55-9cf8-eff23a8f4d7d,True,True
7b12f410-016f-4859-8eea-b6e0b9b9d9b5,False,True
c737786a-3c61-444c-ab7d-4c1894161c27,False,True
b765e22e-a169-4065-a895-67b3ac5dc54a,False,True
98931b5a-528d-427a-9697-b5fb231d29eb,True,False
ed7e0310-8c74-4faf-b2c4-4f072376682d,True,True
5a5f277e-5d9f-4dd7-9b0d-100ff2aa8c3b,True,True
02d622de-4706-4e3a-bf30-30194130aaa6,False,True
6bc450c1-ea93-487c-9208-7d4c821c0c33,True,True
2c6ea2c5-d720-40e0-96d8-7c4b2f5ade2e,True,True
5a24d150-cd8b-4aa5-aff6-35b8a49df50e,False,True
64289cf0-a83d-4596-94bd-82b63619a41e,True,True
ffb204b8-ca88-4faf-b7d0-0eed56fb92c2,False,True
a9261062-eb25-44ac-8187-8222cf56f700,True,True
4e4c4132-08cc-4734-ad51-b4548a35535a,True,False
f76788d5-aa5f-464f-9446-b0fa3c4ff587,False,True
5762c535-b478-4740-8ef2-0783e8aedb9a,True,False
a3b6ae40-b606-482d-8e59-7f70509b9624,True,False
4e4c94fe-23b7-4fc7-9329-a3a36d5430bb,False,True
17386100-0748-4977-91ec-6e845dcc0709,False,False
32dcf2da-3b48-4a67-9916-deeb0f4a36d9,True,False
497fdbcb-43be-43f6-84c4-6e4810b5aeb8,True,False
8dc1dcf4-f5fe-4db3-8340-0a334239b155,True,True
f935100a-4e83-4ebf-93d9-ab2b12bd69c3,True,False
72a21be0-6a20-4e38-888f-ebc117b5f331,True,True
d90e4605-cec1-43b2-b394-4d8a3601dd53,False,True
51dc0a89-fd80-4349-8437-ae5ce12b2de9,True,False
be1e1853-2a4c-4b40-a17b-3d3550e1af5a,False,True
1c4dd08e-60ea-4165-a937-c55355bf2b07,True,True
29417cad-a508-41c6-8482-89bed17b8170,False,True
6ffbab18-9ef5-448c-9776-dfb3437366b5,False,False
dad1266d-daa0-4d84-8463-d18e46f12c25,False,False
fbc0fc4a-45a0-4df5-ae28-4f9341357853,True,False
42c4cc30-b524-4bfb-b9fc-2ca827ea6fca,True,False
efd7cb5c-b198-4d1e-9a6c-2b1b6525b8cf,False,False
7754b0a5-2ac3-42e8-99f8-cf987ce91937,False,True
7784b7c3-4fca-489b-aabd-6eebdc36a5b8,False,False
6d7cdf39-2971-44f3-a00b-7ef774729392,False,False
7c6ef681-1bea-4811-9dbd-825c62dcce8c,True,True
9ca436c5-4c1f-40fc-8034-edb62cebab50,True,True
e62b4b68-0050-4578-bad1-ad040afac9e2,True,True
f5befcfa-b0af-4e76-93a2-301531e24b99,True,True
85984c1c-a9ed-4371-bd78-b2c700a84bf5,False,True
b38bdf32-81e9-4a9b-abf2-c6608e05a293,False,True
6dcdd49d-ba12-4582-be4f-ed1a40f6609d,True,False
ed771460-fddc-4638-8b7a-80d8e87a046a,False,True
5838cf7d-1b99-47c3-8c36-ec43fc1bfb0a,False,True
e7e1fa49-a341-4f38-a092-7f056c3269ad,True,True
6bcb5f85-8601-45c5-8270-6e6711cc3dbc,False,False
f3dd32c8-7f79-41cf-a976-869e820ccbc3,False,False
a6588577-4421-4599-a28f-414a73edec05,True,False
06c752f8-2152-46cd-86ed-011736acf8a7,True,False
2329cccc-e7ab-4458-a961-72301d28ce54,False,False
cafa43a9-f83d-4cb9-ac77-8b44cb5d24e5,True,True
a1e385e6-dd14-49ad-ab5b-8add35d06813,True,False
43488522-22eb-4c69-bdf1-d411a2d687d7,True,True
06a8e70d-93b0-4aa3-8c60-de4f352454e3,False,True
7e078a64-612b-4e1d-817e-28b6b788b18b,False,True
511c9259-bb5a-4307-b58d-8c7a8de6858b,True,True
1a0360a3-a230-4525-afdc-9df2fc5dd7b2,True,False
6cca55b5-e12e-4d03-87e9-cfb3223b0b6b,False,False
2f0a00ed-346a-4ca9-99e9-df064a1fa856,False,True
a24fb2e8-be4a-42e4-8db1-ecf14a9a951d,True,True
c6aada7f-6ebc-43b6-ad68-58918011558f,False,True
aca5bbac-900a-4d47-b068-f4b0ac6ae932,True,False
b4dfd33d-abba-4067-a980-b73bbb1b3b58,True,True
fa6b5e1f-1853-4524-bcf5-683e5dd45234,True,False
910c4495-d8e3-41a9-bc98-8f3e83fddcc6,True,False
9bad2a36-e0ca-4d2f-b595-e19997a28c34,True,False
4f0ee9c4-3d74-4adb-906a-c9c1899ac5cf,False,False
5a40c706-9ffe-497c-8668-d008419313c5,True,True
b96f7676-5d3d-4666-84d7-adb113131e15,True,False
fb262fe6-1db7-48c4-9796-b5107b27b292,True,False
431e193c-cf48-41dc-92a9-a70802cf8613,False,False
ca82f392-8b18-47d5-bc01-b3257cac588a,False,True
18ebbc78-c045-40cc-a5d4-e1401cbba54b,False,False
c26830fb-3ff2-455c-af13-f39182cc58ab,True,True
94eefdbe-19de-414e-8107-a161f1c1db03,False,True
2600264c-7a5c-4f5e-b0b6-f319acbc14fa,False,False
d26cc5d6-19fe-415e-a5de-cd0e884dc061,False,False
9546efe9-d0a1-4544-90d6-078aea484762,True,True
75deb60d-9b48-4bee-9e11-c3228d344cfe,False,True
d7b862b1-4410-4dc7-9325-f543e2a65dcd,True,False
0337c528-1dc4-48c4-bfc5-b46143a5ea39,False,True
a4837eb5-f87f-49e4-b3f4-a13998808f73,True,True
811a1812-66dc-45c5-8516-cfffd8646528,False,True
0232ceb8-cc1d-48cd-b5d3-df4c0ba79e59,False,True
360f1024-30f5-486c-adac-155f7a6437a0,True,True
01f56196-7fd3-40bc-b59c-a473f0bf6e53,True,True
a394462c-2a07-4c93-8965-d95d2e385bd5,False,False
9d16ddcb-0634-4cbf-a5c7-7d07d0636147,True,True
30939ece-f0ba-4439-be2a-74f378ab68c6,False,True
a37232d9-dfce-4722-8016-18e47634a2a6,True,True
18d21394-8a6d-40c0-8e2b-93ec30d751c1,False,True
9946682a-11e8-44ab-aa50-146d5792a4e7,False,True
a6138509-a665-48aa-adfe-374e6027e088,False,True
a4d0e43f-c80f-45d1-8e93-17da2bd8f98c,False,True
457bd59e-fc15-411c-a452-c720b9d898af,False,False
5e03f586-a38a-4f46-a93a-86d31ec4da31,False,True
d7810f91-9e54-45d6-a5d5-f6582fecbac5,True,True
9c8d0f2e-3dc1-40ee-8b68-60a5632ec639,True,True
2e4578d1-1da8-40d7-aa69-1936b7fe7898,False,False
67f6e867-ff2e-4dbc-8507-d126721b5abe,False,False
46eed042-7671-4242-8714-431235d11cc2,False,False
7504208d-de46-403b-a8a4-7e64f55191aa,False,False
a2cf5f43-627a-4a09-b3ab-2273da0f6d24,False,True
f09ad358-04be-47fd-863a-0f57069d20a4,False,True
756d411b-98bb-4cb1-9fb9-3103b0739240,True,True
a268f128-01a2-4098-b69b-538bae295789,True,True
34094460-668e-4e59-8fba-151d8ec1e14c,False,True
0e89d52c-3091-4bbf-bbb6-1b8faf647eac,True,True
2f8bd502-e2aa-4b9e-a7ba-48913d8f619e,True,True
6c75360b-7557-4df8-b48c-2a56364cdc06,True,False
f55ad137-6b85-4e76-b196-4c9f2ff88734,False,True
793691b8-63d3-48ae-a553-9cd902cdd813,True,True
1adab784-d3a6-497e-9739-b53b506814aa,False,True
5065ee07-116e-4b0d-9e8d-f79e8c7ff37b,True,False
4928bd1f-24e3-4238-b608-b8310aea86cc,False,True
47943f8f-bced-439c-911f-b9850cd9f4a8,True,True
bf0c1047-602f-4867-9f0c-c22166e6aa99,True,False
dc8468dd-2535-4e7b-8255-e4e7d7522de7,True,True
0bf6fc7c-def1-49e0-8cc4-bbb71d5f1066,False,True
fc74db94-95dd-4dbf-a7f8-bdf588cb919e,False,True
22b90c45-09fb-46ec-a0cb-eda1dea72344,True,True
99960668-c4eb-41e0-983e-063536aca769,False,False
7f1ed63a-c0c4-4f14-a3b9-ebbd6a5d1927,False,True
fc85134a-6d38-4f2c-8507-59ca88fb57c4,True,True
bcf2ddda-a5c8-48cc-809d-9b0f41a0c28e,True,False
2c65755a-84cb-42b1-94f4-ac3cbe6408d4,False,True
b3087d3a-0214-465b-ba81-86f0eaaf5229,False,False
40aec681-7ac5-41c3-be6b-619c322d4668,False,False
408d1b6c-bfdb-4030-8b98-84f69b5c2a9e,True,True
df2e3ca4-9a62-4960-9660-8be3d98c6112,False,True
ae8c3faa-4821-4541-b618-8d367f2fb882,True,False
57cbc93c-d9e1-42f3-b3ea-262244ccef62,False,True
17caca1c-82d4-4e53-8b14-575264494861,False,False
4807971d-177a-4c58-b658-599c99fd43de,True,True
d18151a7-ec7c-402c-92d2-1ec570e8f027,False,False
c56ae450-d0a2-443e-bb81-1f3812ea87ef,True,False
51295d8b-e20b-487d-a975-e2e1cf876150,True,False
3e79c79d-c6a0-4e97-a990-095a26a8f35f,True,True
e31a8546-75e2-4488-a6c3-75a00685dd2d,True,False
78e7560c-293e-4fed-b580-831e47ce4bb3,False,True
eec5dbc6-69e7-4547-a2f0-fc6dc5cf651f,True,True
c4ab5aa6-e75c-40bc-ac8b-4e3ff6f0144a,False,True
81ce9ea8-6986-4ead-a8bd-e0a30d234b88,False,True
89fdf7cf-fb6f-46bd-84d4-8fd38ed55ebb,False,True
404a7fa6-ac19-40fb-8192-7fa49371a60b,False,False
e7b8cc82-ad77-4d97-810b-b593775554ee,True,True
db81b98d-e45d-4686-9167-c3a1f7755991,True,True
8506f369-c557-436e-b898-85b6230949ec,False,False
4ab00f5b-4fc1-4db5-8b87-ad1b0a03ece8,True,False
c337de1f-cf1b-4d4d-a4e5-552a00c15b17,True,True
1153cd7d-2a12-4cac-a6ff-80cc7c034eec,True,True
9ad21bdb-f818-48fe-9f3c-21b1a06c0ae0,False,True
f13a8b4d-db9b-472c-8754-a0ebf3ed8f21,True,False
fa7ccc1b-17e4-451a-8b18-2db88c681186,False,False
2e554f3c-119c-46c5-92fe-2ed7ffaa8b81,False,False
5d7759b0-dc4f-46e2-874e-1504b9d16734,False,False
eea66f3a-8d90-4ebf-8026-06c8228de43c,True,False
e87f0d57-6b3c-4c39-aec5-363a63810c20,True,True
2dcaf063-4ba3-41ac-ae5f-4af8001bac1a,False,False
6cb9a455-7f42-49e0-8c60-2980b4bc7ce1,False,False
f637153c-27d5-45df-bb86-2f7a6995237d,False,True
e8828435-5897-4195-94b4-38b6cc6cfe13,False,False
b754549e-522d-4a79-85d8-52d9f1986e66,False,True
94f7fb2d-7cf0-437b-955e-fbdfa2f66634,False,False
e1121b79-a5e9-4bd8-a6a2-0f25d9edc89f,False,True
ae2b82bf-23f6-42f9-ba37-a6cfee1568de,True,False
cba08eb4-906e-4ad6-8d95-688c54b8c25e,True,True
b63d389a-4dd9-4eda-b13a-16378c8bac1d,True,False
da5b006c-a306-4cb2-badb-bd3fd32e02c8,False,True
b1fdde3c-dbdb-42d0-863d-c7288d9c2a54,True,False
c56735fb-5f35-4e37-8886-efaa0c21255e,True,True
55f0ee78-82eb-4749-8cc2-27a52e297d53,False,True
33c12371-e7fb-4a43-bc32-edceabd1a310,False,True
c83431c9-1842-4d57-b956-9dc66f441c65,True,False
7212cdc0-8e52-464a-9a67-9d27f05a8cac,False,False
47cdc10f-0675-4a8c-b57a-2fe7b9d4e68d,False,False
d486119b-6794-4ddd-8b8d-f443cdb02370,True,False
0a6eb474-53c0-4f38-b290-92ff9467c9e9,False,False
b52f5c5c-dff8-4542-865d-ad69a9975c99,False,False
73830407-6c64-4d52-8371-a4d083a7fcde,False,False
b2b6a455-c2dc-4a7b-9698-d5b5815b9e79,True,False
6fbd4a22-7586-4d10-a6a3-31bf670e937f,False,False
950f7772-3d57-4613-b434-4456a64dfba0,False,False
22039bcf-3be1-4e3d-b47d-dc075f45f8c0,False,True
1b5a71fa-c86d-47aa-82da-b1a7633307a9,True,False
5e37db38-2627-4d49-9445-5c94bc675a92,True,False
64683765-4abf-457d-a5fd-d1a153872880,False,False
39a76d15-7f9f-4104-88bf-bd9def0973e9,True,True
dfcf498d-f29f-45b0-87f2-119413be3499,True,False
0afdf04b-49d5-4cad-b82e-8d2fb9f462c0,False,False
50e36702-9689-4528-90f6-58ae931c8a1c,True,True
942426f9-a4c8-43e7-b326-d4a3115727dd,True,False
f977acba-6c28-4474-93ed-de822c1d1d5a,False,False
6f3c3163-3b66-464d-afd9-b6e1c99eeafc,True,False
60e1f2a2-59fe-4d0d-b7c7-09282dcfb336,True,True
e5c9a40b-b589-488c-ae47-d80eab2f2c9c,False,False
10459374-f684-4717-b624-7044179cc3b8,True,False
e0793da8-418c-4365-9269-71115d85b93f,True,False
a5b4a84b-8baf-416a-8992-bbf58d5f2556,False,True
bfe496d7-a2c4-4626-ad8b-cdcb44db7b96,True,False
c81b09d9-8d8b-429e-9d8b-209851fb44a9,False,True
5c645bd4-9d64-4201-82e3-b572d4f7a85c,False,False
d2f5018e-94df-443d-92c4-8daab35aadc5,False,True
130c2cae-8552-43ff-b031-0d4548e3fba5,False,False
a0ec9f98-8f7e-4823-bbe2-84887343167f,False,False
1d8b4f7b-cf11-450f-992c-07ada73a5cdf,True,True
41c551d7-333a-441c-832c-ab86b40ffb2f,False,False
dd1e7689-8269-4d30-a561-4b63ec2c8c03,True,False
e0dbe4b5-e5d9-47d3-b382-c28d4062caf6,True,False
73144949-7f54-459d-96fc-271ef02ba49a,True,True
940493a4-c7b3-4562-8fa1-9a43c039dc63,False,True
83bfc409-1ba6-494e-ace5-02c5e2ac44e5,True,True
2914c7dc-67c4-4713-aefa-6dae2acfa40b,False,False
299ed572-277f-47b5-b43f-fc640421cb25,True,False
826a0035-7ff8-4ef5-bacd-09833303b7d8,True,True
f52fc7d1-2bb1-4d63-ba53-c38c32ee3f25,True,False
eb8352c6-109f-4724-b026-a8831c684d83,False,False
11098f0b-3690-46cd-88ba-79b35db72e15,True,True
e714a3d8-3eb0-484d-a6a9-857957e9c832,False,True
4e4d3485-60fc-483a-bef4-3f848612e9e5,False,False
995775b4-17f8-4a7d-b043-039babbc21fa,False,False
cde65e98-2162-4d1a-aa99-0ae3983b4fe9,False,False
44047a18-afa7-4ef8-b197-1ec063e034f6,False,False
d3b50848-5cc3-4c26-be88-e13393bd9ab7,True,False
e88fa156-f0cb-4ef5-b839-6848508e1bbc,False,False
4630dfb6-b352-48cf-98d6-5aecedfdaa13,True,False
af92ed25-7b9d-4ed2-b0c8-03eb62c08fd5,True,False
9539e918-a5ed-4c2b-9843-a1168c333df7,True,True
58a1607f-f0ff-4ded-ad79-b4b57dce92d8,False,False
5bbcfbb3-8623-4e70-ac16-1b88b28d9f8f,True,False
9d112e4a-e64f-412e-a29a-8d0eb4a92b7c,False,True
40af2a72-a02c-48da-a79d-851d4937ff4e,True,False
062e872e-4532-4666-af36-d95ecd9ac0df,False,True
383a9a0f-d3b3-4391-9da4-e1fce258e5ff,True,False
e5f570be-30f4-49bf-95b6-91a99b08b596,True,False
c74d187b-036f-43d1-865c-702688a77998,True,True
6414904d-d3cd-4497-bd91-af22e722595c,True,False
8c0811ae-3d14-462c-9e93-9a8278c5b33e,True,False
11f3a456-0410-496c-a77e-b81ed385b053,True,False
7a46e10f-a2d2-4557-bdc4-c40a61b14d28,False,False
0ddf581a-2332-443d-8ca7-619a779ebb47,False,False
9e0fa509-ac84-40e1-b2be-463f8dde59ec,False,False
edf5180d-62cd-43d4-8dc7-95c276963a8a,True,True
e33c80a2-4c81-4d70-8afc-b815ea1da61b,False,False
f88e2060-efa6-4e17-9f6c-ab0543477b68,True,True
62ac3478-56f4-43cf-8180-a4e8a9a4716c,False,False
ef5c30c2-b37c-49c8-9441-a86abae475e8,True,True
3e4f0c6d-b9b0-411c-903a-30a26d3e8634,False,False
b3ba9e62-5cf7-472b-b007-116d90835186,False,False
3214cd32-bef0-469a-ba28-9a40bd36ca48,True,True
13397d32-7899-4032-9e28-5e3eedaaf71d,True,True
a752725b-bed4-4041-b183-21e83f80d729,True,True
8f829502-0405-4b63-bed2-ce437ce81bc5,False,False
db42687d-4a13-4489-a986-88b46d081391,False,False
cd86eafc-42f1-4e93-ade1-5cd96e4d40af,False,True
434ff6fc-f8ec-4190-8b71-ecca6e436fdf,True,False
9dc8f794-5b30-4513-b13c-d25551ba63cd,True,True
524fa2a2-2dc4-4e3d-b117-45ec6770e91b,True,True
7449403d-9d5c-46b3-99f2-b9f498942f65,False,False
e7765385-6202-43f2-a314-eb0973182b79,False,True
571fae03-9ebc-4f13-9aec-ca5d2069789a,False,False
c528a4e6-93d5-4ba0-898f-eec8390c2a3c,False,False
35fa8f45-56b0-4e4d-9be6-0f29ef36a9c5,True,False
5656a485-a5df-44b6-a11c-9be9c56fe2d5,False,True
3061c311-2ff8-47cc-9209-37cea80ba448,False,False
775f5111-778c-4702-a7c3-b69ab6363752,True,True
ea75434f-8bf0-4231-aaef-c7859c30dabf,True,True
8caba8da-0fc9-4062-8275-8c48d502302d,True,True
537cc417-484f-4ad5-b501-bd30224f42f6,False,False
9b4b2a26-4ab2-4d29-8a51-abb48dac6342,True,True
c2c5f5f9-5c24-47df-a5b0-97ad8bdf5fd6,True,True
9d4d7abf-e1ca-41fb-87b2-e23976c3b529,True,True
87a9b3a5-831e-4a96-996d-26cbf2e8989e,True,True
0597e00a-73b8-4206-9dae-88faff404147,False,True
f56224d6-0e83-4df3-aff3-39a24418a438,True,True
214eedc4-1c56-4376-b868-c84fe003a3ec,False,False
edacbdd0-b26e-4fbe-b773-cf6a37590878,False,True
f8cb5f05-516d-4d50-9b3f-83033e702c03,False,True
68c7be2c-6169-4fc3-ad7e-697f9dd2c959,False,True
e30bf6a7-f04b-42e2-968d-d7a2e2cf072a,True,False
5301f4d8-be4f-451f-ae30-419ae2973b04,False,False
395497d5-501c-456e-8846-400e9df75166,False,True
cd6425fc-8688-499d-bda9-9f56e1820b8b,False,True
51839f28-a737-4514-a5f9-5afd0a6081a9,False,True
22c00753-954f-4fca-a21f-83b785bd8ef3,True,False
5ffdfaf9-8e40-43dc-92f8-7dca72e011c8,True,False
69240de3-9192-423e-b4de-99b7140b0b0d,False,False
72503cb0-523d-4e5a-b708-95c241e505d4,False,False
1256b849-5db1-4553-bca1-58a2543dc619,False,True
db4887ed-4aa3-4655-926a-a19d78bf2d1e,True,True
9031243d-9e9a-44cc-8f34-d2bd058eb335,False,True
7c461c4d-e3fc-47ef-9d64-857917dac2b1,False,True
a40b5fd8-dba9-48b8-889f-fa08d5b70490,False,False
96c7b32c-5328-4a9a-a8d4-ce09657b50a7,False,True
9274a3e0-8f26-46b2-baf4-cfe1370c257e,False,False
d0e4c990-918f-47a5-ab69-81c7c9841132,True,False
cdb0bb09-6840-4db6-a0fc-bcbb835c8110,True,False
cc51f145-8b79-4d88-859a-4d21d2ecc1e6,True,False
39345e7a-19c3-4b48-90de-05be9a440b30,False,True
7cbb2e51-692f-44d4-abf6-94ae2a7d1f34,True,False
63e067fb-19df-436a-a1fe-6350a782e32f,True,True
c703464d-0afa-46d2-a93e-6511f7c2cb82,False,False
1e0a563b-74e1-413f-aaf9-567519e736ff,False,False
7990d678-e7e4-4d50-ba29-ddf099e782e9,False,True
2ab5178b-21c4-4ee6-984e-365c7497736b,True,False
7d29a0fe-7369-47a5-9968-a8a841faebb3,False,True
1fff1cdf-1a2c-4938-9fe8-f89aa0f5081d,False,False
c8d0d433-e4e2-4432-ac56-53bfa973b178,True,True
0ec58cdc-7fea-40fa-82c1-b5ea8a43522f,False,False
97c365d0-7342-4cac-9596-2cd78a2cb0b5,False,False
91020b4a-14de-4d0f-9d3c-797f0a0e6d26,False,True
2e675e29-9512-4b62-9ee8-dd94c27bc2fa,False,False
5e7b3b2e-a554-42a3-9233-4ccac3edad11,False,True
5eddd3e6-5a09-42dd-ab4b-004a844aba6f,True,True
895fb033-d375-4cf7-9901-0b873b6a900c,True,True
7c17b9ca-1fa3-4751-94fa-05355121448b,True,False
8065b514-d69a-40fe-949e-f6cdcfc5f32b,True,True
be7589ca-2808-4a7b-b1fd-dba5bf807370,True,False
46fa7d53-00b9-41e0-8b98-a9f0789cbed1,False,False
47968e6b-72a5-4fb5-986e-b8d7e3a9fa03,False,True
94f55b20-2955-43bc-aa5d-18dd7d98b581,True,False
9c1136b4-584f-439a-8ff3-27ea424d9d6d,False,True
faeb64c6-b9f5-4604-8515-2ed8e7fa14b6,False,False
0d21cc5a-c97e-4c46-ad48-44ff087f80ec,True,True
4f7611c5-ac38-49eb-befe-f9cf542131ea,True,False
38399a06-9d8a-48e6-8b63-7368abe60d60,True,True
7dcf089c-59d4-476e-83ac-7c4c9c0534c1,False,True
410e437e-6f17-4750-8a89-f3ff49269702,True,False
a39fc621-042f-48e4-a483-95f3e2faad04,False,False
a5e01f69-1ee2-4c36-ab20-4ddba0b31418,True,True
f0a87191-c2a3-4b63-92dd-83aed7349362,True,False
22f8fc18-4b3f-4be3-805d-e3f3398803f7,False,False
01744a46-bd18-4de5-8ac0-bd3cd5c14522,True,False
150c00f1-100a-45d2-8f06-6f7881fc4db2,False,True
8a152139-9521-418a-b63c-38941814d2f3,True,True
bfac293c-92f4-4800-bc81-b4ee073fb2c0,True,False
dbbaac22-804e-4c2e-b0c4-e81c5d2170c0,False,False
3c1983b6-a612-4dbd-98c7-2f5529b081d1,False,False
c91240f9-97be-47a1-8228-fcff07cb1fea,True,True
5b2f3616-1c2a-405e-882e-573586d28738,False,False
78e81541-02d0-4105-a5ed-2adc51384a1d,True,True
1a137191-0cff-44eb-981e-4afa1c9c4a1f,True,True
a0a720de-9557-4751-a127-823243879d6b,True,False
