teacher_key,qualification,subject_expertise,years_of_experience
fd81ab46-e74b-4830-b8c9-fc06c2f02b46,Master's Degree,Mathematics,3
fd1bc805-d79d-46ff-adb3-4a6b113f5a07,Bachelor's Degree,Mathematics,13
f6e97575-a8e4-44f1-92e8-98d8dffd962e,PhD,English,24
13e73d7d-b7e9-4824-afc8-1daf273f5128,Bachelor's Degree,Geography,15
34f99f56-8cc4-4077-9d1c-6ddc0c732d8e,Master's Degree,History,28
18b4da5f-ed29-474f-b317-f863cfcbc1ef,Bachelor's Degree,Geography,19
408321f3-7993-45ca-bb2f-5656fb4b4255,Master's Degree,Geography,6
df385a09-c820-474d-bfb0-1a965569fc30,PhD,Science,13
20a44b11-4d66-456f-9798-0ee24cf07421,Bachelor's Degree,Mathematics,27
5c185f64-13ad-4e99-8311-2bd06678a753,Diploma,History,28
186dbcd0-c712-40de-b6a4-efbc48541058,Diploma,Geography,10
1a1b1557-fb97-4c64-ba5e-57bb4c05e4f0,Diploma,English,26
bb639fe8-347f-499f-93fe-48b85cf808c0,Bachelor's Degree,Mathematics,19
097c0c88-3c87-43ce-8943-3a551a7f0473,Diploma,Geography,3
925a2d55-a92f-4d9c-998d-c1e47eb78a3f,Bachelor's Degree,Science,3
d40bfcc6-687a-44ec-a856-5e95704269bf,Bachelor's Degree,History,18
2af6e93a-ca18-47f4-bfa8-79af0f846585,PhD,Geography,18
2c8335b4-c6d7-4dce-a7dc-f0d6962fd614,Bachelor's Degree,History,23
390a1fe1-6446-41c5-a600-1285a8a093b9,Diploma,History,19
1db6b7ef-dd18-40b5-9eef-e6f3741fb837,Diploma,Science,19
cd894349-a419-4c77-b690-bfe80bf448a7,Bachelor's Degree,History,25
10c9ae32-d62b-4e5b-b0ca-54812666c892,PhD,Geography,15
3401da15-4b4f-4fea-8c46-815248de8b79,Diploma,Mathematics,19
2484c13b-3c18-46fe-87e3-377a769967de,PhD,Mathematics,16
1e8a3e4b-b1b1-4a28-8491-71628c14a51a,Diploma,English,21
9d39cc6f-7829-49b3-9305-0d6b9439e0f7,Master's Degree,English,2
2a78cc8d-498d-4709-a71e-fbe74a05eabf,Bachelor's Degree,Mathematics,20
d4a199f6-8f2c-447c-acfd-43ee9e51c030,Bachelor's Degree,English,21
1a034ac0-7da1-443c-9fdf-4d6c62634d8a,PhD,Geography,8
7a427a85-d160-47f4-b1ba-fe558f198fe8,Bachelor's Degree,English,23
e80f0e8b-a245-4366-b2cb-0d51bfa0db3d,Master's Degree,Geography,23
dcb9170f-7a85-4821-b688-fa3ac7ef9083,PhD,Mathematics,16
f7b39fb4-2fe8-4f3a-88e0-33c3a0c15a08,Bachelor's Degree,History,20
8af34557-710f-4a1f-abdc-c3e6c96e0bab,PhD,Mathematics,14
5fce1f6d-e370-4dd0-ae32-67a5e805252a,PhD,Mathematics,20
a76b421a-ac3d-45f5-8f0f-3f09b4184969,Master's Degree,Geography,2
05da2757-fe6f-4750-890c-a6155c123e82,Master's Degree,Mathematics,12
017a9254-e613-4f84-b723-290720ed5566,Diploma,Mathematics,1
147af006-7a04-4a81-a0ec-d3030dadd76b,Master's Degree,Mathematics,26
4f925930-a0c5-4eef-99db-d904e9e6fff6,Master's Degree,Geography,3
b8689800-8d0b-4bab-9068-1d3c44e7c837,Bachelor's Degree,Mathematics,24
f82a1181-a6e9-4195-894b-f77c3d2de5f3,Master's Degree,English,5
75ec5b32-7f30-4748-acff-fa3256cc6323,PhD,Science,24
99973b8d-fa57-4e6f-b573-823fcb044efa,Master's Degree,Mathematics,24
a2f63b9e-7e77-4331-a56d-02597d071c20,Master's Degree,English,21
00ec445d-2788-4e1b-9523-341bcda0e9fd,Master's Degree,History,4
731f7ec7-3726-4a67-b883-f8e38eae3372,Bachelor's Degree,English,23
aa025e7a-e14b-47da-82c4-6af34389cccf,Master's Degree,Mathematics,4
088bcbb5-1520-4cf0-9dc3-bc1ef431a01a,Bachelor's Degree,History,22
f8626fb0-30bf-4093-af96-38e6331e0f14,Diploma,Science,1
0f474f03-65e4-4e86-9b99-645ac84724ca,Diploma,Geography,24
8e196f07-eec5-4e2e-8d8e-ec20438a83c0,Bachelor's Degree,History,4
99188ad2-6311-4f90-b583-385d50ba2975,PhD,Science,15
62f3a736-a205-468a-804f-e7f07eab2896,Diploma,Geography,13
e392ef23-886a-4b4c-9f8d-a6580a44e965,PhD,History,24
fa7957de-2c1b-4b1b-a353-2a4900b2f9df,Bachelor's Degree,English,12
25efb823-5422-4a3f-a192-f27c351e60be,Master's Degree,Mathematics,18
a0f41520-9b5b-4a6b-bf1b-f3bb56b2cc60,Master's Degree,Geography,17
b1631fc4-79a4-4f00-9679-a87b09ef3d82,Bachelor's Degree,Geography,1
f23da114-67c9-496a-854b-1a02a8d955d6,Bachelor's Degree,English,16
1a18c24a-5c9c-4654-84e3-00eb8ee1a910,Diploma,English,3
ab11ddd5-6ea4-48bb-96a0-9de2cc7b347f,Bachelor's Degree,Geography,5
71218494-9b46-4b18-ac06-2c29167d3210,Bachelor's Degree,Science,20
028867d9-e865-44f8-b0a0-d07aa59ddb43,Bachelor's Degree,English,16
ed00c9a4-3a92-4e11-93fc-7642304d6414,Master's Degree,English,1
8b4230cd-b202-45da-bc3a-b97e5617ada2,Bachelor's Degree,Science,14
d96ccf09-0c0c-4079-a7b1-a71d345e5ef4,Diploma,Geography,19
fe3ff87a-564a-486e-9881-fb149f0a0286,Master's Degree,Mathematics,15
0140438b-4e67-4418-acae-af2a504e980a,Diploma,Science,22
4d27bf89-cd43-4017-829f-e381276678f6,Master's Degree,Science,2
6e6765b8-f803-4895-8a98-b3e4b3cde27c,Bachelor's Degree,Science,26
5da3307a-0e1f-460b-98a6-c3945b681e9a,Master's Degree,Geography,25
8ab85aa2-efc0-4e81-b52b-d84b7285fcae,Diploma,Science,5
742e4e86-641c-469f-ac4d-898f205b4dec,Diploma,Science,14
0ecdc87c-108a-45f5-847f-400ddae6a412,PhD,History,6
ecb257d9-e48b-4512-89fb-f0a10eca1832,Diploma,Geography,13
5ccaa923-184e-4a91-8c93-ed624ccdd80e,PhD,English,12
7af7ba49-25d6-422a-a0e8-ef97c57661b8,PhD,English,19
a3455532-d2e3-46e6-9550-f9e542b75af0,Master's Degree,Mathematics,18
3c5a8137-5128-495c-a5f2-48a7a3e25a11,PhD,History,6
19a4d517-265b-4667-9962-7e679bde95d9,Bachelor's Degree,Science,8
a8bd783b-3ca2-471e-b158-56a24ec96696,PhD,English,21
c9fa05ab-58e6-4fd4-ad28-1b958fbf865c,PhD,History,30
16fe48b1-bab7-4ffc-8afb-a31b8263fcd5,PhD,Science,12
3850ae6b-ef9a-4e0f-b2fe-7d34ee607979,Bachelor's Degree,Mathematics,18
17ee360f-7139-4c74-a495-43447935e134,PhD,History,7
7388f1b1-7a81-472e-8496-451cd8ee49bd,Bachelor's Degree,History,20
47668f9d-ae7a-4ac1-8040-ebd7f2a7a868,Diploma,Mathematics,10
0af6fa1e-093b-474d-954c-69f4258176fb,Master's Degree,History,21
74f5ee2e-ba2e-499a-8509-d902688ab19c,Master's Degree,English,5
8b3e7538-e2a3-4dc0-a8a7-27c344711297,PhD,Mathematics,20
46952ea8-c230-40ff-913f-9c41f6ce89b9,Diploma,Mathematics,13
14889328-8ca6-41b5-a5a6-ef8b5c4929c7,Bachelor's Degree,Geography,22
6ce9b02b-5af3-4e8e-b0fd-74aaedce6e17,Master's Degree,Mathematics,26
e80267dc-551b-4554-9d5e-aa8998116d7f,Master's Degree,Mathematics,14
7d64c6d2-49c7-4163-b391-e3448245bb5b,Bachelor's Degree,Science,24
1d493217-c3a9-4618-8227-dec097503279,Diploma,Geography,21
f99a1985-e7e8-4b17-a022-a3fe71f81129,PhD,Mathematics,18
4f81033a-4c81-4202-aee5-19f26dc4de66,Bachelor's Degree,History,15
bfb4435e-0364-4fc8-9a7f-c6ffda8523f6,Diploma,Geography,21
1a23c99c-3f7a-4906-977c-45c0d41a7e1f,Bachelor's Degree,Mathematics,3
b1ca37ba-0603-4845-b823-6ec1ce92f194,Master's Degree,History,10
9387ead5-eece-4b60-8505-59d5c5b5ed88,Master's Degree,English,22
6197d814-9eed-4584-95a4-cfbdfe71670b,PhD,Science,11
92773679-3952-4789-ad90-eb1dbb91165b,PhD,History,5
9b580518-8fb7-4d1a-bf4d-0ccc8a1d6fe5,PhD,English,16
ac504526-bcca-439c-8d90-7b7b05c8a009,Master's Degree,Geography,21
a5d99b4f-4699-4d19-85c1-5a3fa00fc305,PhD,Mathematics,10
40b50134-1123-4ce5-8d07-61be1399a601,Diploma,History,9
5b552063-876c-40e8-8b71-50fa7d2242e8,Bachelor's Degree,History,3
d44dd9f4-589a-406f-b042-58208fedd96f,Master's Degree,History,27
e493ad53-6594-4f30-8927-1ce1755f3e81,Master's Degree,History,10
bcdcb92f-ffc4-4a5d-8188-5e25a305890b,PhD,History,22
f34acf84-e83e-4ab3-91de-60a8cee59f75,PhD,Science,10
75db4d68-c4ec-4716-bd6f-873f143ff93a,Master's Degree,History,13
4f5ee504-ba1a-449d-94d6-54a2b0276221,PhD,History,19
04531ac4-d727-4040-b8c5-ba922469db08,Diploma,Geography,15
ab7e1048-7558-4071-99cd-4d7128e72914,Bachelor's Degree,Science,4
a0be344e-73a0-4450-b9cb-c6cffd6232ed,Master's Degree,Science,4
cb7e66e8-1085-49eb-954e-352e877af124,PhD,History,23
88b3ac28-6d1a-4341-bd17-5f2d39cbfbb8,Diploma,Mathematics,12
50925a0d-d2b9-4404-b697-9e21135c04f0,Master's Degree,Science,30
344adbbf-c371-4168-a7e3-419aca281044,Diploma,Geography,18
99aef46f-cfa5-46b3-9bb7-dcf3960e58f4,Diploma,English,10
75fcae7e-0ecb-48d3-acaa-7cbc05680da0,Bachelor's Degree,Mathematics,25
86b34921-5851-43b9-8251-b62a7bd57434,Bachelor's Degree,Mathematics,7
3785ffaf-988c-4468-9efb-a02157f2e6d1,Bachelor's Degree,History,22
44b87bc5-5fe0-447b-bd28-bdc355173ff5,Diploma,History,21
d87bd137-f41c-4da1-8a95-a3330cc66ed1,Master's Degree,Geography,10
0cfa4362-c901-4643-b2a7-a24730442b99,Bachelor's Degree,Mathematics,12
37366c46-1fb4-4983-a35f-c7afaddd353c,Master's Degree,Geography,7
3b8a6734-61ce-4925-9bc8-56223e2b7a8e,Master's Degree,English,19
d9313fc7-0a1a-40b8-b6be-47a303098acc,Bachelor's Degree,Science,9
f6dcb144-86c2-45dd-8ed5-65661edc24f2,Master's Degree,History,6
5f7c45ee-7fa7-43eb-b03b-cad973b3365a,Bachelor's Degree,English,6
60d3ca21-74f2-439d-a44e-47c78cc9636d,Diploma,History,19
f493fb4c-8416-4fa7-95f9-c57e3298a9c2,Master's Degree,English,8
f53307d0-5478-4aac-a05a-77009d9d01a9,Master's Degree,English,6
941cc000-bf68-4df9-98f0-d30f55286afb,Diploma,Science,22
aece22e5-26be-4f6c-9a58-5b7667f97627,Master's Degree,Science,3
15a5ee3b-7085-4155-8ccc-7cd5228fae6c,Diploma,History,1
dc066281-c721-4b93-bdac-89be22388056,Bachelor's Degree,Science,29
8728542d-fb83-43df-842f-66c7130e90eb,Bachelor's Degree,Mathematics,23
e31a353a-bad7-4950-bdaf-9b0fd0da59ce,PhD,English,1
d77686ff-1dd2-4edf-8160-d60fd0dfa466,Diploma,Science,10
3e5029a1-2954-422c-8800-c3f24e9a4904,Diploma,Mathematics,1
205855e2-4df4-4b28-94eb-0cbfd59a828b,Bachelor's Degree,English,1
ffcefa03-ba6f-4492-8d18-409974b9491a,Diploma,Science,27
da13de13-3d75-41b5-b360-8450729f11ea,Bachelor's Degree,History,13
5e31f2e7-c21c-41d7-affc-8b14c208546d,Diploma,Geography,19
0b8fc7a8-d50d-485b-832f-a8675b9360ce,Master's Degree,Science,2
e6b80225-0f1f-4d27-8b0a-cbfab8dd89bc,Master's Degree,Science,17
a14d828d-af5e-4f8f-b821-ecd0d6d5ca0e,Bachelor's Degree,English,30
87c5ba66-a702-40e6-81a4-6a8913dac2c9,PhD,Mathematics,29
5a1a0e17-4380-4437-ae90-b081493036b0,PhD,Mathematics,16
e0b087b7-4e0f-47a7-8863-a3f8311b5285,Master's Degree,Mathematics,3
0bb6278b-fc29-4b8c-ac66-c972ee59272f,Bachelor's Degree,Geography,7
5e9b92a5-955a-4aba-8b24-c1c2ec91464a,Bachelor's Degree,History,8
304f6145-67c1-44de-93d4-de8ab016bebb,Diploma,English,22
72361ec4-6bc6-4f4f-a3ca-0346eb806df9,Master's Degree,English,18
f3c7345d-bd30-494f-b42e-654d105419d6,PhD,Science,22
cd666a38-bb64-41f9-92bf-109ef3912f4a,Master's Degree,Science,24
69599ac8-c5a0-4c1a-a3b6-812734fbacb3,Master's Degree,Science,20
178f3636-6a04-46d3-8fd9-680cdd2ebc9b,Diploma,History,2
3ceda1e1-3bec-4769-9e6a-1d8e24146707,Bachelor's Degree,English,24
f3c6d282-6b89-413e-bdbc-e365bcca8407,PhD,History,22
090bff9f-3809-4867-a8f5-cdcef94efd2b,PhD,Mathematics,4
39067d25-0a75-4f5c-8c95-b51f98f19e4e,PhD,English,30
c2137971-3022-4463-bf84-9eacacc90045,Master's Degree,Science,9
47e28a76-cfb4-4734-896e-1d6e230edd18,PhD,English,26
a69b63d4-bba4-4a93-a504-0f24bfd6f327,PhD,English,11
bf9a0896-ef3f-4ccd-aa2e-1d319d447e39,Diploma,Mathematics,13
deeb2e59-9bb3-44cb-a272-46ba7d81a0a8,Bachelor's Degree,Science,30
1ef13ab7-d1de-4453-b7fb-535cc0469777,Bachelor's Degree,Science,22
13b78745-fb5d-4ad3-95e5-6afe5a9afc28,Diploma,English,7
fcc5b6a9-1328-4d70-b8d3-1136f8fb466a,Bachelor's Degree,Science,21
6e437c2c-3d6a-41df-8806-f64b01b71c39,Master's Degree,Science,21
f72761a9-e140-4b1e-9f4e-19701dface63,Diploma,Mathematics,1
3d0a3059-4fb8-475e-b839-5d1c7b93ef91,Diploma,Mathematics,4
2bb46955-8fdb-4c1d-8400-da6db4105597,Bachelor's Degree,Science,29
51fdeadb-0802-4208-9250-2ecdc6137609,Bachelor's Degree,English,27
90307e01-0770-48ed-882d-2bc6aa079d45,Master's Degree,English,10
07007975-8d87-4bbd-ae7e-9e5c828ec70c,Bachelor's Degree,Geography,27
552bcf45-0fd0-4634-ab28-9d216e782ce8,Diploma,History,7
901f6303-d232-4a7a-9906-632d3a64ecfc,Bachelor's Degree,Geography,3
29dd343c-1a70-4e7e-bd33-85f37ff0fd1a,Master's Degree,English,6
c8c3d89f-83c9-4482-8b6f-ff39fe308e8b,PhD,English,10
d01e914c-b363-4ffb-b703-6c1e2171016b,Master's Degree,History,30
a1a55323-a1ad-44b6-94cf-75928a0a5e7a,Bachelor's Degree,Science,25
04e0ab92-24d6-48d1-83ae-70479f33a411,Master's Degree,History,7
2f3f4e09-389a-41f7-8d61-5a963041f22b,Master's Degree,History,5
241acacf-c444-4b6d-8b4a-772e27f4c578,Diploma,Mathematics,24
cdb53df3-2221-41f6-8f01-188e57ba3030,Bachelor's Degree,Science,4
bf6d9052-36df-4f68-8edb-88ae35224a22,Bachelor's Degree,Science,12
7fda773f-3869-49eb-a5f7-958ce264d5ed,Master's Degree,English,28
d49816b8-6732-4923-8ab1-cfe916e01707,Bachelor's Degree,History,12
d28b65e3-9377-40d0-b1d0-1c53ddc28e39,Diploma,Mathematics,8
afc2a4bc-6e95-4b37-b2b0-134795990520,Diploma,Science,18
bb3b586d-f8ef-4016-bd77-86656e8aed01,Master's Degree,English,22
64878bde-e602-42b5-ae6a-4279750dd3bf,Master's Degree,English,6
336eb443-3581-4920-88ba-0d9e22eeec5b,Master's Degree,History,26
07efb4cb-f1bf-4fce-9d16-e6b0f6f996f7,Bachelor's Degree,History,8
5172a14a-bab5-4de9-b4a1-903d3a364da1,Diploma,Mathematics,28
eea7bc0f-9a51-4dcb-aa66-9c0f5e0db5aa,Master's Degree,Geography,3
8779cc81-644c-488c-9de9-eb636cc7ca9d,Master's Degree,English,29
88c0f7e3-6f97-4444-997b-7a5bc4d1e890,Bachelor's Degree,History,13
1171dc71-ba1f-4e1f-af87-bd8811606465,Master's Degree,Mathematics,5
053eb68f-0e36-4ff1-b0e0-30b6f99250b6,PhD,Science,5
1c065ea1-87bc-4640-8cc2-d061250f4425,PhD,Geography,6
9f90ba79-6cb6-4054-bbd4-e54b1c7755f4,Bachelor's Degree,English,14
3c61e0b8-b91d-402b-89bb-0dbb2ea8c6b7,PhD,Mathematics,8
950c6f71-07f3-4e39-b221-68cb9d8f1c28,Bachelor's Degree,Mathematics,11
38487b90-cacd-44d5-9ae4-36e25d26a494,Bachelor's Degree,English,1
8ce52f73-ef3d-4eab-84f6-077d2a70f3cb,Bachelor's Degree,History,20
503b8753-725e-47fa-bc4c-f6656095c259,Bachelor's Degree,English,19
87de8c6e-31ad-4b29-b6ec-3f418d26d051,Bachelor's Degree,History,27
fec628a1-53b6-4c30-b8dc-03fd177b53a1,Diploma,Science,18
8010f3e9-0a76-4a91-bed1-80c7c3710bb5,Master's Degree,Mathematics,21
9c736501-900d-4fcd-8109-6a319f074493,PhD,English,18
814d704e-5041-42c9-a819-8469827ea1f2,Diploma,History,25
ab2c94f3-e4f6-4e5e-9a21-90dc32295b74,PhD,Science,9
816ba63a-612f-43e3-bee5-7c4891a77b15,Diploma,History,17
f83310f1-dbfa-404b-ad3a-dce6ed4e4ab8,Diploma,Geography,8
85a54fb8-2754-40b1-9c26-9ccf3a945b56,Master's Degree,Science,13
c05ff6c9-36fd-4dad-9c3c-909db5baf122,Master's Degree,Science,30
7fbde113-cce1-42ed-83a0-eb9e79164654,Bachelor's Degree,English,30
accb0284-b290-4d06-9c77-5ed352495f20,Master's Degree,English,21
00b2751f-193d-4623-a116-5268feb3b1bf,Master's Degree,Geography,29
1e4eeae7-65ac-4120-a230-0cafe8e902a9,PhD,Geography,16
0d1f5baa-2a80-4441-8b88-7a273c85a1b1,Bachelor's Degree,English,23
5cea16fa-8d58-4b8b-81d2-e997e9baf5a8,Bachelor's Degree,Mathematics,16
324f5718-ba72-472b-a67e-4eceddf9009c,Diploma,Geography,25
291b9a66-0be0-4fae-bc0e-db0f93c2ca09,Diploma,Mathematics,29
18e0ed7a-9851-4665-9201-517e250b68f8,Master's Degree,Mathematics,11
7b8702aa-e183-40e2-b4f4-6d48c06ebf07,Bachelor's Degree,English,18
419b38e9-6a9f-45ef-8ad6-5e91f6d3a5b9,PhD,Mathematics,24
4d56ba4b-80dd-4e6c-b479-77c45dad5af8,PhD,Geography,27
4de581df-bc1f-4ce2-9b58-55e680fa3ea3,Diploma,Mathematics,5
446766f5-c3be-419f-9a9c-0705be70fdf2,PhD,Mathematics,13
871cd97f-3fad-400e-955c-f383b3589ca8,Diploma,Mathematics,24
a15dbc49-cb9b-4e6d-a71e-7da73b134d3e,PhD,Mathematics,9
59446c99-1ad8-4df7-9c84-b1141e4ddefa,Diploma,English,6
fcba23cc-6c7e-4530-b3b6-72b5ea7c80d4,Diploma,Geography,2
0560835e-1d81-4d06-889b-bd21e235c720,Diploma,History,15
9b335470-836b-4a8e-bbf9-87d53ceabca5,Bachelor's Degree,Geography,29
b06b18f1-aac4-40e9-b35d-5919a45b6187,Bachelor's Degree,History,30
82ef5528-f898-4007-a068-53dfdcf6396d,Master's Degree,History,22
d8e05bc1-0cd5-4453-aaed-9659165c3efc,Master's Degree,Mathematics,2
a3f4bf91-6d12-4e6a-8b2b-c6c652997d59,Master's Degree,Geography,23
7aa08ea0-d2d6-4351-99fe-29601de32d01,Diploma,English,7
d8d7e4bd-06bb-4d0f-8ffb-672640481f64,PhD,English,25
f7347d5f-432c-4a4d-a7d5-5220717fecad,Master's Degree,English,23
500b24b0-0ce9-4ef1-9653-6de8f5a7eb2f,Bachelor's Degree,English,28
e1b18cc5-335d-4972-9315-e1bba75b37f1,Bachelor's Degree,History,15
cbfd53f3-1f58-4c0f-9d5a-368b0bb0f2a5,Bachelor's Degree,History,10
5c995ae4-4bc6-4966-9030-1cfe34031585,PhD,Science,3
edaa8081-4c55-4cd6-a874-bfabacf7c55a,Bachelor's Degree,Science,13
53e7115a-18a8-41c7-b4d7-5a4333f2e6e2,Master's Degree,Science,27
b8415de2-45b1-4933-8da0-3fdd7a46166e,Bachelor's Degree,Science,5
5ffae390-4975-4eb4-b8a1-6fb6f5629cf0,Diploma,English,26
c00795a5-31fc-4c78-9bef-a359f35f0c38,Diploma,History,28
20adb943-af2a-471b-98cf-8989adf1ad5e,Diploma,English,22
2f629a13-f486-4f8b-beb1-b387df01e3f7,Bachelor's Degree,History,12
fa636b9e-636e-4c30-9879-17622eda291d,Master's Degree,Science,8
26bc47b1-45fc-4dfc-afd5-566283f9921b,Diploma,English,16
24a6ce29-57ce-488b-9136-d8fde96fea78,Bachelor's Degree,Mathematics,28
7e20dc89-1009-417d-8ff1-030746f23267,Bachelor's Degree,Mathematics,16
5acd07bf-7c27-46f0-8dc2-b148f76ffe50,Bachelor's Degree,History,22
4a1399b6-6a32-4db1-acbd-8976459b7c11,Bachelor's Degree,Mathematics,14
bdfa3049-4901-4c30-92de-9a53f1fbcc73,Diploma,Geography,30
197576ef-5890-43a4-9391-cf0b8c462a26,Diploma,English,9
87520591-4232-4f66-ad60-464a4db2ab00,Diploma,English,24
c602e578-c49c-4b4a-a2ec-eb3bec726eca,Bachelor's Degree,Geography,8
96907514-a3f6-4522-b04c-fbdd8ef446b8,Master's Degree,Science,7
c6942059-15cc-4085-8e97-21a5056e5ea3,Bachelor's Degree,Geography,18
3e506f7a-c39a-4a5b-b2e8-dc15fba774fd,Bachelor's Degree,English,6
029b01c0-156e-4e6a-931f-4897eda0102e,PhD,Mathematics,17
c33d07ca-929b-43b9-9be0-09675a4502bb,Master's Degree,Mathematics,11
2cb15ab3-b7f2-4ba0-85de-e0b9ab7a7756,Bachelor's Degree,English,27
6c554538-6148-4ecc-9118-d99fa2e81c58,Master's Degree,Science,6
a071ebb7-b674-4631-b8b9-655dde4b5229,Bachelor's Degree,History,9
4d228754-642c-4f40-8788-f45d062ff236,Bachelor's Degree,Geography,7
f809c165-2b7f-4603-a418-19709d2211a4,PhD,Geography,22
1a0a5069-94b6-4b05-8c95-2f92c7ff0153,Master's Degree,English,13
359add91-b981-4a2b-96aa-750676c1d820,Bachelor's Degree,Science,26
786a68c9-c9dc-45f9-a88f-73f316fec8e1,Master's Degree,Science,15
089ec001-d1c0-4db5-8afb-d4a9f3c40882,PhD,Science,2
a242495b-009f-4bac-84a0-eaba78c5d846,Master's Degree,Science,4
c3149e54-bca3-4609-bd6b-01954b261a65,PhD,History,2
b5223fd3-c3d6-4a7a-bd5f-f470f0876728,PhD,Science,22
c7150c8a-f8ba-4a50-b064-b7abeea55ac1,Master's Degree,History,24
4dbf745b-3174-4e31-8f69-a7120205f5d8,Master's Degree,Science,25
b2ba821d-1cd2-4e71-b596-dac3fe930b33,PhD,Geography,28
8c61f6a3-8e84-4521-9b64-93f7d28be82c,PhD,English,9
5e2fdf44-204a-4c36-88f0-eb4d207c9725,PhD,Science,27
48cd838d-187e-4cd7-9249-6c2987e68dd8,Bachelor's Degree,Mathematics,19
8ca3b3cc-6430-44cb-8cf1-c75d48a7c1df,Diploma,History,3
b0bb7522-0756-4282-b25c-28ae256c3eb5,Diploma,Science,6
9aaaf892-a857-4986-bdce-cf975c363b22,PhD,Mathematics,15
217f1de9-3e6d-4f44-a662-37b8cc6ef6a7,Master's Degree,Science,14
9b656b72-6244-4586-8277-30f2e9c280cf,Bachelor's Degree,English,8
d5aff074-6f60-4ee7-bfa4-092cdfe03842,Master's Degree,Geography,11
c98a9ea0-ca7d-49c6-9191-c436cf33244c,Bachelor's Degree,Geography,16
32961425-0f56-4ba4-975d-9b5cd7f1fb53,Master's Degree,Science,16
39fef25e-424f-4907-8380-427e85f9e3fd,Bachelor's Degree,Science,27
62b00581-6c4e-4773-a36e-9e7bb2a9e878,Master's Degree,Mathematics,4
3f6b1815-0372-4eb3-ae74-5185b988cb2f,PhD,History,2
7b1b3b90-d9de-4005-a851-224048884380,Diploma,History,11
b0fa8658-fa8e-4889-8b29-c71db550f0f0,Diploma,Geography,26
6fc67842-e288-468c-9c94-01202f120054,Diploma,Mathematics,10
b236a953-2cdb-454f-8c72-724548eb03a3,Bachelor's Degree,Geography,24
f0739932-fefb-4f3f-9b39-678decbe1c9e,Diploma,Mathematics,9
864ee771-32af-4002-9cce-63fd943981ac,Bachelor's Degree,Mathematics,8
a09c86f5-9a12-4a3b-889b-9a66dce03008,Bachelor's Degree,History,30
5e9112d4-ce54-4f85-9245-160cbc390664,Bachelor's Degree,Mathematics,11
25b92e10-dab1-444c-ba91-6ab448a83852,Master's Degree,History,23
76733b16-e7bf-4349-b193-76a37cad3c75,Master's Degree,History,16
c2b188c0-6c2a-42ba-b386-c52c60af77bf,PhD,English,2
f20e6e95-69e4-48c2-b7ea-309ed21ef6d7,Bachelor's Degree,English,26
e34085ef-4fe5-42ed-9a49-1de35c2ff71d,Bachelor's Degree,History,18
bdd39678-a53e-4da2-a61a-b8490b98e4a6,Bachelor's Degree,Geography,7
0127b432-4ad4-43cd-920f-7e2a631185e2,PhD,History,26
6178b49f-9ba4-467f-b93a-8dba686957f0,Master's Degree,Mathematics,8
3a761d85-86c0-4a2d-b8f5-4830899d84ea,Diploma,History,12
5294216b-1e99-4e01-8bd1-057da5598729,Bachelor's Degree,Science,4
a5ff1d12-0960-47c2-a024-78a113c53972,Bachelor's Degree,Geography,23
8c8fc15a-24b0-4011-b2ae-981107988a22,Diploma,Geography,21
76913767-7f6b-4fc0-8acb-b7a463701636,Master's Degree,English,15
12454fc7-76c7-4c13-9d6d-f8d1154cbcb7,PhD,Mathematics,11
ae2ceeab-76d7-4139-9fa8-093f2aec3aa6,PhD,Geography,23
5277bf1a-6cd3-4e8f-bde2-88a6be0ee3ad,Diploma,English,11
59b4be67-87c9-48f1-8c95-d5f59f6ba023,PhD,English,3
7581ffdb-052c-430f-a2c2-8495d4287564,Bachelor's Degree,Mathematics,23
879ae8a8-394b-4013-a093-25ac50bf0d2e,Diploma,Science,30
53368e50-e057-43a3-ac5d-a267cdcb4752,Diploma,Mathematics,28
5d83dcfb-06e7-4b16-9063-4b2a221ffc8f,PhD,English,8
6962bcbe-df51-468b-954f-fa913c6ba798,Bachelor's Degree,English,17
a61a25f2-a3cd-4b42-910d-07747ecbb6cc,Diploma,History,5
4544db86-b77e-4a15-9b93-43a9854aa0f1,Diploma,Science,27
001de9e6-f82d-42e3-832e-b81246d2303f,PhD,Science,19
2bc4f26d-70ad-4bba-a044-f81c2103bad6,Bachelor's Degree,History,9
0d66279b-21f5-44db-8166-9ed800252c2f,Diploma,Science,15
74b78724-af46-4655-a781-f342f4375a15,PhD,Geography,26
f7aa0f7d-7bd6-4533-9492-6fa2f9a75ab3,Bachelor's Degree,Mathematics,19
5e4ad5fe-3582-4dde-9cd0-8bebfd727c53,Master's Degree,Mathematics,14
2245dfc3-bbc5-46f2-9845-6de1ad5ef944,PhD,Science,17
85b596d7-e64b-4809-ab44-8e2baff34008,Master's Degree,Mathematics,30
f40ebab3-59f7-4b7d-8d7e-f474afa9d817,Diploma,Science,23
cbabce75-ed2d-474d-b6a6-4581258e5834,Bachelor's Degree,English,6
0490a5d6-2de9-4f5a-9f2f-9752fd5e0645,Diploma,English,11
a2398470-0a57-4b0a-95f2-592310df1ede,PhD,History,8
74d04aa1-34ad-4057-b896-dccf6976d5ae,Bachelor's Degree,Geography,4
41145fd5-30e3-4968-8973-708301f5cc66,PhD,Mathematics,15
e888f69a-f5d1-46a5-84cb-87beed077901,Master's Degree,Geography,23
b8369274-ffab-49e9-88fa-a6e2c482a685,Master's Degree,Mathematics,1
2299bd70-b25e-479e-b5ef-d206de906704,Diploma,Science,10
860f09b3-5f13-4b67-bdfd-145c92b03c65,Master's Degree,History,20
587eb560-9343-4fbb-ba61-215e8adef829,PhD,English,18
dfebe9b7-6e4b-4096-aa7c-abccf5749d04,Master's Degree,Geography,7
1b69bac1-e6d8-4a03-9318-776eac27e41f,Bachelor's Degree,Geography,2
34fa3a78-ec2b-4f9d-a76e-e494fd808cad,PhD,History,16
bb76b637-9684-4d4b-8a65-b590ed8763b5,PhD,History,17
f6d68ed7-a0e6-4713-8c3b-623e683ed95b,Diploma,Geography,29
2f928e0e-e626-4f1e-98e7-3b2d47780fd5,PhD,Mathematics,25
c4f75f43-25b6-4102-96a4-1583599f95ae,Bachelor's Degree,Science,9
3db5ce98-eb9c-456d-a392-bc01ff80d097,PhD,Geography,11
66c6cc78-ede7-4d96-986d-1be3ad6712e3,Master's Degree,English,28
2297f1c5-ae6c-41a9-b01c-6f5aed421d30,Diploma,Mathematics,8
a2f7ad0a-40a6-4681-a6f4-a264df97fe3f,PhD,Geography,15
5106cf77-d68a-491f-b4f8-e0d2fcfed384,Master's Degree,Geography,28
63d18abd-ee9e-4278-ae99-c839703fc1d4,Diploma,Science,14
89d6d171-0e9d-4ede-ba3e-34f480d709a2,Diploma,History,19
ba87ad53-98ab-40f4-a054-152f9f8ddfca,Master's Degree,English,22
49abe312-40ed-4b0e-810a-c7ebf7efc25b,Master's Degree,Geography,26
2910195b-9702-4cc5-8bc3-62793cd0c16c,Diploma,Mathematics,15
151764cf-776e-45dd-8364-683de50c0713,Bachelor's Degree,History,14
3a634b27-84f7-4570-9453-0ca03c860a72,Bachelor's Degree,Science,22
83872178-23e2-498c-a1b3-89a883a0cae9,Diploma,Science,28
d12c42aa-6c84-48f2-84fb-92914dfe72a7,Diploma,Geography,13
2357e16a-5335-4c01-88a6-f84fd377f76b,Diploma,English,1
ac4962ca-2df8-4f2c-ac77-531e05467631,Diploma,Science,14
6b79b5bf-9fcd-4e03-ae10-8959fa45a3d6,Bachelor's Degree,English,23
3b5252d2-0329-46a3-97e7-a44ce08e3191,Diploma,Geography,8
b3733691-e77e-4b2b-a92a-2c35c207329e,Master's Degree,English,4
c822c039-168d-4eb0-8638-0a7ea6b4ce5a,Diploma,Science,13
b4017dc5-f444-4a44-88f3-f27970242e16,PhD,English,8
d09ece2a-2d12-46a0-b2d2-1cc594674d71,Diploma,History,23
826c2e4b-a0ef-4440-b10b-f9c9e8d9dc91,Master's Degree,English,17
d9911f93-2f11-49fe-b3b8-13deef7fd2b9,Master's Degree,Geography,24
fa07e96c-cfc7-4d7f-81cb-d259a4ac5c18,Bachelor's Degree,English,23
3f94393b-41d9-4e64-870d-dac028e19cd2,Diploma,Mathematics,12
3e4cc68c-9c49-47fe-9a9e-7fb2405b882e,Bachelor's Degree,History,14
f1343e57-8e63-46b2-8630-810c0a69e88d,Bachelor's Degree,English,5
bcae74e6-1cc7-42d0-9b31-9503cb46505a,Bachelor's Degree,Mathematics,12
4d69d750-016d-4fd8-a13b-95421009ddd0,Bachelor's Degree,Science,6
1434c9bd-c32b-4d82-af46-84b9fc9f04ed,Master's Degree,History,15
9d4d8ffb-7798-4d1f-b1f0-8737e426a532,Bachelor's Degree,Mathematics,21
c823f760-994a-451f-9ca9-26a5d9b20363,Diploma,Science,18
1bc40761-2290-4852-881c-56dc72becc53,PhD,English,4
f12873a9-3e50-4cb0-bdce-5a1909ab17f1,PhD,English,9
7f44cc04-6456-4348-9f45-dcdad4fa0cf6,PhD,Science,13
e16bbc32-d053-48b6-a1ff-a16775c38568,Master's Degree,Geography,28
585731b3-576a-46ac-b790-a191e415bc91,Diploma,English,5
886dbbcc-b132-4cda-9b0f-3e1355b1dce5,Bachelor's Degree,Science,15
9fbf3257-d526-41b6-a56f-89fbac6932ce,Master's Degree,History,12
8261fd81-2ac9-438f-b304-d759aad8b1a1,Master's Degree,History,10
ef56acda-8877-4eb0-bdde-060e89630394,Diploma,Geography,2
d75419ab-8afb-478e-8629-c6c4dba13829,Diploma,Mathematics,29
836b5ca2-64f8-48af-8316-d4909634468e,Diploma,History,13
50f40d0f-52c0-4528-8240-919bf4be2aff,Master's Degree,Mathematics,2
622e64ef-d2bd-456f-a84f-be901c90d3c4,PhD,Mathematics,1
f1c61c88-948e-46b0-b22b-4e2be48eace5,Diploma,Science,4
181bdcd8-798b-4307-a256-bd03bf647287,Master's Degree,Mathematics,12
eb8a6b7c-2084-4dfe-8764-e379ca878236,PhD,History,30
fb802970-59e8-4523-9c45-6c45277be4da,Diploma,History,13
5d5be394-e36b-4655-90af-1e38d665d9e3,Master's Degree,Mathematics,5
89ec287f-4fd1-465a-b8df-e063ad385164,Master's Degree,Geography,7
d67e5990-ca27-4dfd-81aa-fc81ea86cfdb,PhD,Science,10
9cdabb58-a4cd-4900-a060-8db978718f87,Diploma,Geography,15
006f2a1c-ee15-4eb5-8c3e-5dc043857298,Master's Degree,Mathematics,6
c35535a6-c111-459b-9b7c-1c74397a007e,PhD,English,13
4fe76597-6d9b-429a-9f4d-c7fa9263bd65,Bachelor's Degree,Science,15
4e90f6b9-0356-4b37-af64-b5b3c69ebcdc,Master's Degree,Geography,30
c83947a5-20be-4935-8fe4-5a88cc0bf3b4,Master's Degree,Mathematics,26
e3f6fbe8-4435-4cc1-8c2d-b4e55faf55d1,PhD,Science,25
58b86fa4-ad69-4887-9091-b691e9c225b8,Bachelor's Degree,Mathematics,8
6c52674e-6c94-471c-98c4-bbf71ef10483,PhD,English,9
51265161-3d14-468a-a08f-63d45301e70d,PhD,English,4
b404c621-f994-4eb2-b67e-05bd90329410,PhD,History,3
d19d8122-7bfb-426f-b1c2-9e3381003890,PhD,English,24
d54b14a5-b646-41cc-8b52-c8cdd1f36965,Bachelor's Degree,History,14
54521bfd-519c-4a33-9974-4cd7622b8ec7,Bachelor's Degree,English,26
cfeccca3-bab0-430e-91ef-4bdc9fd4229a,Bachelor's Degree,English,25
a7d9488c-fe99-4146-a13e-17c985254756,Bachelor's Degree,Science,29
80e37e1b-b93c-4e23-b20d-0464107718b6,PhD,Geography,28
e271231b-f8a5-4668-817e-24ee7671295c,Diploma,English,22
4b60eddd-9686-4e3f-afb8-3f0f55160d18,Bachelor's Degree,Geography,30
131c15c4-affc-42d9-9ead-ab533003cfbb,Diploma,History,13
5a587f2c-e87b-4ec4-bc30-9427b43bb075,Bachelor's Degree,Geography,7
b17cb811-b4a0-43c5-9652-b70ee198b904,Diploma,Science,30
aac29ed5-7fac-46a3-b6ce-19d6f8b3dc06,Bachelor's Degree,Geography,13
702fac9f-9bdd-47b5-a23d-188bb3d4ebf8,Bachelor's Degree,Science,8
f96005b2-6ad4-458a-b822-4b132727e56c,Diploma,English,27
77a6c22f-1b8d-49be-9c78-5379b2cfadaf,Diploma,Mathematics,23
39d90a8a-9cc5-45ad-ab21-08633299df7f,Master's Degree,Science,29
1a58a7be-f9e6-4021-be26-ea887a32ea84,PhD,Mathematics,2
3772e1b8-cc9c-4e7f-872c-5b7fc3a642c7,PhD,Geography,5
73f2aaf6-bc89-42ad-9a03-6c9af9023f9f,Diploma,Science,1
e03c8082-63ed-4bb8-82d4-34fd0aef07aa,Diploma,Science,1
54e33dba-e5bf-48e6-8fdf-8b2bd6beec52,PhD,History,8
962ccb27-5d44-4473-ab8a-25294db72b6d,PhD,Science,24
981e1521-7209-4584-984d-52de8e9ea4fb,PhD,Geography,10
85d5c025-1979-4e10-8ab2-b5cf2723f592,PhD,Mathematics,28
f430c452-46cd-4032-898e-f2e50c355eaa,PhD,Geography,20
8046f55a-9123-4532-b437-75c421cce32f,PhD,English,17
36b21dac-4409-4d19-aec4-ba85a900f7bc,Master's Degree,English,6
834b357c-8e7f-4a07-b3d6-95332ffea8aa,Diploma,Science,24
fb5f8d3f-fc89-40c3-9853-e5484526cb18,Bachelor's Degree,English,15
03464dbe-0f1e-49ea-a5fa-207f52e3419a,Master's Degree,Science,9
61ccda73-ff98-49c7-b07b-2d1711965c81,PhD,History,17
e55ee744-2ac0-45c6-aa7b-c2556c11553d,PhD,Geography,7
c83ea944-2c19-4032-a86c-1060148022d4,Bachelor's Degree,Mathematics,20
08723101-aa01-49ce-908d-d9d1293ec1de,Master's Degree,Geography,2
e9bdb486-be49-486e-8943-922ca9d80235,PhD,Science,7
4d87faa4-5c17-4149-ae79-10ab4a51edcd,PhD,History,16
7b8f9902-2ffc-4a01-8d59-bcd5fab747b1,Master's Degree,English,15
93639329-9948-4381-9e60-05182bd49419,Master's Degree,English,8
5cd5f83a-673f-4541-a9cb-5ad77622ce50,Diploma,Mathematics,21
87faf1e8-cd71-4504-a4e2-96dfe6a08c00,Bachelor's Degree,Mathematics,20
d0eb2aa3-6d5e-40d1-9e02-2e16bda06dcb,Diploma,History,22
04d1d033-db97-45aa-83a6-e7f8b4bde31d,Diploma,Science,16
45e93273-f4a9-4d69-9200-a673eca172e9,Bachelor's Degree,Science,30
d6f11866-9ee2-48fd-b0fa-3664da125515,PhD,Science,10
0af6f4c8-8313-4caa-8c61-5c6d92b4c6cf,Master's Degree,Science,20
98fd6dae-ff59-4920-acd9-d2fe53236e3c,PhD,Geography,12
28088087-d6af-4f7c-9fd4-5b4ad94a4869,Bachelor's Degree,Geography,4
088d9c63-9274-42f2-97b1-df5a9acfc271,Master's Degree,Science,7
4d0710c9-588e-4ed3-a822-449ef17aaed7,Bachelor's Degree,History,9
32890aad-039f-4de3-b333-ff504acd2118,Diploma,English,9
343f4504-a7dd-4d2f-9ae2-2da3472f3d73,Master's Degree,Geography,20
a1ef3344-5b1e-4619-8f67-6bf22b1f5075,Bachelor's Degree,English,11
11648caa-f904-46d1-86e4-e6ea53de1006,Master's Degree,Geography,30
dca46912-c40c-4dfb-afc8-1cd56aea1af7,Bachelor's Degree,Geography,27
002479bd-5631-4930-b86c-d419d7aca78b,Master's Degree,Mathematics,3
fde25de3-be51-48c7-b922-f0fced5ffef5,Bachelor's Degree,Mathematics,8
5453ab07-e7b6-48bd-aab1-a9b515e8a7bd,PhD,English,14
b3fc18c5-4295-4fb5-adce-3ded7bb36e4e,Master's Degree,English,29
16439a2a-eceb-45e7-8914-8643e9b07c05,Diploma,Mathematics,19
c6d5b4bd-d015-4daa-a996-6d67596c45df,Bachelor's Degree,English,14
73780855-1ce7-4533-a9c7-350668a16d04,PhD,English,20
7c316032-f2e5-4567-9773-9868ef6f7064,Bachelor's Degree,Geography,26
5dc10456-048a-4314-89b2-067ef448239b,Master's Degree,Science,27
52c65938-4383-49b4-a575-54655bf75519,PhD,English,3
48fda52d-d7dc-49fc-bf16-567837ee58d8,Diploma,History,10
d480ef79-d900-41f5-9d0c-07b4b3e49394,PhD,Science,3
89770999-6ee7-4188-8296-d051c89538c8,Diploma,Mathematics,6
bcc8c9ba-31b4-42d0-a41a-21d6146ae7f5,PhD,Science,3
e64bcfa4-31a7-4f86-83bc-641f82ea8ef5,Master's Degree,History,22
46fec5e1-b189-4af7-b4ee-0e8f5422e742,Bachelor's Degree,Mathematics,11
fad52008-2249-4282-ab51-eb7c70846ff0,PhD,History,26
96c946d4-d8ca-4580-98e3-803f9b76342f,Master's Degree,Science,29
23ebaad1-60df-4669-9008-d99f9ac732b1,Bachelor's Degree,Geography,16
bf1708e4-d286-4a13-93a3-027147412c83,Master's Degree,History,25
c7c514e4-a43b-44b8-aba3-f25cc987c131,Master's Degree,Science,4
8e3218ab-6d2f-4239-a4ec-1ddeb74594a4,Master's Degree,Geography,24
feca38f5-02e7-4b39-8391-90ed59ec5f1f,Bachelor's Degree,History,4
cb76fcd7-99ad-4f84-a173-6f69d8193e8c,Bachelor's Degree,Science,10
a6b77397-ccf7-49c6-8a1f-5cb594454467,Master's Degree,Mathematics,25
b5063fb2-3131-4031-a256-3fc4ba454440,Diploma,Mathematics,26
993cf855-5a86-4c5f-81c3-7e947b33daf7,Master's Degree,Science,19
281f6b6f-a6e9-450c-8106-4cbcf2b8eaba,Diploma,Mathematics,20
e9da4d30-5eda-4a1e-91fc-4d15db1b9779,PhD,Mathematics,23
a9e27b70-add5-470b-9ed8-0cc7b3a7a25d,Bachelor's Degree,Geography,20
cd8562e1-a271-4ba6-8823-cf14805c0f5b,Master's Degree,History,20
f474f438-e4a4-48c4-9f1a-6536f7f2531f,Master's Degree,History,15
c64996ee-5f19-4b97-9191-3b078248f385,Bachelor's Degree,History,2
e2ae4e29-e59b-4c2a-a02b-b0246c9b31b1,Bachelor's Degree,History,2
ac47cba9-2184-4a79-a94a-dd24d875225f,Bachelor's Degree,Geography,27
261eeb92-c300-4394-b4c0-7032abfee345,Master's Degree,Mathematics,7
085f3909-3244-4feb-88b4-a7e2ec3d601d,Master's Degree,Geography,18
7181f972-7584-49f6-aa46-81f53cebcb23,Master's Degree,Science,12
c1e617af-902b-45b5-8f56-e37438e9744a,Diploma,Mathematics,14
e2e7a052-a85d-4ea2-a221-dd99be41ea42,PhD,History,9
c52f62c4-5db4-4647-82d5-54395a406234,Diploma,Geography,10
6c25c095-2f82-42ed-985a-48460c34ddcd,Master's Degree,English,21
d45a3d33-2fbe-47c8-a9c7-036a98c2ab35,Bachelor's Degree,Geography,1
624dc86f-02f1-4dec-bb09-6fefc5b71962,PhD,Geography,16
1aab1171-a058-4f49-991c-ead7b66439db,Master's Degree,English,12
7cd3f76a-de75-4f95-b00b-587822bdf6fc,PhD,History,23
91992d93-dda6-4da2-9488-582d5ca9068a,PhD,English,21
ead47c30-8016-40ef-83e0-dd7cfd9693b2,Master's Degree,English,5
b9bd7124-3275-4ae5-bda2-8f11ad91406d,PhD,Geography,21
87334934-8b0f-47d7-9dc8-ebf153481d68,Bachelor's Degree,English,7
85ed1c70-d9e3-4dc3-9b9a-9875557d176e,PhD,History,3
79c61089-5c48-4e5d-b5df-94426cc9ba88,Diploma,Geography,18
a935119e-0aa1-4078-9581-be7262af132a,Diploma,English,29
b3e45a20-413c-4e52-91d1-192521fdc3e0,Diploma,Mathematics,26
d413c667-198d-47e3-b8e5-52fbcc6b3880,Bachelor's Degree,History,22
25f3492c-3eeb-4aad-8e75-909fb51f44c7,Diploma,Science,13
86cd764e-c0dc-46bd-b4f9-35fbdd2b3d88,Bachelor's Degree,English,9
a47ca73e-2dc3-496b-9ea1-6b9f62309914,PhD,History,13
7c6d07db-1b70-40fb-b3b9-e99ea4ca4233,Diploma,English,29
26951f37-f745-4299-9093-31d5e4e770ee,PhD,Mathematics,6
ac6a8956-d04a-40f7-8474-9595831156b0,Master's Degree,English,19
bd9524cf-96fb-478a-99c0-7ddb9a3d047a,Master's Degree,Geography,28
e828d936-641e-4a9a-9f1c-56ea28aecde2,Bachelor's Degree,History,6
37edb900-cd04-457b-adb7-b6a9f7f87505,Master's Degree,History,9
f8fe11ee-179d-45ac-9eda-f63994c920c0,PhD,Geography,7
626aca2d-adb3-462f-b6a7-a4ef88d271c0,Bachelor's Degree,Mathematics,19
edc78294-aaf0-4b0c-8fd8-73658251bef6,Diploma,Mathematics,5
a165f399-7d90-4817-96fc-b46b6e9dc606,Bachelor's Degree,English,25
e1177330-f41b-4790-b81f-0e95f317e465,Master's Degree,English,29
a2397fa1-20ba-4933-890b-68296fd5209b,Master's Degree,History,16
0dee3183-94da-40dc-a844-a8739f94de47,Diploma,History,29
36dc6f36-ef4b-493e-82c6-a27f6860b641,PhD,Geography,27
a20844c6-43d2-4805-9b97-074899100fe7,Diploma,English,19
bce67d3e-4354-474e-b0f9-6ebfe10a0c42,Bachelor's Degree,History,1
2adf6858-53c7-4b3f-80d8-42ff059b9ebf,PhD,Geography,28
90044927-8395-49e2-aa5f-325b718780a6,Bachelor's Degree,Mathematics,28
9f676adc-7592-4d3a-a082-fdf8f122611b,PhD,Science,4
c2bfe860-d808-45d3-aea3-e84914b4fff8,Master's Degree,Mathematics,27
f0563705-ffce-4b66-9c7a-1497bfd60355,PhD,Mathematics,18
6599c114-7e39-444e-bc23-69cc2fa1f826,Bachelor's Degree,History,28
dcf0491d-6658-4f0f-a701-7192bb9f6ee5,Diploma,History,16
b5fbe4dd-af4b-418f-a6fd-1482a7dd6769,Bachelor's Degree,Science,13
3be7a195-916b-4757-9914-28bf2767ccf5,Master's Degree,History,26
02071bfb-fee5-42f1-ab8a-6ce6c832d165,PhD,Mathematics,8
41e0776b-ac05-446f-bb6a-5956e1f987d2,Bachelor's Degree,History,5
543f76cf-a7da-4278-b222-32d6b96a516c,PhD,Geography,3
de677049-de1c-4698-abeb-67d00bc86ef7,PhD,Geography,1
2e4f01ff-8afb-42da-885c-74aba3a98d5a,Diploma,History,11
57b66c81-5dc4-4a2a-9265-735061a7f853,Bachelor's Degree,History,4
b613af42-ec3b-43c4-83c3-fe213bc63add,Diploma,History,22
600572e4-8557-4266-9741-75cab0c676ee,Diploma,Science,29
fb17683f-4de2-4841-83a3-c6234460ed59,Master's Degree,Mathematics,7
eaf58e35-0653-4d0a-b0dd-d7f6e90c805c,PhD,Geography,17
d75e96da-2ecd-435b-8373-a0f57459ddec,Master's Degree,Mathematics,6
738f97f3-b018-42a9-b90e-4cd214886553,PhD,Mathematics,20
71a17428-09bf-4c8e-8d86-4068b14f6429,Bachelor's Degree,English,18
69e9e06e-a286-4285-96c9-7f306172e4bf,Bachelor's Degree,Mathematics,6
9aa8ef84-30f2-411d-9a4f-5f04c74423f7,PhD,Science,30
760747e9-6aed-4560-ae65-66378846c825,Bachelor's Degree,English,20
215b12af-c29d-406f-baf5-4ea0db6621c4,Diploma,Mathematics,16
0da0cc7b-1dae-49b3-97af-5fb65bf627fb,Master's Degree,English,14
51213ac4-4117-466a-b0a3-50efd2d04ca6,Bachelor's Degree,Mathematics,2
233a7dba-7263-47c2-a34e-66497b9e2fd6,Master's Degree,Geography,2
42ba1a0f-0f50-4248-86e7-1b89019b89f3,Bachelor's Degree,Geography,22
383c7c4b-de19-4c23-8e04-2a83cde2ef0f,Master's Degree,History,15
56bbd187-9063-43f7-b30d-c8e38bf7a950,PhD,Science,15
0b835415-aaa8-4291-924a-ac5400d7d661,Diploma,Geography,16
f42206ba-e28c-4e0c-8a88-1470e30a8f79,PhD,Geography,30
1492ebd3-3068-4faf-8a26-eb65b83107fa,Diploma,Science,19
4be9e6c6-496a-4897-b1b0-5551c260d236,PhD,English,17
40cf0c64-a505-4510-9a9a-a9acb1735c3a,Bachelor's Degree,Mathematics,13
d0c05c32-8f39-4337-93c7-89463032d056,Master's Degree,Science,2
c3cf7fdc-b301-49bd-af4e-5b1a0b3260c0,Diploma,History,20
aa8d4e03-51bc-4b84-896b-84a89af9ff01,Diploma,Mathematics,11
988366cf-7863-41cd-82cb-e582b18ec817,Bachelor's Degree,Science,22
7123b8bb-3ee5-477c-bdb4-d5b7a4b71a7c,Diploma,Science,24
0ea7a2fd-722a-46aa-a678-4cbcdb82b8db,Master's Degree,English,7
7b241878-c8a1-485e-a361-984c17cb1477,Master's Degree,Geography,18
cb0212a9-cd57-4f9a-8d9b-7b2c1c5567ab,PhD,Geography,18
832547ab-f7eb-4d90-b2c5-844e819bdb8f,PhD,History,29
a5b05bfa-3c2e-4b24-aca7-b87f518e11f1,Master's Degree,English,5
3cd869bb-9b5e-4c5e-9760-317cf7bc1f6a,Master's Degree,English,1
a1fb808d-28df-4a49-8ffa-8d1080840fcc,Master's Degree,Mathematics,16
ce98b3cd-577b-4c11-ba5a-35d2142d6a6c,PhD,Geography,11
ed898091-bcc5-4850-be8d-d88f5e64bf62,PhD,Geography,25
b4d1aaf9-1346-4f58-853a-2b96d9b72f46,Diploma,Geography,2
703a7eb1-31fd-45ea-a801-34b799ce022f,Diploma,Mathematics,27
ddace495-0c7a-40e4-8299-1bbda2fd586c,Bachelor's Degree,Geography,30
93ff9c70-d65b-41d9-a809-d62ceb1336fb,Master's Degree,Mathematics,27
43faa082-914c-4293-9c79-83109a8843ed,Master's Degree,Geography,19
31022b99-b2af-4805-afbf-1dccf0ecb3cf,Master's Degree,Mathematics,10
39e27b7a-111a-48c5-a5ac-b4b6a939434c,Master's Degree,Mathematics,12
ef307822-18b4-41e9-bd5a-f8546e015e0b,Bachelor's Degree,History,14
9b01d8f3-d290-4fb1-89a0-dcfc4eda5ac3,Master's Degree,English,23
f77be736-b0f8-4628-8177-6d2a3c4f3505,Master's Degree,English,5
f3e27082-465e-4cee-82be-c3554537bc15,PhD,English,28
4576ef74-f97f-44f4-9c1c-d8d6c8481932,Master's Degree,Geography,19
f7f9b8fc-e8f5-4088-9ddc-a035eaa67073,Bachelor's Degree,Science,14
dfc21fd7-85a1-4ba4-82a5-397a0d4c8890,PhD,History,10
8fd62d9b-94da-4430-afb0-2a2ca5ac9a93,Master's Degree,Science,17
8b3d934c-b65d-4ecd-88f0-9fd4e57d6c4c,Master's Degree,Mathematics,30
8b32b583-47c5-40ff-a7a5-3e8f0a1f9e17,Diploma,Mathematics,23
c3e97186-6a2a-4951-b201-b2cb7a237fd8,Diploma,English,23
306b1f7a-a579-417e-b937-fff11e13dbb7,Bachelor's Degree,Geography,7
c7bf351a-a7f7-4b63-858f-9be409b82f1e,Master's Degree,Mathematics,13
961b1404-7436-41b2-b6fc-8477055f5219,Master's Degree,Geography,24
432d39ec-d173-4db7-9ab2-11d4e89cea02,Bachelor's Degree,Science,30
30179296-906f-4da5-bb90-73e421ba2e31,Bachelor's Degree,Science,23
37f12888-1b99-4c70-b0b8-90afdbd566ad,PhD,Mathematics,4
0741c6ff-1dc7-4a17-9d85-c541e55b21c0,Bachelor's Degree,Mathematics,8
172e2068-7572-4fe3-b20f-87c0f16c2a03,PhD,Science,27
3de4457e-3d9a-42ba-be3e-c6133807fd7c,Bachelor's Degree,Geography,23
fff0bb36-6e83-4145-8390-7bca2cbd9310,Diploma,English,4
8f9dc897-d4bb-4d1f-b245-eb85d8358e4d,Bachelor's Degree,History,18
1ec7be52-401c-4151-a072-cbd2d7afd0e0,Diploma,Science,22
812f2485-3d92-4d8b-acc9-c5d72399ba30,PhD,History,12
8fc653b9-1c72-4e2b-863c-ea5e737f10be,Master's Degree,Mathematics,27
1f87e8f9-b211-4bd8-b8a5-43af560818b6,Master's Degree,History,11
e15e426b-c854-4098-8f42-249aa21e7d11,Master's Degree,History,21
288cf13d-c2c8-4a2f-b756-5d6c06a03274,Diploma,Geography,3
6b18a7ef-b756-4481-a669-c0e7c19690cf,Bachelor's Degree,History,30
894d081a-b20e-4037-b135-b712efe3b34d,Bachelor's Degree,Science,20
568b5d1f-ed1b-4b4c-96db-7265e266f364,PhD,English,30
7b22a0c1-9eab-471e-8315-d81bc70f198f,Bachelor's Degree,Science,8
bc14fed8-4c3c-4f7a-9ada-bc2e723a1897,Master's Degree,Mathematics,11
f345232e-4e28-4f58-9418-2a43b0750efc,Bachelor's Degree,Mathematics,28
72eebe6f-32e4-4a96-904b-6404d1ad376c,Diploma,English,22
8473c878-842d-4a5d-99db-2d3611875267,Diploma,Science,7
77f5ae60-f5cf-40e1-a96a-30474abc2da0,PhD,Science,6
cbdbcc9b-7881-4b63-93d4-915c3dc83a8b,PhD,Geography,8
8f77c61d-5645-467a-bf50-74dd6c18af68,Diploma,Geography,11
d91b6684-f094-4797-8eab-f33335962b69,Diploma,History,16
e7a435b1-7962-4928-bf1b-5838421d99d6,Master's Degree,English,3
c0ea7b2b-860f-4c5c-a252-881d5819b4c1,Master's Degree,History,14
1539dccc-57c6-48b3-81e4-29f2a2755763,Diploma,History,30
ca3ba638-95da-4614-8afc-46d09f1e7931,PhD,Science,2
45090036-250f-4cea-b3a5-4f9626e1cb79,Master's Degree,English,27
e16241e8-d037-4643-a3f0-b3ea9d3c41c3,Diploma,Geography,4
190ae345-aabd-4ec2-8156-2853bb9f56ad,Diploma,Science,12
ab8c43fa-bd58-45c2-b82d-8ed53c7528ae,Diploma,Mathematics,6
92a760af-51cc-4330-8141-ef1d34d82dfa,Bachelor's Degree,Science,10
097d4657-2de3-4624-9060-77cd4ca3a1bd,Master's Degree,History,5
402d3bc1-31ec-4026-a3ad-498ebfda021c,Bachelor's Degree,Mathematics,27
644cca3f-2d06-44c0-9bf7-0004c4eb4698,Diploma,History,12
ca6f74e4-b34f-4947-9348-6494d84fc488,Diploma,English,20
7dbeb309-8ad9-43b6-b240-60fc68fbeb08,Diploma,English,13
029aacdf-7270-4341-82d0-c63ece0a3940,PhD,Mathematics,6
65ae9875-3e26-45e6-aaa2-8ec6d658cdf0,PhD,History,12
7a128ebf-89d3-4402-bb0f-cc99200581f4,Bachelor's Degree,Science,18
eeac2596-57d7-4165-aaac-23451e42914e,Bachelor's Degree,Mathematics,19
38fef89c-d2c5-492d-bdda-232a932b163b,Diploma,History,11
824bb55a-07e3-426b-9141-70666d1713da,Diploma,History,8
3b6c553a-ac96-483d-aeb8-971313ef2f3d,Diploma,Mathematics,10
89150db6-ba2e-4a0c-bcd1-c99056cc5e8e,Bachelor's Degree,English,13
25516e11-4095-49fd-ab92-659844529773,Diploma,English,22
dae01481-8b61-4273-87c5-752a6cc268de,Bachelor's Degree,Mathematics,15
958daa5f-de32-4cb9-abb0-d31578881d0e,Diploma,English,18
935a1189-3a24-48bf-a35a-f460bef74b2f,Bachelor's Degree,Mathematics,23
69a522c4-0317-48af-8c5e-b499dbe96054,Diploma,Science,4
17d0439c-c246-4ab1-b9ac-34066c4c1afd,Master's Degree,Science,23
423cc66a-3bda-412e-bc8e-b98f4919a86f,PhD,English,5
d387e011-279d-4bf8-b4ef-3d170a5eca0a,Bachelor's Degree,Mathematics,12
f0d27bc2-88b9-44ed-bf3c-ccfde5d568ff,Bachelor's Degree,English,26
24ae6db8-d159-4c7a-9651-74e6bf8d69d7,Master's Degree,Science,12
843fe150-bcaf-4c49-b2c1-c60c109b3eaa,Diploma,Science,12
48d863dc-f684-4548-96fb-bfe672103f61,PhD,English,12
6388d273-97eb-45ae-90a8-4598b18be86b,Diploma,Science,10
860f2e15-be48-494d-8053-3771a23ca635,PhD,Science,19
fca4067f-6b2d-4d3a-8367-f53a2173c440,PhD,History,14
18a8f51a-f171-41af-8a5b-2a5d34c489e7,Master's Degree,Geography,12
6cc96ddc-cb2c-46b3-aa69-a8b2c36b45ac,Master's Degree,English,19
d49d7e79-bf96-4c8b-9718-d95d477b6691,PhD,English,3
799c80b0-e5f0-4731-a72f-93defd095334,Master's Degree,Geography,6
0bd252d2-3c64-4ab4-891c-2021eb0dcda8,Bachelor's Degree,History,19
785f6b9d-ab5a-48b2-87a4-863e9be50d5b,Master's Degree,Geography,22
18939387-6ea4-441e-9622-5c31cf4a5bc8,PhD,Science,24
a19ac402-e74a-4ca0-a55d-dfd6db42a346,PhD,History,6
e4060dee-ed89-4b94-8b6a-8267ecb765b1,Diploma,Geography,27
add95d8d-d5e3-4939-afe9-c60f12cd6c49,Master's Degree,History,27
7a870911-0f9d-42c3-8fee-5ebc50554c3e,PhD,Science,12
a52ab622-8134-4aaf-b791-26c4bb8f0a4b,Bachelor's Degree,History,9
d7267241-7428-4e72-be34-ca70777008b5,Diploma,Geography,2
c2e04239-ac14-4b72-b66d-06949041617f,Master's Degree,Mathematics,13
209f66ae-c3a5-48e9-809c-1695102ae6e9,Bachelor's Degree,Mathematics,18
1f8711b8-8235-4276-b702-d43fc16363cf,Diploma,Geography,2
df20e5cf-9d36-4a28-ab1b-95e617658d21,Bachelor's Degree,Mathematics,15
2af57291-a288-41d5-bcdc-5eb2ebed6805,Diploma,History,13
01c13bd7-f393-42d6-9e4a-5d5e5f421221,PhD,Mathematics,21
a3799e0e-18ee-4427-a5ab-efcb31c14344,PhD,Science,1
f87621df-0144-46cf-85c0-d1d1b518f34a,Diploma,History,3
1ad6d5b9-2430-4e15-b4e9-de76d78e6a99,Bachelor's Degree,Mathematics,2
de733111-0d33-4d9b-8e77-4296f8ffb1cc,Master's Degree,Geography,29
32d55b77-6cbd-451b-8445-90dac1cdea2c,Diploma,Mathematics,30
87a6e5ca-80b3-4e7a-b9f3-57b30cb3ec91,PhD,Geography,9
2d8770c7-a924-4887-a27f-5b848deed9aa,PhD,Geography,24
017948ac-157d-4600-ad56-205b0c28a719,Bachelor's Degree,Science,4
d9784b47-17dc-4dd6-8d17-40989c8f9eec,Diploma,Science,1
790fe2fd-a8f3-44f1-a348-7deca1759d65,Diploma,Geography,17
9084d15f-2749-4fe1-9900-524c3424df30,PhD,Mathematics,7
ac0517b6-4355-40f7-b277-0e04cc238212,Master's Degree,History,17
b8310d90-8a12-4cef-ad7b-a134eb3364c4,Bachelor's Degree,Science,20
e95e8298-8955-46d7-9793-b34d083668e2,Master's Degree,Science,18
a61d788b-fd5a-4aad-8046-9242e6059905,Master's Degree,Science,23
2e79cf5f-4e32-4198-95bc-03e6b45853e2,Diploma,Mathematics,2
a4f22f40-bce2-4dc0-b743-0c9cd6c46495,Diploma,History,25
9d256472-f247-47d4-bf12-de47f5eccea6,Master's Degree,Mathematics,4
7ee51861-ffca-42c5-87a0-ae9e4d9c4dc9,Diploma,Mathematics,26
46501ae0-9c1f-4500-ab15-77b6c662940d,Bachelor's Degree,English,14
5fa365e7-7d38-4b33-9bb0-0158e97bb6f3,Master's Degree,Mathematics,17
c93d13d5-ea40-4b20-a122-2bf8afdb14fd,Bachelor's Degree,History,9
1bf4a37a-64b1-41d0-b78f-4b001ae87b99,Diploma,Science,16
c1cc8771-6f54-4a2c-808d-7646951d4ccd,PhD,Science,17
88bafd73-cbe1-47a5-91fe-c970c27ef13b,Master's Degree,English,25
e2d6dc1e-7c5f-4aae-a50b-0ceb0729bfd3,PhD,Mathematics,26
a14d751b-8a7c-4eec-9a88-30ba2ead21ba,Diploma,Mathematics,4
3b6899a9-a811-4663-89bb-71bb64641d51,PhD,Mathematics,1
33e96340-d7e2-40f2-b7dd-a388125399e6,PhD,Mathematics,25
31822931-2780-41db-b0e9-3c851366e304,Bachelor's Degree,History,2
31de2071-1836-4aab-b244-12e9bf7d05e8,Master's Degree,Geography,22
3514aa78-01e6-405a-8beb-f3e49143bc15,Diploma,Mathematics,30
93eff671-bbca-40c0-8865-661649c2093b,Master's Degree,Science,25
a0487f8d-58ed-4340-9ea5-fdc8cbb7ac77,Diploma,History,26
5def7dba-8a23-40b3-90fb-97b90c24de54,Bachelor's Degree,History,28
a256a3ea-5037-40c5-b383-c15977a7db0c,Diploma,Mathematics,24
5b2e7182-5a42-4bcd-83b3-2154b687fc5d,PhD,Geography,28
9a3afa2e-d928-465f-ab4f-63559ef8042b,Master's Degree,History,16
a6d30427-29c8-47a3-9746-67447cd968ef,Master's Degree,Science,11
c92c2c66-29ff-4dce-9e85-ebb9fcea429d,Master's Degree,English,11
f35bb802-1a3e-414f-97e4-954237952b4c,Diploma,History,28
c6d3e2e7-8700-41ee-b913-c31c284553c5,PhD,Science,5
fbecdaba-1588-43cf-9b07-40c6b3ecbbfc,Master's Degree,English,3
f7d92c8c-1cc6-4fce-8b24-3aecc8571453,Bachelor's Degree,Mathematics,8
7385b402-34e7-4da8-b488-abe68b232649,Bachelor's Degree,Science,13
e78f230c-c77e-4258-aa67-847fa520c7a0,Bachelor's Degree,Geography,22
1bd0ce0f-5a08-455c-ae79-b33e5fe359ce,Diploma,History,12
5806dc9c-b35a-4616-9c94-a27a88cfb343,Master's Degree,Geography,12
d22336f9-14e4-4912-82a6-b5ee7320604e,PhD,Mathematics,13
89d17949-ff0e-4e48-92c9-b6a8bcfd95e6,Bachelor's Degree,English,1
54de236b-3dd4-4718-bdfb-a04bd7f844af,PhD,English,26
eea675a3-0dff-4460-ba80-7ff67de8e64e,Diploma,History,19
54a02b6d-6213-430d-9aa4-b9d0bc5da617,Diploma,Geography,3
e05e08bc-0549-4481-90a4-7fdc65ede659,Master's Degree,Geography,1
d78183e3-1dd7-4a70-97ed-d7c07afe0b47,PhD,Science,27
a4927ef3-2031-49b5-a80b-81281c836da8,PhD,Mathematics,25
1c2da0e4-f30a-4511-8d91-e3e684a1d66e,PhD,Mathematics,9
a453a994-9398-4d79-b20b-d32cf05144cb,PhD,Science,3
0645ed89-0ffb-40eb-a2f3-6b22ba720096,PhD,English,28
8e5f1568-e70e-43b5-a979-ab1d8a3ad9a3,Bachelor's Degree,Science,22
9e8d19da-fa67-468e-b16d-4a53427617fe,PhD,Science,27
57ceb51d-2e82-4a0d-aa4e-e5b6558d0d1e,Master's Degree,Science,12
97804f79-f107-4f38-915f-8715766ec986,Diploma,Mathematics,3
11af9b90-76ed-4725-8907-9ee71f5f5e69,PhD,Mathematics,27
a082460f-d3b3-4218-9d51-c67372caa71e,Master's Degree,English,23
f341ce8a-7015-4f4b-9350-026455b8cc9a,Bachelor's Degree,Science,25
47079ed0-cefa-429f-8c19-071e5d543182,PhD,Science,29
bcd09638-7965-4a97-bef0-0d014b651580,Bachelor's Degree,Geography,26
edb60f01-a51d-4cde-b6ba-2dea648f3885,Bachelor's Degree,Science,28
c0c67d79-aafe-41f0-ad80-f618772c6e81,PhD,Science,5
85059981-e10e-42f1-b966-97a0defe7365,Master's Degree,History,29
12318cef-501d-4980-acca-6767edc0dbab,Master's Degree,English,14
f275a6d2-1984-431d-afdb-f43f8550dc2a,Diploma,Mathematics,17
8af11235-33f2-4ed9-88f4-91ec342855e3,Bachelor's Degree,Geography,17
431d1a79-4d73-452e-a863-d517c0e16f5e,Bachelor's Degree,Geography,15
2ea68ad9-465f-4054-b444-66a91edefc1c,Bachelor's Degree,History,16
39d22891-c920-40aa-b5c2-9a42ceb1421d,Diploma,Science,10
b43b57f3-90f3-4b38-ade9-f5e208013ab3,Bachelor's Degree,Science,16
8fe7be41-80b3-4b78-b254-c5a0b0a2b665,Diploma,Mathematics,16
44192bf3-51f5-4041-8e70-1b0a1d8eecf1,Master's Degree,English,29
3e9d1301-a7b0-4249-8e49-9281dc504b5d,Diploma,Geography,28
6a1b3065-30f7-4c6a-88e2-df3befe707aa,Bachelor's Degree,History,6
c7c05075-2eb0-4903-9d11-c2fa842916ab,Bachelor's Degree,Science,28
f4dfe295-883b-4531-a66f-6749e4560eaf,Diploma,Geography,23
bc118dbb-b327-4263-adb7-7ab617dd65a9,Diploma,Geography,13
5367a2ab-4ba7-4036-a294-38a6d1aa19f3,PhD,History,21
55513d1d-bc63-4480-8fbe-6cdbaae289ea,Master's Degree,Geography,6
8058f21d-13ee-4a7b-9266-e2be463cfc67,Master's Degree,English,24
f409e4a2-19bf-4ecb-849d-809d0b145ba3,Master's Degree,English,11
6f0d94d1-3648-4fb3-a1c3-22af5a066244,Bachelor's Degree,History,2
9db2091e-f008-4089-aed7-51f5e29fd0a9,Bachelor's Degree,History,29
345df119-17f0-4d1c-b313-9063df534cf2,PhD,Mathematics,28
26cbb27c-2214-4774-8234-68b6b6d099a4,PhD,English,4
accb0386-d443-4d52-9180-7208a8200fc6,Bachelor's Degree,Mathematics,13
e675e0d5-6707-4f08-84c4-f1124438e7c6,Master's Degree,Mathematics,15
4f6b3b91-643b-46f3-a65f-f8c30840e0f0,PhD,History,22
bcab5e81-6353-4b03-9e96-2cf22d30b8c5,Diploma,English,21
a53083de-e22e-4534-afff-ea0e86f45e4a,PhD,Mathematics,22
e3455362-106a-4040-bf6f-52d857e805c5,PhD,Geography,7
a498e39c-f8c3-4774-8bd1-3778cb3dee02,Diploma,Science,29
03913376-5da2-4e1d-88e1-26cb688bd2a6,Diploma,English,1
7f6451d2-3e6e-4dd3-9230-0e4a4168aa5e,Master's Degree,History,18
b0eb2a67-452e-4625-bb5b-5173266b1fb2,Diploma,English,22
2cc8f60a-62c7-4a97-97a3-c9850276b791,Master's Degree,History,7
70e343cb-54c1-42df-8ef1-eb68c646c008,Bachelor's Degree,Science,25
a5e8a87e-fb4b-484c-b9fe-9db67a3596ea,PhD,History,26
5e23a9d0-2c19-429e-b172-1dcf8012f768,PhD,English,25
1fd9d629-d608-45b4-9bda-ccb9db04f8e7,PhD,Mathematics,3
735ba16f-1839-4dbb-b4ab-aece70046505,Bachelor's Degree,Mathematics,16
e711776f-1a88-40ab-aefe-d612834cf297,Bachelor's Degree,History,11
93ef4ec5-1eb9-4b58-9165-a76547f6e82a,Diploma,Science,26
2aa982d8-aaef-4a4c-be55-1d5f6e23e42f,Master's Degree,English,15
76d57328-81a7-4d05-b6d4-2efeb4dce916,Bachelor's Degree,Geography,1
bbc99efd-57e5-48d3-9549-273eb83c5057,Diploma,Science,3
9ee7e2cc-e784-4974-bd14-4286b994182d,Bachelor's Degree,English,25
c539909b-d0ff-481a-ade7-4b65721ca47b,PhD,History,1
d820cf93-818b-47eb-b278-6f837a75267d,Diploma,Science,28
33ae5770-698c-431b-95fe-b11bea818f76,PhD,Science,27
c6af6515-815a-4098-ae06-c542aa829ce6,Diploma,Geography,15
47aeb592-ba92-4fb7-8de4-347096ae327d,Bachelor's Degree,Science,5
9ff9bec3-0fa2-4574-a59f-1659ebe3cf77,Bachelor's Degree,Mathematics,24
1bfad9e2-fd50-4cf2-b469-487dfabb65ae,Master's Degree,Geography,12
6d86ca6f-aa62-47c2-b5d9-a317d51e5822,Master's Degree,History,26
614a6d24-ce6a-426c-8f11-2f64bcfad973,PhD,Science,30
e83508e9-4731-4b65-b675-f9cf152688d7,PhD,History,7
3bdf6b65-608a-4fd8-9d1a-2f4edd4a2225,Master's Degree,History,28
be857d53-ba51-4323-8d11-16f4bda72f3b,Master's Degree,English,13
0e492f0d-1390-46ec-82a6-aa62cd3a0a6b,PhD,Mathematics,22
bc76bf22-55ad-4173-b372-862d7a90d06a,Bachelor's Degree,English,1
fe4f59f0-5a4d-4b98-bdc2-05e255fa3d8b,Bachelor's Degree,Geography,14
e0f1d438-4fbd-444d-b942-fbd01ba80493,Master's Degree,Science,13
5df2a7d4-9f5f-43df-a116-fa3a44752514,Master's Degree,English,3
b86a0710-801a-4743-8a56-d9702f1864b6,Master's Degree,History,16
1b67cb27-1089-430d-a249-8c64dee4efe3,Diploma,Geography,1
2faaacfd-5a5e-4660-9451-0d36fbc669aa,Bachelor's Degree,History,11
344929bb-28d5-488c-b139-11d64645a784,Diploma,Science,10
1b0b4c02-3ce4-42ec-adf8-25f65b58fd11,Master's Degree,History,10
8fb08fed-be4b-4cb7-bfac-03fd985ff97c,PhD,Geography,20
d1b8557b-7efc-4967-a99d-0fdb6b09cdc2,Master's Degree,Science,23
be2584d8-e8c9-46c5-9939-4e5003c6c274,Master's Degree,History,27
57b57b3d-ee61-49a2-a2fe-94c20b041c95,Master's Degree,Geography,11
841da32c-aaa5-4fa4-8b38-6e9e702feedd,PhD,History,10
a85b6998-c740-4d07-b91f-e2d8922f668e,Bachelor's Degree,English,27
ad423dcd-5582-4c2f-8a52-dc2cf6099ed5,Master's Degree,History,29
f71bbca3-2217-4692-be81-bf3a92e7af84,Bachelor's Degree,Geography,14
105c50e3-4164-4f5e-8363-a0f72b1576e3,Diploma,Science,26
a48e6eb9-a5e4-44ac-8c47-efd05daedd2d,Master's Degree,Geography,17
a7b00dd3-ae69-49ae-95d9-db7582c9d845,PhD,History,28
919c5063-f2b5-4061-ba16-679e82feac60,Master's Degree,Science,14
45e37e88-6d84-4aef-8304-d1b9ede23678,PhD,Geography,18
712d8f9b-162b-42a5-8c91-837c3f0f96a4,Bachelor's Degree,English,25
34ef1c1c-b5ad-4a78-96da-bcfa2d584472,Bachelor's Degree,Mathematics,29
b521e63e-ba07-4ab1-b53b-541109d6e13c,PhD,Geography,16
35e6600a-2805-4dc6-9cf9-adb2443715dd,Diploma,Science,21
fe77d35e-208f-4397-b845-7604f4b7a66e,Bachelor's Degree,English,16
d1c5590b-1742-490e-86da-ff014caf3d0e,PhD,Geography,22
4842b552-2ddf-433e-9676-2ccbdc16cf96,PhD,Science,5
e3dc1032-6ab8-4525-b3a6-312ffe1f2934,Master's Degree,English,17
7c1a6ac0-f2d7-43d0-a31b-4da270180638,Master's Degree,History,29
820ed4bc-244a-41a8-8fc4-cfb0711b0586,Diploma,Geography,14
77085336-b8e5-43f5-b733-3fd9276ec7bf,Bachelor's Degree,Geography,27
b32f3457-28bb-4f79-bb3a-bde89f6fb876,Bachelor's Degree,English,7
769fc258-1d3d-4620-92f1-76dd38102f3d,PhD,Geography,16
2f25f11f-8db3-40d9-80c1-82c3f65212d0,Master's Degree,Geography,29
eb1706dc-5776-4445-b774-6258e6eef6ea,Bachelor's Degree,Mathematics,15
48811a93-c34d-4e0c-86bd-f0d8d054e59b,Master's Degree,Geography,1
6c4505e9-b6c3-49f0-883f-31ed6bf5e9c3,Bachelor's Degree,Geography,5
db7449d9-f1ad-43c8-9dc7-bb3f782492cc,Diploma,History,8
9a4ccd4b-0464-456c-b818-df9dd55ef18f,Bachelor's Degree,History,15
661f98f1-64e1-4441-bb1a-a80ff3ac0a65,Diploma,Mathematics,15
f5c4bf83-a7ab-4358-832a-71850cff4466,Bachelor's Degree,History,20
5506a252-6d43-4231-83b9-6731f02b0d75,Master's Degree,Mathematics,23
f07b99ab-0f2b-4950-8812-669ae50fce2b,Diploma,English,7
9a6e72e7-a05d-4bbf-a917-7892c5e9e91e,Master's Degree,History,25
bb6d1fff-8131-4dad-940b-cdd0e45a771d,PhD,Geography,24
fd37e20e-6d51-41df-b249-de103840a90d,Master's Degree,Science,12
369a7e1e-b954-44f0-b402-10adb18446ba,Diploma,Mathematics,29
e31c9dfd-c146-43ea-95dc-b357755ee8f9,Master's Degree,Science,6
8db7e0ed-2df6-4954-ac49-314a92ce1c0e,Bachelor's Degree,Geography,15
3aa47d4b-ddde-4909-beaa-155f8c67b83f,PhD,Science,26
30dcf71d-afd9-45ef-a1d7-0e6a82a43437,Master's Degree,Science,13
ea02b4e3-e562-49a7-8685-772638574340,Master's Degree,Science,26
ee788b96-a4c6-425d-9091-731df9611f36,Diploma,History,14
911e989b-1749-45ab-a08e-8a7ffb2e2747,PhD,Mathematics,28
3704276c-dd21-40d6-9b93-0880ac60ded5,Master's Degree,English,7
2ca5bfcd-13fd-4178-a503-b792ea6adc93,PhD,Science,10
1bc84b41-ce7c-4a56-8214-feff3245f68c,PhD,Science,1
778fe511-879b-433d-ab83-bc680ec3ba8c,Diploma,Geography,8
6d87e34d-6ac9-4410-96af-41e01de214f1,PhD,Geography,17
1796fde3-e89a-4fb9-85cb-1967fd4339ce,Diploma,Mathematics,15
dd9af153-4913-49cd-93c8-86fc14f60a97,Bachelor's Degree,Geography,22
ca6b795d-6fbc-4552-bda8-75a87b9cdc8f,Master's Degree,History,20
426ad578-78f8-4430-b375-564763da29d6,Bachelor's Degree,Geography,3
0ae930b6-acf9-485e-bbaf-33b77bcdc885,Master's Degree,English,27
183b917e-5484-4b76-88a3-361d986e431b,Master's Degree,Mathematics,12
b0cff2d2-9d30-4c6f-870c-daeb4e71e9df,Bachelor's Degree,Geography,7
d1f1f64f-39d2-4c50-845d-11ccabcc1c90,PhD,Science,9
7bffbddc-bedc-40ef-bae2-604bb02b4043,PhD,Mathematics,11
dee43fd1-93b4-49c8-a50f-78c9424ec3b7,Master's Degree,Geography,13
3253f2e2-2f23-4b5e-be1c-9646a4313053,Diploma,Science,25
d8ff1928-a33f-47ec-87d2-4ca3f3b45d9f,Diploma,English,22
2315f365-3cd5-4532-b4c3-e6f9be2d1fff,PhD,History,1
33dc2da7-ac62-4c8f-82b0-9da584b4aa72,Master's Degree,History,24
91069291-b57f-4488-918b-8202856c9ef3,PhD,Science,16
4bc7c8a4-b8ce-4e6d-9c5c-bb4c8c91c08a,PhD,English,17
abb8b91b-906d-4041-bf21-64fedb978ac0,Diploma,Science,12
0721ea86-aaac-4857-b6b7-2af60e95f9a9,PhD,English,10
22e28d56-2e5e-47d2-9bb6-3709c026457b,Diploma,Science,13
9487d2ca-eac3-46bb-b702-61aad3b705c9,Diploma,History,6
ac0c017d-bc53-4236-bf6a-3faf6b3892bb,Diploma,Geography,11
49161f8c-0582-4ac0-8604-d88c79a9111f,Diploma,Science,11
e38ae393-e9d8-4390-8b41-b80aa92eba9b,Diploma,English,8
90b455a9-16f4-451f-a91f-18870b84f7fb,Diploma,Mathematics,17
d8dc7c30-d237-444d-9ea6-fc26bd8c22a1,Bachelor's Degree,English,8
d6fc992f-9f65-427c-8fb8-6be72b89bb28,Diploma,History,19
573d7929-b97a-49e8-9825-d78f31732a4d,Bachelor's Degree,Geography,10
7d87686e-aa8c-401c-8a7f-10c4de4d33b4,Master's Degree,Science,9
c357e4dc-3a42-43f6-be31-8c2dd8ab7524,Master's Degree,Mathematics,19
e608919d-db74-405e-8e65-8d0896d0d83b,Bachelor's Degree,English,21
f87001cf-1de4-42d8-93ea-46c50d749ad0,Diploma,Science,11
3d467771-aa53-4b9b-b1fd-a4a1c281a7ed,Bachelor's Degree,Geography,23
910b33ff-fa2d-4e57-915d-33809e7391b2,PhD,Science,30
fc45415d-6318-4e3b-bd4c-de37ea2f5e90,Master's Degree,History,11
6db0cfa6-2bee-4b4e-b2df-b0807fe15bf0,PhD,English,27
3159e833-5e00-44e8-a48c-a0960134e7a0,Master's Degree,History,2
e580e63d-d5d3-4abd-91da-a4e457611b39,Master's Degree,Science,16
00106178-eb26-4d89-b869-1e8378b7906c,Master's Degree,English,27
871604ac-8d43-4ecc-88f1-7e30c8ba8129,Diploma,Geography,15
dc8c40af-e941-40e4-b427-a19df2bc278a,Bachelor's Degree,English,25
fff97e7d-44b5-4dcc-9265-ea5d5ae79b56,PhD,Mathematics,1
d9845a0f-14cf-407a-a12e-1abe127541b9,PhD,English,30
fdb43646-6b51-4873-98db-ff61547552a9,Diploma,Geography,20
e79a84ae-aecf-4f7b-9463-b1ad325e4c4b,Bachelor's Degree,Geography,25
383c0f2d-97b2-48e9-a7c1-c7d1603a83c9,PhD,English,6
a9eb2ec1-a496-4237-86a6-5f24589c087f,Bachelor's Degree,Geography,29
28a5df11-1208-42c2-84a0-bb5644f1e115,Bachelor's Degree,English,27
0cb6dfef-5562-438c-a566-005813cc2e21,Bachelor's Degree,History,11
f55786e9-3a05-402b-9f8b-c7198a075c0e,Diploma,English,8
196a9d78-26fc-47d1-8bc5-c034f7a77665,Bachelor's Degree,History,20
8edcaf8b-304c-4ac5-bbc0-d999a47b14ec,Master's Degree,Mathematics,13
ceb31785-10e4-432b-ae86-6e7875bf3fb3,PhD,English,27
4885faf9-0732-4e2a-86c0-28f3ca5a2686,Diploma,History,13
73b22161-9649-4b4a-8d5f-f7eabfd42fbe,Master's Degree,Mathematics,15
1b570808-4492-4b86-832a-5c5e4e76983d,Diploma,History,13
b66fb99f-b3e3-49c4-b2dd-31576229954c,Bachelor's Degree,Mathematics,28
6317b2e2-279d-4ed5-8222-16d4535e3adf,Bachelor's Degree,Mathematics,23
e312249a-7ac8-4c81-8141-95b087eadce2,Bachelor's Degree,Science,26
c6b7171e-84a3-4391-802e-f7881965db19,Master's Degree,Geography,8
f5b77927-b0fa-46e2-8272-634cf80ec691,PhD,Mathematics,20
eaca9ff0-7811-44d1-882b-9a26a813d092,PhD,English,18
8a2b1d3f-8a7d-444a-895d-028caec33092,Bachelor's Degree,Science,22
f662e6e0-a877-4769-ac29-a3214d2ab4d1,Bachelor's Degree,English,29
80e0311c-3e52-4525-bc6f-a6baab876ed6,PhD,Mathematics,14
56765783-b51c-4734-aad4-4a6d2326da4d,Master's Degree,English,9
70311177-4a4d-4163-9252-85809952c17e,PhD,Science,18
8213a08a-f679-4d48-8cd3-59b648af4ca2,PhD,Geography,17
b5febbf4-7269-4bce-b2cd-50105bc8ddab,PhD,Science,7
0152ef5e-6d4a-453b-9bc8-6883cb764b09,Master's Degree,Mathematics,8
892098e5-fbfe-4d25-a539-5a4d7ef122ae,Master's Degree,Geography,4
5a72182a-d8f8-406a-bd4b-772ee852f3a0,Diploma,Geography,2
beeefcb4-d9db-43a4-ba30-700c65a54d2e,Master's Degree,History,8
00280c61-ec8b-4cd7-89f0-efb5c569d85e,PhD,Mathematics,24
ea336bfa-478b-43b5-b201-31dd63732874,Diploma,English,12
dd94b57c-f09f-475e-a39e-f29a7f662f4b,Master's Degree,English,5
bc8d1395-6795-4951-8ecf-83d6dc98e30c,Diploma,English,20
0615d0bf-715f-4866-a38e-f9e75f3f5b79,Diploma,Science,27
ce73cf37-fcf5-4560-a4c1-f103c07c8611,PhD,Geography,16
88d6a6bb-f392-4193-9f64-c5fff298dd88,PhD,Mathematics,21
805387c3-2a02-4908-8090-68bc32261131,Master's Degree,Mathematics,22
590fe6cd-c072-4f4e-aea4-57ef6a213e5d,Master's Degree,Geography,23
db6e3d21-5c1a-4720-b0c8-71156a3ab576,Diploma,Mathematics,24
608416b6-454c-443f-a205-1be68ccff0ed,Bachelor's Degree,Geography,16
d2a7cd41-20ee-4335-b38b-324d1880917b,Master's Degree,English,23
d8090e9f-9068-4117-abec-e2e858d5a49e,Diploma,Geography,23
0462d0c0-3952-4a09-92ab-b196c9854ecd,PhD,Geography,11
d1950f36-817c-433f-b020-e3c6b086cd5e,PhD,English,18
757365d4-5667-4dbb-9088-6856d28d27d3,Master's Degree,History,5
df4a448e-3821-4fcb-93ae-ab46e4ed6199,Diploma,History,17
48a94a40-cfca-4e51-85d6-672ba8b281a5,Diploma,History,28
81f95efd-aa0e-4979-bbb9-f03e7cb6e74d,PhD,English,13
d0a155f9-1abd-433a-b0c8-286093b39c2f,Bachelor's Degree,Science,30
3b9570bf-21bd-4565-ae09-85f4708b188f,Bachelor's Degree,Geography,30
085f6bb6-58f5-4599-ad2f-d3c8f89ece0c,Diploma,Geography,19
5c35acb7-ca4d-4ef6-8f75-d873b8abc8a4,PhD,English,22
6a75e6e0-68d3-425b-8966-83ebf3c04258,Master's Degree,History,29
41d37b00-896c-4cfc-81d2-f583eede47b1,Master's Degree,English,25
c5f78397-4e9d-4e8d-9dfb-e657aeedbebb,Master's Degree,History,6
9f5e673f-b93c-441c-a258-00ce35d049fb,Bachelor's Degree,English,6
ae64c41f-8bb3-42f4-a50b-cf92058be6b8,Bachelor's Degree,Mathematics,25
