location_key,region,village,distance_to_school
9fe5ddf0-9ed1-4646-adb0-5a02e41b3aa8,South,Ambam,3
f8537c1c-57ad-41df-952e-8aa677087577,West,Bafoussam,5
cd872d99-a60e-4f2e-a052-159868fff02a,South,Ebolowa,9
16d658c9-c289-4501-84ee-8b2adfa3adcd,Northwest,Ndop,21
52e346ef-39c5-43a7-8bfe-f5ca19427b49,South,Kribi,21
e34b1846-c810-4565-a9fc-80cb66d32f90,South,Kribi,10
f8ae8a39-02b3-4a6e-af76-c160e0074f71,Far North,Maroua,19
a55dff19-21b5-4ad6-9b46-2ea494ee4fc3,Centre,Obala,3
665008f9-22da-4b28-8d9b-f3e1ea2d169c,Northwest,Kumbo,26
060782fe-ec3d-4d95-babb-57452fd9e527,Northwest,Ndop,14
f4ed2fe0-c914-4772-8349-c4852d6faba6,East,Batouri,9
bbe40b9d-b9ee-490f-9fc2-3ce419e79f5c,North,Garoua,10
4161982c-5688-468a-a931-dc5734de3ab6,Littoral,Edea,24
c7fbf082-d887-48b3-9621-d2f7b725001e,South,Kribi,13
c93018e0-6ed8-48ac-afa5-ba03f68c8509,Adamawa,Meiganga,14
1b5fd3bb-5bcc-4641-9ad0-b9c39859169d,North,Pitoa,29
4545789c-e6cf-49dd-9922-235ef9c89d21,Centre,Yaound�,28
85fc7851-544e-4947-85a7-235f0c67abfa,South,Ambam,11
70971624-8ee1-403d-990b-43a017bfed37,North,Garoua,17
bb2e8a8c-4c76-44c2-bcfb-761ad0ca63c3,South,Ebolowa,16
20891d40-298d-4e7c-a7d4-2c320c424aa2,Adamawa,Ngaound�r�,3
e6a0624a-d350-4ae1-857e-54e9caa7c79a,Northwest,Ndop,29
f3f475d7-5351-4d4a-8379-b9b210c6784d,Southwest,Limbe,14
3694b7d0-7307-485f-8a32-05da1563e632,South,Ebolowa,12
c97fdad7-af36-42ff-9d3f-04438e47399c,Littoral,Douala,27
f6069098-79f0-410a-970c-1268e5672954,Far North,Mora,28
974ffcf6-971e-4f6a-a8c5-c32477757c21,Southwest,Kumba,21
a64e7ce3-3f1b-4177-83a7-2e57acd80702,West,Foumban,2
f97cb3f2-9c29-4e3a-a929-af3ddb8506b8,Southwest,Buea,16
dba084df-9da3-4359-943f-f488a1f7cdcd,Northwest,Ndop,3
071d257e-32bc-4962-b1ae-2ec00954ebe9,Adamawa,Tign�re,2
7cb5bba0-af3e-4cf7-8436-813705a4eede,North,Pitoa,7
6860d703-edd4-4846-bcc4-0eb91c5cb4e2,Northwest,Bamenda,9
67199b0f-a5a3-454e-a80e-fc8568cc1a1f,West,Dschang,3
62fbe5ea-9829-4813-908e-38bb646e696c,Adamawa,Meiganga,2
7d4c1cdf-c9c5-4bf5-a99d-ec094437f949,Northwest,Ndop,11
577c6c7b-61b4-48ad-9f2a-af45a610b2ae,North,Guider,3
4ec9d322-caa0-45ad-ac6e-4f8b7ecca139,East,Abong-Mbang,7
3b80aa6c-f4f4-4cbe-9512-3f15dfecf0dc,Northwest,Bamenda,9
47848b78-766a-4d46-b90d-27eb11dd071f,Southwest,Buea,21
94c15828-3055-4bfa-941a-9340ba24de5c,Far North,Kousseri,15
2050252b-7694-4022-9696-8811639aefb1,Littoral,Nkongsamba,5
a178911e-1866-4f11-a04a-503d6b837e95,Centre,Obala,20
b682e5cd-c453-4282-8908-e4c7e8db4b77,Northwest,Kumbo,23
ef3045a4-b991-4ce3-b434-67d572af57b6,Northwest,Ndop,2
ce27510f-7426-431a-9e4b-4126157ef3e5,Adamawa,Tign�re,12
91d7fe34-6d23-4ffd-b156-b45dd31f92cf,East,Bertoua,7
b0d8f3b2-4cd3-4141-bc66-457c8d04839d,Adamawa,Tign�re,5
20c11e03-6045-46a0-85c2-168d211d9815,South,Ebolowa,17
286c5b7a-9ef2-45c0-9afe-aa56bda25971,West,Foumban,18
102110c9-281f-4f59-8c36-5a34843b8200,Adamawa,Tign�re,30
8396a980-e18c-4d34-a1b0-2166fa465dec,Adamawa,Ngaound�r�,17
9f2d6532-7c2f-4bd0-abf7-384d022c4c47,North,Pitoa,9
3fff9cbd-c1d7-4b7d-b5a9-0719b08dc343,West,Foumban,17
1d40c88c-78f0-434a-b425-722a6a396359,Adamawa,Tign�re,14
5fc57c8a-a297-4d7f-bb30-2f26fc03d2f1,Littoral,Edea,1
a6853450-3164-4b31-ba49-7fd6fd006f47,North,Pitoa,25
43de614f-9de0-49da-8c6d-d5f34b30ef83,Far North,Mora,17
02ac02a8-cb9f-4efd-9ca6-2b0430a3e6a5,Adamawa,Meiganga,2
51349e7d-65ef-4dee-b9c2-f9c946a09279,Northwest,Kumbo,1
b4a908dd-339a-461a-b3df-7939187f4927,South,Ebolowa,14
aad71ab4-9dee-4619-889c-72fed2e8c201,Littoral,Douala,20
67893206-12a6-4f6f-a4b7-a5a1a808f6d9,North,Guider,21
ab865397-b15e-4a9a-83a5-3bc0e0fea06b,Littoral,Edea,2
747b44d7-04be-46cf-b511-1aa642957e61,Southwest,Kumba,11
a1f568ae-2a92-4963-8fa7-8d3c71b167fc,Northwest,Kumbo,27
cc4bd4bb-f567-4e0b-9cef-9c4dc136d337,North,Guider,2
d7426469-f8ea-46e2-b373-bb7df1bd5965,East,Abong-Mbang,15
e096bc5e-72cd-4780-ac99-433bd03cc922,Littoral,Nkongsamba,28
5def748f-2b16-4a52-8e0f-f0f22d33487c,Adamawa,Ngaound�r�,8
ff3d2896-c302-4bec-8efe-a9f17efb878d,South,Ambam,28
bcdb1db9-25ac-4d53-a09e-2c2c942f9318,Adamawa,Tign�re,20
60fbd1c4-c76c-4be6-afc3-0e40491dd76c,Northwest,Ndop,19
c449da2f-9a1e-4970-a512-9ea278a5be96,North,Guider,25
62f3905f-afbe-49a2-8852-7565ce8888e5,Littoral,Nkongsamba,28
ac6100cb-0804-462b-aac9-7c6fa5f815b1,Far North,Mora,30
107e13ed-859c-48b7-bbf0-a28cfa2a44d9,Centre,Obala,15
96198a24-c0bc-44c2-82e4-bcd0e36fa0b5,Littoral,Douala,24
85e3e15d-e64d-420a-9b8f-c41ea0904291,Far North,Kousseri,28
6fb92ad5-60f3-4163-bef7-3fb1e55b4bff,East,Batouri,18
92c64213-3b8c-474b-b965-2487895ca60b,South,Ambam,12
64831b12-f481-4dbc-a913-8482a313ce71,Far North,Maroua,12
74c17cfc-cc4d-4325-b650-8d2950c5f199,West,Foumban,8
1c069bc3-ca6c-493d-9cc3-7f6675d62ace,Far North,Maroua,26
691eec6f-a8dd-446c-9d73-59872be73881,East,Bertoua,14
07a2fb36-ea5e-4f16-943c-520b88e96672,West,Bafoussam,7
5878b7fa-fe2f-41da-ad51-a076bf4bafd1,Littoral,Edea,14
e7bd4820-a27d-4a18-8669-c4d037d9b631,South,Ambam,17
fa17510d-f0df-4e9a-b830-2954064e7efc,Adamawa,Meiganga,19
86d66a43-8cfd-41d4-9fb8-6df7ac25e5f7,Centre,Mfou,13
184efc50-184c-44bc-846d-d1918c77c765,West,Dschang,21
d68c6ae2-4809-45db-874f-2b05503df9c6,Northwest,Bamenda,11
25380548-7a69-45e7-8adb-1d48a2707c93,Littoral,Nkongsamba,12
36a546df-5a11-4d4b-821a-aee70bfedf25,Centre,Mfou,21
36e461cf-8ad0-4aab-9886-9d021547f022,Northwest,Bamenda,5
38764861-f8f3-43d5-b27b-162c7133c909,South,Ebolowa,6
58573cdb-5f98-4377-ab90-03d25f27ccae,Northwest,Ndop,21
d0b460dd-1353-492b-b58d-8c0cf2483623,Northwest,Ndop,9
ca3b7bdd-c30d-48a7-aaad-db4cb1ab5284,North,Pitoa,27
6171a359-d185-43eb-9691-44be74219bf8,Northwest,Bamenda,16
c074debb-3b6e-4b0a-8c44-f8f87a421d12,Centre,Mfou,7
03645fc4-75f4-4c65-8d4c-8dcf38f7df25,Southwest,Buea,8
b392fd86-b83f-45df-95e8-7e9fa1388f23,Northwest,Ndop,26
80a02995-7714-42d7-a2c4-8540a26c6d56,Northwest,Kumbo,23
75fab227-be30-4cf2-98b5-182c1851d72c,Littoral,Douala,27
0bae7cf9-91bd-4ddf-af01-081a2cbbb0aa,Northwest,Ndop,13
c6576f0e-1a90-4917-ba14-942e0065ff43,Centre,Mfou,28
61b87dd6-6fcc-45ef-b639-6edc2abbccbd,Centre,Yaound�,26
0a74852e-d85f-4225-93e6-6299054a798b,East,Batouri,11
3ebcade3-c271-4e80-be37-52adef86b2b0,Southwest,Limbe,7
e4a48248-c88c-4619-a11b-5c7d63068983,Southwest,Limbe,26
32b1c0ad-6785-410b-bfd8-62c57383f834,North,Garoua,27
5e8755c8-ea29-4413-b48c-b811da25db9d,Northwest,Ndop,2
39bced4b-0616-4ebf-bcf2-d945e30b5f8f,Adamawa,Tign�re,25
e7c7201b-0046-40d5-9983-7d12900f5f37,Centre,Yaound�,28
c8904f7f-feb0-43d9-963a-b5988a3316a1,Far North,Kousseri,17
30b655d2-39fc-4205-8e10-13068e8799db,Southwest,Buea,28
5fcc5d23-ce13-4b2b-bdb5-b7ac65aa141f,North,Pitoa,25
efd168a2-a809-49ac-802f-1a8134f70cf1,West,Dschang,16
6c84f2db-9708-4043-98d2-1837dd838137,Southwest,Kumba,16
a086e689-7964-49ca-880e-98548d54395a,West,Foumban,11
3ffe9f13-a126-4404-9588-5a26477e7371,Centre,Obala,3
cfbe87ba-fe8e-4c45-bc33-60a9e6747640,Northwest,Kumbo,3
35dac913-5010-4d6a-b9ae-2a6a59be225d,South,Ambam,5
14a7bf8a-4e28-4bca-8756-db5289fffb1c,North,Guider,25
edc5691c-bfd0-434b-a116-90b27cec1406,West,Dschang,10
ff4b7721-a6ed-4a03-962c-c900b9fdc979,Littoral,Nkongsamba,24
b30d62c6-47c6-454d-af8d-87a2fa1ccb35,West,Bafoussam,25
745b113c-6003-4af2-9af9-79586b0b54cd,North,Garoua,26
b7c79426-3f42-4ccb-b5bd-a4039faa4d33,Northwest,Ndop,6
4a20ca17-2faa-4ee6-8190-d39232f1ab3c,Northwest,Ndop,3
bf154293-52e9-4d19-83f3-b86f3611070e,Adamawa,Meiganga,11
40757fd3-2e12-415f-accf-0b0e2b34f9a4,Southwest,Kumba,12
95dacd55-3556-4321-940f-8108d07c9464,East,Bertoua,14
796ec2e5-79ba-449a-ae85-235fb6cd9627,West,Bafoussam,17
f07fb62c-f0a1-4b00-a33b-27d7ea0ec8a2,West,Bafoussam,9
08882107-9876-4a13-a995-a754b2dd958e,Northwest,Kumbo,22
a40a56ad-339a-4522-b33a-5beb36b84626,East,Bertoua,22
03d85664-369c-4c01-8a3a-9f2dc3456199,Far North,Maroua,27
556c7a8a-dc17-4e80-8684-8a9f2cd21c9c,South,Ebolowa,12
52729661-c86a-471a-aedb-b89ce50c00fa,South,Kribi,19
c18a63d0-efaa-49cf-869e-e043596120d3,East,Batouri,25
a17c6e3e-f348-48f3-8edc-7979d8c6c331,South,Kribi,27
999fd91e-5009-41b3-920a-82caa6d990db,Centre,Mfou,27
828c9331-11ce-4b2b-92ed-9bc4375677dd,Far North,Maroua,21
7ae02210-6cbb-4af2-8a0b-930fcdda4e26,Southwest,Buea,24
f4491816-22b1-435c-9c44-e880fe77095f,Littoral,Nkongsamba,30
dc35d460-9ec6-45ee-871c-94d4bc8f49e6,Far North,Kousseri,11
7bc13dcf-4632-4fe0-a964-6ff0901f824e,Far North,Mora,9
66718ec6-04c5-4a7d-a70e-ed52c7938b72,Adamawa,Ngaound�r�,19
e54c6a01-b44a-4726-a6b8-3952b8d77e76,Centre,Mfou,30
447793f8-0495-469c-9471-c78d78ff40e2,Littoral,Nkongsamba,8
ee30a789-bec4-4f8c-9708-b88f08a8bad9,South,Ebolowa,15
a2a51c79-f8e8-49d0-aa0b-9da6cdc6abb4,East,Bertoua,13
41977886-a402-44ad-bbfe-cef1640072e2,Littoral,Nkongsamba,13
9bdcfc4f-387a-4a32-9731-67ec76d568c4,Far North,Maroua,1
4917f322-021d-4ffe-97e7-a0f3348240ab,Northwest,Bamenda,13
7da3bc00-4790-439f-bfd4-a4d26ec46639,Southwest,Kumba,17
fbfd3388-a9a8-4c4d-a853-2a7ac69c189f,North,Guider,27
c5c39f6f-1edc-4c58-b629-add4d3f68988,West,Bafoussam,26
ee9ffb83-25b5-40f1-8693-61cb83ba5127,Northwest,Bamenda,14
0672d4d5-4c88-4bb1-a6ae-5878476d440d,Northwest,Ndop,10
35b8885f-4686-4136-8e32-4619193579fb,Far North,Maroua,1
5a92e27a-9c4c-466e-9b15-b33780367ed5,East,Batouri,28
3bb52887-7fe7-4e7c-9cb8-f73595605911,Southwest,Limbe,12
ad33f7ad-82e9-4a23-a546-ce677f1ef528,Adamawa,Tign�re,16
394b21cb-e725-42d7-bbb2-187ecac82cb4,Adamawa,Meiganga,26
84892642-2e0d-4bd5-a8ad-2c623f2bf299,Southwest,Buea,28
2e37773e-33d1-4eee-883c-edffec71b489,East,Abong-Mbang,2
51bdbf27-f88b-4947-92ba-5a9fff56fb2c,South,Ambam,21
969bbe4c-c00f-4778-9d23-880104331c8b,Adamawa,Tign�re,3
ef058e75-4b51-4710-8293-306efde25e90,East,Bertoua,11
3cf5353c-7312-4c76-92a0-45d24dec8803,North,Pitoa,30
175c8d7d-aa9e-4cf4-90bf-8b2c66329c50,Littoral,Douala,9
15109563-d179-4d33-948d-9b198c9fe8c2,West,Foumban,25
399d01ae-b0b6-4ec8-bdd3-ad72e0886d3f,Centre,Yaound�,1
9b966914-2472-44a1-8d42-a942e0deefb8,North,Garoua,5
a7616b43-a86c-4dca-849b-c67a906227d9,Northwest,Bamenda,27
796d6c8e-16fa-4d7f-9d55-a96297f14cf5,North,Pitoa,20
3a8788f5-00de-470d-bb6d-332148ffaacb,Littoral,Douala,11
8ce97354-5043-44af-9479-e2ee23c2c198,Far North,Mora,11
e84d78f5-77af-49fc-a23a-ea9c33782383,Northwest,Ndop,7
2837bded-9fdd-4ed6-97bd-b4877ef6b9ec,West,Foumban,25
64d2874f-ced5-45bc-a163-d726a3980726,North,Garoua,2
6a18f620-4d76-4f2d-8cf1-7c61e6b98ce2,North,Guider,5
3a47285f-9c6d-40da-a743-60a5f6333dc7,Adamawa,Ngaound�r�,16
45d75e91-b572-4abe-9e3b-a457cfb18a77,North,Guider,25
cb6d00cf-1684-403a-a034-ef129372a858,Southwest,Limbe,10
bec59638-bdae-4be7-ad03-49f8e5912515,Southwest,Kumba,29
614c30de-8366-47a4-a7da-72e5ff20f007,Southwest,Kumba,22
003469c5-bad6-4d3d-8be0-ca2639b5996a,Northwest,Kumbo,9
0d9a0ea3-065d-4abc-bba7-1368e7c19af7,Northwest,Bamenda,7
b94236d6-04ef-45a2-8181-96d170929cbb,Centre,Obala,20
82c6c661-7f7d-4a3a-9c31-54f52bed5de7,West,Bafoussam,27
55223968-0134-4725-9149-4168a8206d45,Northwest,Kumbo,5
b6f36b3a-2c04-4297-9bcc-1175d076d0e8,Adamawa,Meiganga,20
3aa8d1d0-fdb0-4f80-b05f-1599f13c6ac4,Far North,Maroua,6
7ca972e9-1b3f-48c8-a05d-dceaa22bf0c1,North,Pitoa,23
b5d289df-55c2-446a-b6d5-3f20c17650b6,South,Ambam,11
11d34ef6-a3f7-4a10-b7a1-2394457e8305,Southwest,Buea,9
6bc1701d-ac5b-4425-90c5-5998aa8d0f0e,East,Bertoua,27
d8360347-c7d5-4b5a-96bd-270ad4948213,Littoral,Nkongsamba,15
5057c52e-3c66-4a91-a94b-53e16cbf54b5,Southwest,Limbe,30
d60a0bdd-99da-405b-bcf3-08fa3144a1df,West,Foumban,25
8c76824c-74b3-4444-bb08-558bd5411862,Centre,Obala,6
12b12072-3a40-4cd3-8d77-fe524ff783f6,East,Abong-Mbang,19
f5aabe29-0d9c-48a3-8475-c14ec3ab1f39,Adamawa,Tign�re,20
c7eb7dff-bfc4-4809-bd52-19c72017375d,Southwest,Buea,11
a5776677-5d2a-4dfe-90f7-ad7b3c9b4970,West,Dschang,8
22ac5330-1863-42b9-94c6-16e988f86783,East,Abong-Mbang,26
ede7a1cb-31f2-4cf4-804d-fcc364a7fe5f,West,Bafoussam,21
85ecc428-bb5f-485e-8f2e-ef3b4a9effa8,Far North,Mora,14
0df53ca5-12a6-4224-9473-a6e31be166a7,Centre,Yaound�,24
e278ba87-6e96-45f6-ad98-4fcc417db118,Adamawa,Ngaound�r�,26
4ad95ff0-a55f-4ed6-8f9b-00497e377b11,Far North,Kousseri,15
fcebd702-fb15-4fd1-a28b-7145082712f3,North,Garoua,18
29c6ede5-52b1-457e-a9b8-787bfba2088b,Adamawa,Tign�re,16
b60d84e8-a463-4fed-b785-88114a51f2af,Centre,Mfou,23
c6c915e7-ab0c-404a-b503-ca154df87bcd,Centre,Obala,6
8e72240d-b841-4b38-b7f8-6ab580882cc0,Littoral,Nkongsamba,21
5b26077c-5a07-4c2f-9f87-d20aad0bd4fb,Southwest,Kumba,14
7b593379-71c3-4fde-b6f4-1a5764cd82c1,Northwest,Kumbo,29
ece926bc-7e6d-4f10-8043-0afcecf2b432,Adamawa,Ngaound�r�,11
5bc42db8-80fa-43f4-96ab-3acb3e2ae521,West,Bafoussam,22
825c7af6-c0e0-4ba9-8e3f-683fc6257498,Northwest,Kumbo,17
e7574bd9-4772-4197-83ed-e12b0808c2a6,Littoral,Nkongsamba,8
5effe435-c590-40b4-a7e6-97acd4b7ee8d,South,Ebolowa,28
4be8933c-d273-45fc-b82d-e8bd280a8076,Centre,Obala,29
632b5234-d81c-46d8-91d8-2bbe0ef8c4d6,Centre,Yaound�,16
fe9c1a07-e86a-4573-8d5e-8abc4b703303,Far North,Mora,27
9571e69a-5fc7-4082-b62f-fb3490399de2,Far North,Maroua,9
11f4e435-b7f9-4fbf-ac94-a638275fb330,Northwest,Bamenda,10
27f71cfa-dc42-4c64-ab8e-c2dc401fd9cc,West,Bafoussam,5
e9133c9c-3429-44a5-8855-4db8e35b187c,Adamawa,Meiganga,16
f0c9d71e-5b5e-45a1-9f8a-fecd15295a92,Centre,Mfou,21
834bb9db-13be-4a8b-8e08-4e8f3f2a20d6,North,Garoua,21
91e5d0b5-410b-4d27-8f2b-7e0486d71cf2,North,Garoua,26
da9588f5-cdb5-46d9-8239-dd952d5cbba6,East,Batouri,11
bc00fc82-b988-49fb-9ed6-0a7456fd2acc,South,Ebolowa,21
eb95822b-16e3-42ba-a665-0c86b1ccaea0,Littoral,Nkongsamba,28
4cfb6bcc-7e01-4622-bd08-eae5ecb1a73d,West,Bafoussam,27
6f5da354-ed66-46e9-965d-0a2bb2e7d546,Littoral,Edea,2
b4983134-5a92-43f0-926a-731fc8eebe08,South,Ebolowa,5
c3a6a540-e1e6-4d19-862f-8bf37141a607,Northwest,Ndop,17
e1db4e90-8871-42f6-a657-8770620d2591,North,Garoua,6
db11bf8c-e346-4e05-b9eb-e20945a4d921,Littoral,Edea,29
cab4241a-1634-490e-9c24-50b735da942c,Adamawa,Meiganga,7
74206e8f-194c-418f-9be3-fce0c51d46d6,North,Guider,28
0cd8d8b6-d5bf-4d95-99de-86b3ec45de62,West,Bafoussam,24
af4844b2-d259-40f6-9138-300af0b7db81,Far North,Kousseri,4
7a6be565-9858-44d3-a64e-44ed1fb1b4bd,Far North,Maroua,17
0f2e9833-7b88-4fa4-9675-908d597d5c72,Adamawa,Meiganga,29
f1990acb-3c0f-423b-820c-a0e03ea4e2f2,Adamawa,Ngaound�r�,17
106852ec-0393-4d99-8e0c-784766ea15dc,North,Guider,23
59742268-20a4-45a9-9e15-37dc2a6102ef,South,Kribi,24
a674da14-2269-4936-b042-204579974ed4,East,Abong-Mbang,21
1d46271d-47e6-49d6-b5ed-7c6fff68b628,Centre,Yaound�,25
f5853d3b-22d1-46a5-8a1e-79100528d06e,Northwest,Kumbo,9
7ad9342e-e4fe-49bd-a866-89e43892a468,Northwest,Bamenda,5
848b5058-475d-4809-af3e-175ae1386190,North,Pitoa,4
98265b03-f4ed-4075-9caa-c3e46a14b738,Littoral,Nkongsamba,24
11a8f44b-fa40-4df7-87e5-7c7f66fccfe3,Adamawa,Tign�re,18
61ec4ac6-4062-4e1c-bf9d-a21fede610be,South,Ambam,10
02dfcd54-9b13-47f4-b4f4-9b14352b464d,Northwest,Ndop,26
7eb592c8-6894-4513-87ab-deb599374180,Adamawa,Tign�re,27
20a800cf-74c2-48b7-9ed4-6766a2719d1a,West,Foumban,5
0e0af235-2813-4f65-a48d-de995e5c59f7,Centre,Yaound�,22
c72f59d9-9780-4592-8ebd-e6561544b9f0,North,Pitoa,16
f7f9d1d7-4330-4ae9-8180-72cb4b0d5fee,Centre,Mfou,22
274b81fd-85cf-45a3-9554-400294b63b0e,South,Kribi,17
b2a01add-0a2e-4f67-b76f-ac3a240c194e,Northwest,Bamenda,15
87346eba-8a5a-4226-89ca-03568bc88fd0,Littoral,Edea,5
e3f3105e-91b5-4aed-9538-cdfa1e82a111,Southwest,Limbe,22
5271862e-7d8c-4009-9285-5f44a16ee984,Southwest,Limbe,11
c7343ef7-c8c5-4ced-a67e-89a6b5b9a88b,Adamawa,Ngaound�r�,13
29be5ac5-ddea-44b0-a7d7-512a8d61ecbe,Centre,Yaound�,2
7ab9d995-4db0-4464-843a-f0f6c0da3e3a,South,Ebolowa,18
8fff282f-374a-4c39-8e17-024553e19d84,West,Foumban,12
db67ec88-76b3-4a02-8a34-c695cc1eee0d,Northwest,Kumbo,23
7db36e2b-1b11-4b51-b9fb-4ccb51041d2b,East,Abong-Mbang,19
b358c433-27d5-41be-9290-5fab9e7bffe3,Far North,Mora,27
94187874-51c9-445c-8016-6f1ec807a5e6,Southwest,Limbe,4
426c74cd-8f9b-463e-b539-92e8679a6651,Northwest,Kumbo,25
e26efd04-edd2-4c5b-8949-5a82d0e9b67f,East,Batouri,2
2c803322-a7ed-4893-ac51-329e6c00d3f7,South,Kribi,10
91ac8646-5314-4bbb-8fee-3200f1b3a9cb,Far North,Kousseri,20
b90313f9-ef7a-4ee1-b4db-db361aedcb70,West,Bafoussam,2
17396cd3-6546-4786-847d-f30c3a580181,West,Foumban,25
73f6d736-f726-4359-a7a1-431997fa45d6,Centre,Mfou,18
3d8e9860-35ae-4243-a338-f4fb19ac3d07,Northwest,Bamenda,10
726d5474-f58f-4de3-805c-a516eb8f2adb,Northwest,Ndop,26
8802be19-bdc3-42e6-bd69-2d1ce4590047,Centre,Yaound�,21
982c7da3-1a5a-4f93-94bc-2d5d8c5af715,West,Foumban,13
d13b579a-ba08-4fee-bca1-cf7eb6de3485,Adamawa,Ngaound�r�,29
c125f7ee-c5cc-43e4-be86-127476727504,Far North,Kousseri,4
2097eb43-c803-4c6d-9a15-9b30934adca6,West,Bafoussam,22
247b6448-0ac9-4c15-b13c-92c326f951e0,Far North,Kousseri,15
ed009dc4-c83d-444b-ab4f-45a553237343,Southwest,Kumba,7
a0bdce31-d07b-47d1-8ee2-1174f8ca1387,Centre,Obala,4
e6a1c12a-a9b6-41cc-b517-608e1c16a964,Littoral,Nkongsamba,28
857019a0-d50f-4fce-a175-2160e1a6fc26,Southwest,Limbe,3
8e68c5b4-d0a3-4c0f-9f64-5068738a465a,West,Dschang,11
8e9111ee-2197-40ac-bb63-7c5f01c74f6b,Southwest,Kumba,28
2298b3e7-5731-4619-935a-62e3e3292c4c,Centre,Mfou,27
e021ea01-1d53-4c49-9beb-6805f598abbc,Adamawa,Tign�re,17
adeacf10-07be-4fb2-a880-b79c9c86c21d,East,Bertoua,6
44568de1-d236-4af7-aa70-408b491639ae,Centre,Mfou,24
11c1be57-5475-4a9d-81c6-e3871a3d7b9f,East,Bertoua,14
097ab37e-7331-416f-86d4-7356212aab39,Southwest,Buea,1
88b448ac-c443-4729-9293-e02cd1a2a05b,South,Ebolowa,17
6aa8858b-77e8-46f3-9a7f-bcf262675403,Northwest,Ndop,27
026170aa-6e7d-45df-af64-ccb4dc383d9a,Centre,Mfou,21
8c48a73d-d649-4dfc-9eef-0480d0517c80,East,Bertoua,25
b4663cd2-7aaf-462d-9311-1dca7e32474e,Far North,Mora,12
67c98582-111d-42d3-8fbd-a5a8a8d53322,Northwest,Bamenda,20
fbcd8bb0-8a54-4ac4-baf7-3680ad42635b,South,Kribi,12
eaa69408-a20b-4d1d-8984-8ebc0e8fbc78,Northwest,Ndop,15
1b6fcd0b-3212-4648-8a25-7575bec6f8fa,Far North,Maroua,9
d4de942b-bfb7-4de3-99ed-a42c32a93048,North,Garoua,19
b6fd14c7-bbd6-4c84-8c98-9a2f8d05daa8,South,Kribi,22
5baef58e-9d45-4257-b61d-c80a0d3668a4,Centre,Yaound�,17
b70cd22a-4a8a-4135-bd78-91aed212ee8b,South,Ambam,30
876d6f4b-71ee-4987-9713-c3046b61aa97,Far North,Maroua,1
09067371-be8b-47da-8362-e41d88c5ac41,West,Bafoussam,10
a9f0e4ca-25ae-459e-b9b5-913364b935ea,Far North,Mora,16
0fcfb973-ce07-453d-a61c-da1d2f1b44ac,Centre,Yaound�,24
d57873ac-b847-4d85-8697-1d42c6b490bb,East,Batouri,13
388d220b-b258-4083-884b-0d3457dc8d7b,Littoral,Nkongsamba,5
1feec08a-1923-4ca4-8333-a2ba33d3261c,East,Abong-Mbang,4
20471d54-367c-4e67-add6-6b1436807336,North,Guider,7
e951cc25-cb01-44f8-af36-e464548af564,Northwest,Kumbo,13
9a6ee550-d8ec-43d2-8e63-3256c03ab809,Southwest,Kumba,25
d1bec7a4-3bb5-4966-9fac-809b7476d17d,South,Ambam,5
bbf9722c-8df9-4dba-a95a-d8c1570427a9,North,Guider,22
5cbcef8c-97a8-4d4e-84ad-37b0edb22e3f,Far North,Kousseri,11
4f4e8a4c-beda-4220-8c72-3c21a877a08e,North,Garoua,22
9d940605-4dba-4fb4-94d7-27d381106992,Littoral,Nkongsamba,17
d718c420-7a82-4174-8e09-3e16b45005e2,Littoral,Nkongsamba,14
ba78bf10-3210-4803-b6b2-7a117e730bda,Far North,Maroua,14
968239bf-aec7-465d-bd66-7c87e9a13d6f,Northwest,Kumbo,5
e01aaa2e-e7a8-4096-9a0a-ed553be0be63,Northwest,Ndop,1
e30dd401-4577-45a3-a45b-21cf69adeafe,East,Bertoua,27
7b777d7d-371c-4b55-9683-d63ede950014,Adamawa,Meiganga,17
04a60046-3acf-4009-95db-7a8b36a4c55c,Southwest,Buea,24
e8f5c6e0-140b-42d5-b9ed-f19e410984f5,Centre,Mfou,16
a97322dc-f9a7-4c26-a5f7-e64b28b33daa,Littoral,Edea,21
b4b215f5-ac6a-4921-8ccc-cfaa6feec243,Littoral,Nkongsamba,27
8fb35b21-2cb1-480c-9fa9-40e0ad1f9b3e,Adamawa,Tign�re,22
4af54c5e-8e9b-4477-8dcc-1e0f28f09aa9,West,Dschang,22
cc757276-e6b2-4d06-b7c5-8208e743bbc4,Adamawa,Ngaound�r�,4
61b370b3-36af-48dd-9caf-bb9c9fb4474e,South,Ambam,7
837152cd-3ee3-45d4-9f51-1be3e66e598d,Littoral,Edea,28
b799ca99-ae3f-4ae4-b8d7-f685bda21eec,Adamawa,Tign�re,24
b533876e-7c66-434f-80ec-4f8b73d65338,Northwest,Bamenda,24
05cf887e-9fd4-4ce8-bb86-705c47e740fd,Littoral,Douala,2
eb7f9fe8-8370-43a4-8f39-4465eaac8755,Northwest,Ndop,29
b29a0480-5cc4-4c57-aa9f-7e877e860918,Littoral,Douala,6
fde22901-d454-427d-ab86-e9c375fb70e8,South,Ambam,13
2e7d7926-8787-4c6b-840a-aa3527c19187,Southwest,Limbe,24
03886206-e0a0-4136-81b5-0ef7bfef4a88,South,Ebolowa,8
5a2c6934-21da-45a1-88ca-648868cc525a,Southwest,Kumba,14
e41677c5-2128-43e3-a042-3ec81e149908,Far North,Maroua,20
a0419f48-abf4-4fe9-9f35-217381d2d79c,Centre,Obala,27
767cd89a-40c2-4d10-b8cd-c28cc4991320,South,Ebolowa,8
9d7c9696-6e96-4c33-bda2-b4f9c64c13d9,East,Bertoua,20
ecddc817-77d2-4525-89bf-8771f571517b,Northwest,Bamenda,27
a5fc60b2-14fc-4192-af16-2ed37369876a,Southwest,Kumba,2
75a1733a-0a15-4399-a659-de4a6931897a,West,Bafoussam,4
022359d0-1dae-471f-afeb-b9d84228f98c,North,Guider,7
52302384-77f9-4ca6-b8ea-a46f61f161d8,North,Garoua,10
4b6bc3c0-7529-4889-8164-a1b844b86365,Littoral,Nkongsamba,12
91babe58-f192-4b39-b294-94781cdcc5b9,Southwest,Kumba,7
120a18bb-e617-4c4e-bcc9-4bada717e59a,East,Abong-Mbang,24
10c2e529-8b79-4a15-9a5a-ddb09d58e6d2,South,Kribi,17
c0a0e1f6-fa3c-4f8b-814a-6e42352592cc,North,Guider,19
53ab801b-c78f-4529-91c5-0b01d4843e25,South,Kribi,9
e2b0ab3b-7492-428f-a60a-1bf1697671dd,East,Bertoua,26
c0a59651-3611-41fa-8382-6bd5d301486b,Centre,Yaound�,29
70b849d4-2203-4544-a0ba-a772b5a36c03,Centre,Mfou,9
a51d92dd-09e2-43c2-b8a8-a334a73fce3f,Northwest,Kumbo,18
cef8780d-b3fb-4c73-8693-23044e35d11f,East,Abong-Mbang,11
2724cb70-ba99-4e8b-a5b4-ce8feac0a452,Littoral,Edea,16
932deff4-93cf-49b9-848c-d438150e4b28,Littoral,Douala,3
fc3131f0-6146-46f3-b837-466fc2aefbbb,South,Ambam,13
808939f9-1de5-40ac-90ed-71e48ae0524c,Far North,Mora,14
5e7836a7-c177-4df3-a459-22bd1cf5b465,Adamawa,Tign�re,14
957fd650-c292-424b-8cd0-cff0e668f964,Centre,Mfou,5
fd742937-6f44-46bc-b885-e56b543b860f,Littoral,Edea,2
3a2725e4-42a5-4137-bebf-33f8d66defed,North,Garoua,7
f2efa0cc-baa7-4181-886c-18263015b573,Adamawa,Ngaound�r�,5
7e16a990-3c8d-49a4-b753-de2e97ac45a3,Centre,Yaound�,24
c9983e78-a1d6-4898-b3f6-f55d5b83c57d,Far North,Mora,13
b96aea73-4dda-44ab-9df2-734cd6e28338,Adamawa,Ngaound�r�,4
d443a1bd-a3b0-4a4c-932b-661a43a3aa0e,Littoral,Edea,5
1da841b5-5171-4c12-92aa-70e193c19cd1,West,Dschang,5
0e5350a5-54ea-4f39-84dd-402e77117455,Centre,Yaound�,15
0e86eae2-6408-45c4-94db-509dd6dc4502,Northwest,Bamenda,4
3314f747-bba6-4e7f-bb20-645b88c81cbd,South,Ambam,13
8571c344-3246-467d-b49a-c6163a74d905,Far North,Kousseri,8
051d8e48-7630-48d6-967d-5f756ae44aa4,South,Kribi,10
7a6cacfb-0dd1-4b59-8629-67f48d95fb7c,North,Garoua,30
00451cc9-f001-4e90-a161-5d7c681cc780,Southwest,Limbe,29
e694bdd7-a4cf-4486-b6db-36dcbda01d89,Far North,Mora,22
0064cf0d-c25b-4525-abde-89f4d45fc913,West,Bafoussam,22
348be8cc-827a-46d6-9ffe-8ddb0fe77c5d,Littoral,Douala,11
fd871c14-0372-4cbe-b884-ebde8be98c3d,East,Batouri,22
e91529bd-30e1-4df9-8011-01c18ec4f411,Adamawa,Meiganga,24
1115076b-ff7e-495a-ba7c-fee868daaf1f,Adamawa,Meiganga,17
0c5cc0b1-c015-4ab5-b9b2-b798801a8514,Littoral,Edea,8
8dafbcd2-efc1-4731-8cfb-b29ae8eb57f0,East,Bertoua,6
8036e794-d684-4d16-ba0b-675b9edcb2bf,Southwest,Buea,22
07e78ef4-392d-40d8-9dca-bcda6225b178,Far North,Maroua,12
0425c548-9517-4824-b424-43bbd7d964eb,Centre,Mfou,19
ded02513-e439-4608-ae68-517c4e924397,Centre,Yaound�,1
1298f1dd-2481-4892-b47d-cda10b00ef17,Far North,Mora,27
22b78b8d-3b62-40bb-a6be-49db96ea255c,Adamawa,Meiganga,4
f5fb9ab4-6771-4363-902f-f7bcc0623c9b,Far North,Maroua,6
5735ced7-50dc-4a41-b04d-7715ea6926e1,Far North,Mora,13
9c3d2e43-6c0b-4e8d-9d13-1e5721c72a30,Northwest,Bamenda,23
f0ef8f58-c70f-46f5-9fa2-fdb623eff15c,Centre,Mfou,11
6c5cf4da-3751-4947-bd47-8bf53e9a4b57,North,Garoua,10
fcfd9821-2840-4821-a51e-2c3c757ecced,East,Abong-Mbang,3
5263cbad-44e3-42e5-9425-341cfbe19e00,Northwest,Kumbo,2
900bcbdf-5bb7-46dd-a63e-b13ceba94247,Littoral,Edea,18
ecd3fb18-4db7-4566-8231-f5227dab129b,Centre,Yaound�,11
568b508d-0604-463e-8240-56db535bc6bd,West,Dschang,22
6fec8afd-86ea-4772-851e-79316dcd1659,East,Abong-Mbang,14
699b10fa-3a04-4370-aa5b-1610db0ebb93,Southwest,Limbe,21
79b84bfa-820a-4e55-b56d-cb0995d5f316,Far North,Mora,20
68a5cedc-b957-4903-ad76-211213324d70,East,Bertoua,7
2112e04b-a847-4d28-b5bb-43c5326cadb9,Southwest,Limbe,2
710a8c07-65e2-44ae-bf56-1a0c21e8df05,West,Dschang,3
4c7a51bf-a493-4eef-8299-d460dbd7af2d,North,Pitoa,18
40eafe68-fea8-4a45-8556-47c06187a7bc,Far North,Mora,4
8f49b41b-fe9e-4f6b-aa6b-f36e6baf5782,Far North,Mora,19
8245e657-8412-4bc6-8124-b22ae583ffff,Adamawa,Ngaound�r�,5
28373945-2d43-4b65-b7a5-932c64f9ac90,South,Kribi,12
dac420c6-989f-488b-a025-2248f015e872,Far North,Maroua,9
28c046a6-232f-479c-9a47-65f626695509,Littoral,Nkongsamba,18
62070c01-b97a-4440-a0c3-fd3eb060cdfd,Far North,Mora,17
02619c98-50f2-4db0-816f-e38817040487,Littoral,Douala,25
0ae76fd6-f8af-4458-a4c4-1bb9b722a6db,South,Ebolowa,23
a55ff044-c1cd-4973-903e-bac0aa8a696a,Adamawa,Ngaound�r�,10
454f862e-894c-46be-aeee-944e987b9a81,Centre,Yaound�,21
24686974-3d14-4b9f-b65f-090ddc516dd6,East,Batouri,14
2203eded-d2bf-4f06-9d11-f599dca34b9e,Littoral,Douala,17
cb531ec9-891c-4810-91e5-091a3178cc12,Southwest,Limbe,3
071b7641-354c-46a3-ad16-4f418322568e,West,Foumban,25
bd67612c-a4e7-4bc2-b78a-44f072a29f8c,Northwest,Ndop,6
b5835b13-5bb0-4e93-90b3-e75e904e08f9,Centre,Yaound�,2
7da8e827-eeef-4c15-b89a-5ef7dbbc354a,Centre,Obala,2
9770677a-7144-4ec8-9a4b-22c95562e72f,East,Batouri,13
e9a41b0b-91ec-4b62-b4e8-76e73f8fdd92,Centre,Yaound�,23
a235d8be-a459-4ee4-8b60-7c8554acae6e,Littoral,Douala,7
349712b4-cf35-4d8c-b354-bb383ca45955,East,Bertoua,1
44ec5451-36cc-42b8-81d2-74cd6255a105,East,Bertoua,28
6e203543-6b36-4209-a23c-7007b2d17023,Northwest,Kumbo,8
2951e9a8-2723-4fb4-8687-55b2a6ba1c81,Centre,Yaound�,20
23818e93-aaa4-4240-be54-9bc39af75e86,East,Batouri,28
7269aacf-b1f4-403e-bed3-9b5c2665d232,Centre,Obala,17
0f7dce5f-2341-47ef-9a49-355724263b0a,Adamawa,Meiganga,4
c41ca3c2-bdd2-4d7d-b446-ae06ac406ee0,West,Foumban,27
60be8299-2388-40d4-99e5-033c0b81b325,Northwest,Bamenda,16
63ccadb0-0869-4225-a622-f4d9d664e143,Adamawa,Tign�re,20
108f7de8-ad49-4e08-a30d-bcc47f5d4f8e,Southwest,Buea,26
dce6e867-7724-4303-bb53-7f2fb9d019a3,Littoral,Douala,24
369b84f7-92a0-4256-a2d2-84a0c4d8dff8,South,Kribi,22
f32448ea-628f-47e0-8d7c-b44a9d03e1da,West,Bafoussam,23
20268ba6-75af-4fec-8cf1-99e235496a8f,Centre,Yaound�,27
afac4a8a-73d0-4f22-897d-7eff4ae3e664,Adamawa,Meiganga,24
77ba7129-3e55-423b-8bc9-bf8872bc757f,East,Bertoua,22
aaddd39a-e263-44d5-9ee2-6b8eeb4d0b97,Littoral,Edea,9
914b7546-e991-4080-8083-e04239cc6036,Far North,Kousseri,29
9496256e-b418-4599-b531-02374e091300,Far North,Mora,21
6d66bac8-968f-4aa2-a58f-005223731cee,Centre,Obala,9
7d8fc035-0390-422c-a469-523c79997847,West,Foumban,14
5c3c6b94-472e-452f-b393-abbe7af80e3a,Littoral,Douala,2
2a8bd844-95b1-4260-85ad-89871935f416,Southwest,Limbe,20
a84aed60-d8c2-4a9b-a6ce-3eb4aef06d6b,North,Guider,21
accb2d72-60e7-4224-9be9-7f1fd907e4b3,North,Guider,13
5787850f-d2cd-4929-98b5-d4245c7047a5,East,Bertoua,13
1a18f3b4-fe72-4e9c-8f90-731c5045a7ca,West,Foumban,28
2874a2f8-3d35-49c0-87e9-cdde9e60d367,North,Pitoa,2
ed7541e6-b23c-49e2-87a8-34b29cb4878f,Northwest,Kumbo,21
8f042b2c-7a91-4333-97da-d492ce4e63c5,North,Guider,10
707f2c0d-41de-4dd1-aca0-910833f2b0bb,North,Guider,18
a45f95c4-3297-402f-aab2-7fece0d3ff25,Southwest,Buea,13
b5802dee-b61b-417e-b15c-e27f6ec92724,Southwest,Limbe,29
b7cdafd6-3397-4894-94bb-37e0a1b9c048,Littoral,Nkongsamba,25
62c5b657-7012-49ee-8bfd-a95580bb9792,North,Pitoa,4
fbfac390-f791-4bc9-853c-1fc40291fbe0,Centre,Yaound�,1
dde7294f-d544-4d1b-8130-938f16c1ad1f,North,Pitoa,24
d7540e54-e8a3-464c-8eeb-ad5be1f87325,Southwest,Limbe,11
b5b0d83f-092a-4b32-8dcb-93f962e9f776,East,Batouri,15
3bce293f-1a39-42bd-99cd-6a26a4b94cff,West,Bafoussam,17
aa117f30-0e3b-4adc-8475-a626301b65fc,Centre,Yaound�,29
f8a707b5-ef59-424d-97a4-1a50158b7c54,Far North,Mora,11
da85ce88-004e-4ebd-9398-dbcc5ecad1bf,West,Foumban,1
0dbc5a56-5f93-4aa8-a299-cb953073a055,East,Batouri,9
6acee2b1-608b-4546-9290-89369c0f610f,Northwest,Bamenda,5
26b3473d-101a-4d13-9f4a-7f9d91b9052c,Far North,Maroua,6
1601c0b5-a29d-402f-aa96-f1176683872b,North,Garoua,1
fc4da7b5-c584-4f53-ad59-324612635193,Southwest,Kumba,29
84a6000b-8b55-4913-a722-0d747ffa27a8,South,Ebolowa,7
2bee52e7-27e4-4487-b03f-35adb80a8ec2,West,Bafoussam,13
b976e837-a98e-4dba-b3a2-2e85c7a07446,Centre,Obala,1
89b20f89-aea1-4f31-a4cf-5c2f409966fb,Northwest,Kumbo,23
1dce666e-2b0d-4e0e-90b9-c154f22bd35d,West,Bafoussam,27
097564c8-a3a9-408a-b9df-91fd319e7db2,North,Guider,18
23ac4270-109a-4dd7-ba20-fefd8994d910,Littoral,Edea,26
b2767742-9f6c-4a25-81a8-1d8cd9850f54,Littoral,Nkongsamba,7
5cc445ec-3a4f-490a-a396-788f943d74a5,West,Bafoussam,16
51e86183-3e6b-4daa-8410-ec0a0c935a6b,South,Ebolowa,13
ec556974-eef3-496d-9488-44df86811088,North,Pitoa,20
39fd8a10-1499-4824-8914-af740115071f,Littoral,Nkongsamba,15
3968a24e-1117-4fad-8c88-56e9b4c9be8e,North,Garoua,17
e6ec3a20-a7a0-4c2b-ab94-7372eabf7329,Adamawa,Ngaound�r�,6
fc232fcf-f74b-4890-b98b-f202692d4436,Adamawa,Ngaound�r�,26
15e5ce11-0402-4cb4-a243-19b1504f6f32,Adamawa,Ngaound�r�,16
bc1b3ab3-6d1d-4ec4-848a-48c72c962220,West,Dschang,10
802cf2e9-74cd-4828-8c5b-b3c4591275c9,Adamawa,Meiganga,13
c4e0808c-70cd-4d91-a63e-5b91ac3de991,Northwest,Ndop,9
fb27c3b4-4b2d-409f-97d6-bb14cd610a30,West,Dschang,30
94bc62f5-3b70-4562-84dc-dd6b015ab6d3,Southwest,Buea,16
3465498f-979b-4434-b7dc-f726a7f7cfd4,Adamawa,Meiganga,18
dc8ea102-f968-4ecc-8b08-52c52ca96c41,North,Pitoa,1
856ca752-0751-4a8f-8ef4-e1c4e9567a43,Littoral,Edea,12
33f257c2-ab19-4690-830f-ba2bd72e39ab,Littoral,Douala,21
a5f955b5-434b-4e48-8192-bbabb4e48ef5,West,Bafoussam,29
36b53ea4-74e2-41fa-8523-d66333f01cb5,Northwest,Bamenda,22
f3cccb29-c59e-4ac8-8bc7-5e8cc2dc0945,Southwest,Buea,22
a05effd8-6c90-4676-aab1-df342ffa4a50,West,Foumban,9
c413d4c9-4092-4ff1-82d2-4aaac599c559,Far North,Kousseri,3
ae1d9821-02e0-4ea5-af57-1c038e56dbbe,Northwest,Bamenda,22
8d6c2393-542d-44e1-bd33-c4b32938576b,South,Ebolowa,13
71e723e8-2232-4a45-8c01-16c6e1219bd6,Southwest,Limbe,8
1e664d11-1699-4b17-8379-27233f4a696e,Adamawa,Tign�re,20
30a9ee4b-49c9-4190-88bf-ecc14a5a99ea,West,Bafoussam,16
6e35c276-d958-447c-b9a0-cb0cd9986b03,Far North,Maroua,30
eca8279e-e5f6-46b6-914f-6ddd48217651,Southwest,Kumba,3
6e1a9c57-3787-43c9-b7a7-64da60cbd1e8,Northwest,Ndop,9
8f5791d4-d4cc-462d-8d5b-0ac9e487214f,Littoral,Edea,22
6d8151bb-efa5-41e3-b4c1-79a5a93563e1,North,Garoua,17
bc2e626a-b090-4973-81ab-e7e873999912,West,Dschang,17
63953ad3-5747-4b35-a910-badad37fd520,Northwest,Kumbo,5
03a2b9d2-92d5-4c15-bd74-cfe4475d7afc,Southwest,Buea,18
65f85834-9f77-4205-a9ff-5768d98ffd94,Northwest,Kumbo,10
490d9779-70fe-4c98-a20f-138445dff585,West,Bafoussam,4
919ef7dc-a8c4-4ef9-8b76-916eba6def90,West,Bafoussam,8
3827bed8-0acb-41d9-8924-f65751e12ddd,Centre,Yaound�,19
50ce5162-3589-4c12-8cd8-95a2b2def2f7,Centre,Yaound�,29
fc6d2b88-530f-4504-98da-159210ed75f6,East,Batouri,13
0d64d2bb-11db-4dd3-bdd6-064d7e421a73,North,Garoua,29
51cd2394-fa76-4aa4-9dcc-dbc1cec1f3b8,North,Garoua,4
ee44ba88-0515-471b-a23d-73af165e1965,Southwest,Limbe,19
aa962d02-d2fe-4382-91ab-018577d4cf1f,Centre,Mfou,28
92144744-ce9e-4d90-994f-6c8dc46d618d,Adamawa,Tign�re,1
617b57b9-ac19-4f13-89fc-86c3bd597f1a,Adamawa,Ngaound�r�,8
b318bcf7-420d-4ece-8f5d-abe16942b4ca,North,Pitoa,20
46ab9b24-3adc-428d-b1f1-5b2b8d963935,South,Ebolowa,23
96ace594-ee65-454d-b7df-dbfd8b51dea4,Northwest,Kumbo,5
8b9a8c8c-6974-498e-b16c-52a960cd01cc,Far North,Mora,10
b4237d50-ae6c-4f82-bdd2-df393389f5d8,Centre,Yaound�,22
5cfaf8c7-3d9e-43d1-a7a6-697b3a591a5e,Southwest,Buea,26
5ca7ac6c-962d-49fd-8523-6ec6c2d57064,Southwest,Buea,30
67bc41a0-17dd-4662-98ba-fd19290dc282,Adamawa,Ngaound�r�,10
703a191e-c9ac-4bac-b1f9-e5f73ef2b0fd,Adamawa,Tign�re,24
2f463bbf-ee86-45a0-a4c6-98d96501868c,East,Batouri,27
dc66d250-d184-4051-acba-bdecd43a6f20,North,Garoua,2
72251d94-8f5f-49dd-a321-eb021baf69c3,Northwest,Bamenda,8
cc415e37-305a-42ef-acdd-2f7dcdb0daaf,East,Bertoua,10
c45b0088-1006-4054-9ab2-67ae68cf2ee6,West,Dschang,19
7dc14223-260f-4fbe-a023-7fd6f35ffc7b,Littoral,Douala,1
70819cd9-d1bb-4720-b718-fe48eb44e03e,Far North,Maroua,24
44ce3bfe-b7e0-40e0-ac88-798ccb22acd5,Adamawa,Tign�re,3
32fde274-e0c3-4ac5-aad2-0637799bcf99,Far North,Maroua,20
cc881923-3c73-424c-838c-d033efcde27f,Northwest,Kumbo,25
aee11d2f-b3e1-4bf4-aad6-1fe186363f21,Far North,Kousseri,1
a43e1848-32b0-4a10-873c-873ec2c82989,Centre,Mfou,25
0ef84ad1-9087-43ba-a87f-dd96e492db4e,Southwest,Limbe,14
4f216640-04b8-4da7-ae44-b3963ff452b2,South,Ebolowa,26
d318b6ae-f8fe-4d46-8197-d8f8d04f4a2d,East,Bertoua,19
41cc734c-d996-4ef7-b4e6-fbff8342ec24,Centre,Mfou,23
a311415d-0976-4ffb-acec-7965a81f280c,Centre,Yaound�,29
ff08df23-739d-4962-91c6-73cb324da942,Centre,Obala,30
bea39920-2a95-46e5-b029-896be5e8a3ec,Southwest,Kumba,10
9b380e25-082c-464b-8981-b16920099d2d,Southwest,Limbe,1
0a4966fc-d258-42ee-a158-b813faad1cd1,Centre,Obala,5
3c53405c-d2b3-46b7-b21a-e14241633822,South,Kribi,22
8811c821-427f-4d0d-9f9b-1281e9cc04ba,Adamawa,Meiganga,24
eeea08b4-6c7e-41c1-b655-93d8c61adeb6,Southwest,Buea,23
c4edb3ce-8383-41ee-87ce-3dde35afadc6,Far North,Kousseri,19
99eb9c58-adf3-4b73-aa7a-fb32b67a82df,Centre,Yaound�,15
92863bc0-a283-4b9d-8f50-d1117f1a632c,Adamawa,Meiganga,7
2f068a89-2369-4744-8327-3896b97c5cef,Southwest,Kumba,1
c69516bd-e5b9-4c55-967f-61265420fb31,South,Ebolowa,30
decbd6bf-a7a8-4e41-8c78-224be77948ff,Littoral,Douala,30
31606b75-75a1-4133-9768-68c7ca856217,Southwest,Limbe,11
6c354c8b-53d0-4e05-93f2-1964973990e3,South,Ebolowa,17
8da6125c-2cca-4322-b566-feae85be2ad0,South,Kribi,11
10e21117-3d5a-4357-92be-896c32f2675c,Littoral,Douala,5
b025f70f-578c-47b3-bee4-1df4f2973262,Centre,Mfou,22
498113b7-a67e-42ff-b7f7-91752a653bc9,West,Dschang,13
2d29c453-8bb4-499b-a996-7ce009b5231b,Far North,Maroua,28
5ace1e41-5188-4bd3-9543-02fb030a80f8,Littoral,Edea,17
ef299420-9c9c-4406-93e5-483497f8b0ad,Northwest,Ndop,20
23b88b62-5afd-4a27-b617-768ed3db8c30,Centre,Yaound�,14
fc5b7cc8-14ce-4782-a5ae-f09e6c918c8e,South,Ambam,7
8cdb1960-159d-4a9a-b305-b995efbb4b0c,Centre,Yaound�,18
9fd10b49-3d4b-4ddb-9aa0-be738f247655,Littoral,Nkongsamba,24
09f9677c-2182-44b4-9f32-e2c84697d93d,Centre,Mfou,27
3d4b9613-e4ea-4df4-9c34-adcca58876ac,Southwest,Kumba,3
2b0f0bf7-1e1b-49b7-b6c1-52e71ad43ca7,North,Guider,11
b3f2ff38-c938-4fe9-9323-e253ac1fa9f3,Northwest,Ndop,5
8037dac3-31db-4d1f-a1a2-aaf8c162b469,South,Kribi,10
155a84e1-37dc-4088-a206-e7aede322ec9,West,Dschang,20
2186ecfc-6e14-4c84-a61f-d143e5cbfbac,Far North,Kousseri,28
f4d8d291-aeb3-483d-b2c4-1ef3cbb188f7,South,Ebolowa,30
7782a03e-4c2b-4963-82df-d930433a60d7,Adamawa,Tign�re,16
929b6c84-c957-4ba7-945f-b8e219de1c16,Centre,Obala,22
6ec88e3d-da94-4ffc-adc9-1ad2f90e5513,East,Abong-Mbang,28
7b17c8c5-b39b-4ccc-8081-aa95c6a8edf5,Southwest,Buea,15
8a2770c1-a83b-46b1-89b5-7f1818e74c69,Centre,Yaound�,4
32ee21ae-a57e-4dd1-96e1-4e55229a8e5d,Far North,Mora,26
9c48318c-2a6d-43e9-86c6-4d53ba0ee86b,Far North,Maroua,12
ba96c25f-ff95-43f3-9ba6-68b165d91047,Centre,Yaound�,21
6039b643-de33-4ee9-b82e-6feb34fa295d,Southwest,Limbe,17
c895cb1d-725a-424e-aa6f-a3f3099080e8,Northwest,Kumbo,28
847b3888-b162-4f5c-b3c8-4fbdd2eaccdd,North,Pitoa,25
68cd3e3c-2aa9-4dac-819d-8d20396591c9,Northwest,Kumbo,17
bf92d04a-1f31-4d1d-9aa7-42734bb606c9,Northwest,Bamenda,23
0dbc0098-8b55-4b14-8b0e-5486dc9aa202,Adamawa,Meiganga,13
dfcca64e-d9de-492c-a5be-a79ef6998140,Far North,Mora,8
e2dc116a-c7b0-4e4d-b4e4-c655373f3e2e,Adamawa,Ngaound�r�,6
c1c7468c-0ace-4c4a-a908-7d5603ff1271,Southwest,Kumba,4
92ce3e94-c72b-4da2-8684-fa653229d147,Littoral,Edea,4
05937083-9a11-4fca-9bb1-5c41a45bbcb3,Northwest,Ndop,27
7d3e6bba-02fd-4282-b8fc-e835b7641f4b,Far North,Kousseri,26
353fcd32-01f3-4392-b629-725e1f2e3e2d,Centre,Obala,5
96ec99ed-31f5-4c04-a485-a7a52c092088,Centre,Obala,2
a31d962c-1c6e-4d66-a174-3d0277a30e63,West,Bafoussam,24
072bd55a-26f6-4cf0-b79e-3c5818f8b80a,Far North,Kousseri,5
56ad4ca1-e436-42e3-ad29-342693c016ae,Far North,Mora,9
1355878e-3248-478a-b2ca-4eb6730ddfeb,Centre,Mfou,16
2a49eb1e-6d9d-4849-b366-a6fb071933c3,Far North,Mora,20
52c7e44d-56e6-4058-ba26-78b0bf6ecd61,Centre,Mfou,26
d6c5093b-06cb-4c91-9c61-2c6287969162,Far North,Mora,24
3f882378-5f3d-4fe6-b057-6dcdeb96cb5d,Adamawa,Ngaound�r�,8
f2992520-3aa2-4b2c-a621-2195cc85ac97,Southwest,Limbe,5
0b113b85-e361-4b25-821f-a427cf29d1a8,Northwest,Ndop,29
c5245079-a4da-4806-a6d6-1b1b6a118700,Northwest,Bamenda,7
65c9d45f-5db2-4855-9913-9393e85be735,Northwest,Kumbo,11
e0230c2f-d34f-47a3-bbce-c91c1c00bb4c,Centre,Obala,23
15e45bb9-c1cf-4f00-bc69-caa10a2815d6,East,Bertoua,26
8f5d8c9e-6b6b-4518-87ff-3137d13782be,Centre,Yaound�,6
e408b589-ebeb-4490-87d9-cfaf687009ce,North,Guider,29
ff6f2444-4d2b-4c44-a0ba-35158fc6936f,East,Bertoua,25
90ab1fdc-de56-4b6d-b782-2a551411edf9,Centre,Obala,25
c7021cee-4b3f-40d4-97e0-d0cdd2bbdde9,Far North,Mora,12
d1ed2ee3-c028-466b-aa79-e6422f21950e,Southwest,Limbe,28
d39f735b-b1b7-4b87-8f77-d6158f698980,Northwest,Ndop,16
4a5890b3-62ad-4e04-834e-981945692578,Far North,Mora,20
0b3cd099-6c21-41bc-b6de-64439f67d36e,West,Dschang,9
a4158780-da81-4c74-baef-382edc62e1e4,South,Ebolowa,11
f46a5ca9-c616-47eb-8065-19efce003a07,Northwest,Ndop,9
03ab7d4e-18a2-48ef-9a89-872845b3bb92,North,Garoua,16
8fd51df6-017f-40d7-acf2-0182c16e0302,Adamawa,Meiganga,6
c1cea9bb-cbe1-47ec-8415-6ab449087278,East,Abong-Mbang,22
5804ae41-de02-48fd-8edb-e47ce1552b8a,Northwest,Bamenda,9
a022dbe2-9fbf-45d5-83e2-56793910e397,Northwest,Ndop,1
2735b4a6-d645-442a-b0d3-35acc6f5be37,East,Bertoua,19
7c32a958-7bff-4316-9655-e02d3ed68210,Southwest,Kumba,5
986e2fe3-c731-4e68-b450-d03555e40413,Adamawa,Meiganga,9
b9487b95-1b9e-459b-8f0f-239ecee88eaf,West,Bafoussam,10
b4dc4c02-a089-49bc-9572-c751fb43ad74,East,Abong-Mbang,10
2b581616-bdcc-475d-839f-2d2b83df5a74,Southwest,Buea,2
46afe748-b092-4e47-80df-695c67a5012c,Adamawa,Meiganga,9
bfaccb1d-98f0-4d95-95e7-b713e391b455,Littoral,Nkongsamba,14
145c4ee5-0435-4311-8f76-ca532004a607,Littoral,Edea,23
867c1f57-f189-4e1a-a38f-21b419b0f7b8,South,Ebolowa,10
4251f36a-3db2-4f3c-9617-a600f76ddd23,Southwest,Buea,15
7a51e2dd-1420-409d-9f2d-ceb218dd2c86,East,Batouri,6
e057d07a-5dc7-4e0d-ba55-c1ca76f6bcdb,Southwest,Buea,21
4fa96a87-3fad-4356-b39e-f105d949e46b,Northwest,Bamenda,3
203e948a-c754-4762-8ea9-cabb906b68eb,West,Dschang,4
f698bfbc-c56d-4fa0-bde1-2b4c8c9cae5c,West,Bafoussam,18
7fc69798-1863-4e57-91ef-64cdac942299,Far North,Maroua,10
da54bc20-7e07-4922-82ba-e0160a1dcaa0,Southwest,Limbe,29
b790dcc8-eca8-4869-9206-3016179ef736,North,Guider,18
b6ed9e7f-782b-48c7-b38e-5a665d778877,North,Pitoa,25
d516d2aa-cddd-4d45-a83f-765d0f05d1b0,Northwest,Bamenda,5
66838027-bf11-4470-b3bd-5361581b7ac4,Southwest,Buea,28
69c7420f-eb90-4d7a-ac50-b79a0765ca8c,Centre,Mfou,5
52a52457-bb07-4b75-b786-dc0d31cebcaa,Northwest,Ndop,28
3e88853a-34c5-482e-ae8e-2825d86025c7,East,Batouri,1
d38849ba-f39f-4587-999a-65ba8c2d4457,East,Bertoua,19
e1eb97bd-a4e9-4933-8cf3-aabd0c767183,Adamawa,Ngaound�r�,14
a7b188ad-031f-442c-a729-97b83ae61e1f,Southwest,Kumba,20
063a9793-7e1f-446a-a76f-fc6bd6d4017b,Southwest,Limbe,15
54cd204f-ef50-4112-a361-90e2d4c83ed8,Far North,Kousseri,8
792ee25b-b967-4477-982a-fadc83ef4c56,Littoral,Douala,5
86045e3b-b744-47ae-a587-24f4591b2233,East,Batouri,2
6abc6255-09a3-4d59-98e8-579d63c2e58a,South,Kribi,11
2c1e7322-17c4-4807-98c5-54703e3b4ac4,West,Foumban,26
71ff7bf7-7102-4b91-be56-f7e20458a295,Littoral,Douala,14
8a603726-b10d-46e1-af3d-828cb3c7f7ed,Littoral,Nkongsamba,23
46047fa0-f0b9-4c85-9645-667353185cd6,Littoral,Douala,19
62a88eb5-e068-4751-84e3-704e0375cb93,Northwest,Bamenda,14
aba5284e-aa1a-44bb-b633-e3d24cf9fcd7,East,Bertoua,1
02ef27ed-7872-45d5-bfac-98018abf7fca,South,Kribi,19
efd36606-0aa1-4bea-9920-5a12f5c0d7ce,Centre,Obala,3
a4ab3cac-d23e-41a9-bff3-107c11a0f461,South,Ambam,28
2195ed48-707a-404b-a1dd-6738d3e5cb9b,East,Bertoua,21
d2fa18ea-d681-4ddf-8ada-f3bc6252922c,East,Bertoua,29
a18356c4-770c-4aa0-9ab3-37fdfd9036fe,Littoral,Edea,27
74565fb0-d726-4a1c-bde3-ba3f69b99d30,Southwest,Limbe,11
75fc55b0-1f81-4857-ac7b-380951b80197,East,Bertoua,14
b3630e33-c36b-4934-98eb-a66863d30502,Centre,Obala,12
344041bf-c2a3-43d7-b97e-fda7277af64a,Littoral,Nkongsamba,14
954a9298-a503-456d-b9db-bf9189b3f023,South,Ambam,29
0b770b24-998d-4d65-b022-86ce733f425d,Adamawa,Ngaound�r�,19
181264cf-55f9-46b9-b180-9dc640de1ce4,Far North,Kousseri,24
c62f34ac-bd9a-49c1-9fc2-137def0cb3c3,Southwest,Kumba,14
495819b2-dbdd-4bf0-a7e0-fdadd9d7bf81,East,Abong-Mbang,30
daf41c97-0bac-43ac-af0b-072dfb573fd3,East,Abong-Mbang,29
2e518ee5-ff97-4cbe-9330-c416238e3dfc,Littoral,Edea,7
4cba7f5f-a007-4663-9e67-eb0566863b03,Littoral,Edea,23
bd177778-2291-49f8-8b85-30fc4730379b,Centre,Yaound�,25
edaf678f-4751-4970-bbc5-e2da3955b587,North,Guider,22
8091b23e-9403-4dcb-96ed-5140fc69d3b4,Centre,Yaound�,20
c33209e4-fc3b-4b6c-97b2-cf2e24a87bb9,Littoral,Nkongsamba,18
f4cad7c7-19de-4486-8f57-93127c7ac834,Southwest,Buea,15
498f57d9-246e-4b59-8fd4-7ced4479d8e7,Centre,Obala,13
0fd9e0df-6c10-4ed4-be94-47233e439497,Far North,Kousseri,3
4e4e9b36-cdcc-4a41-8964-a79ab710229e,Southwest,Buea,27
ee7612ca-d5b5-46ec-a7cf-e0cb902f42e6,Far North,Kousseri,3
444b719f-6f18-4115-933e-0aae8264a8b9,North,Garoua,30
a556a260-1bef-4f84-ae85-9a557eacda62,Littoral,Nkongsamba,17
ab3e7133-6204-472a-87c0-c05d054a76e7,Northwest,Ndop,8
f079880c-8788-4dfa-86ea-155d6ca6bc5d,North,Garoua,9
b1c4af95-e9a5-42f2-91de-ac5bff825350,Centre,Mfou,15
2911f229-0a8c-441a-8117-2b547d9923ac,West,Dschang,7
9360a68a-d067-4ac3-8e22-8e316c58e613,Centre,Obala,19
da621e87-d637-4f67-90c1-c5bc3f99d259,Centre,Yaound�,11
2ab36919-310b-45fa-8b4b-d8d890f06252,Southwest,Buea,12
185af713-9b1a-477a-8ff2-55538e7dfb30,Southwest,Limbe,25
f4b45017-3d9c-47b4-923d-5f48538950f2,Southwest,Kumba,10
0696a41a-3ce8-419b-9fc1-85c616defa42,Southwest,Kumba,18
0e701959-0428-476f-b03b-bf8e4d38db41,Northwest,Bamenda,12
57b2f161-2712-48ee-8163-5043588f59d3,West,Foumban,3
7c85f823-059c-4faa-9702-804067089003,Northwest,Kumbo,9
085c581b-bbce-4841-a1c5-64d8894c5b06,West,Bafoussam,11
07a8e8a5-abac-4b39-b2a7-107ee1d31739,Far North,Mora,25
75d8d859-0170-4728-9272-efd76d13f4c0,Northwest,Kumbo,29
d2ef98de-2ef5-4a6a-87db-55c18b21e776,West,Foumban,30
1793516b-9be0-41d8-8929-cf13178df62c,South,Kribi,24
a62c51ae-1717-4a83-aa82-e00297260c51,Adamawa,Meiganga,21
0138766f-ea8e-4480-9f57-bf9843bd3421,Adamawa,Tign�re,28
94d772cc-0f21-4852-933a-cce3694ee977,Centre,Mfou,1
76231db2-5801-4844-84f0-bcef79a7110e,Adamawa,Ngaound�r�,16
d5ee88f0-52be-47b1-aef1-27570b900907,South,Ebolowa,8
47ead76d-e181-46c8-b892-f7ff0d533c59,Far North,Mora,29
25c4395f-aa78-4eb2-b697-b74d571353e1,South,Kribi,8
de0fbde2-703e-4fb4-9874-d495f68f7782,Littoral,Douala,17
1b5b6883-e50b-4dc8-811f-bc7ba3c89d7a,West,Foumban,21
bdb703d6-f6c1-49a8-b478-c3d4e6fcbc9c,North,Pitoa,12
ab995cc0-d0aa-4fe4-a49c-9919533e5d77,East,Batouri,4
a77b8c6d-3f13-4d9f-b257-9c8367060d66,Littoral,Nkongsamba,7
de744204-d934-489a-bc32-d96c2c2accb5,Adamawa,Meiganga,26
e0d35bba-a946-4906-95e3-fc6cd9af080c,Southwest,Buea,17
7056ab65-fe96-40f8-9d97-cb743954bbe0,Littoral,Nkongsamba,16
5dde8106-be4a-4556-8ca4-d1d9a69d9385,Littoral,Nkongsamba,22
ca839741-1222-4114-b934-1d97bedbcd44,South,Kribi,14
49667d7a-b3ec-4686-a041-f3ca30d00540,Centre,Yaound�,17
668ed551-d122-4b9a-b704-07e42edbe0ec,Adamawa,Meiganga,29
4aa03551-afbb-4acc-8277-d043a7327ca6,Far North,Kousseri,22
560aa090-eeee-4539-8656-36ab6de8f6b4,Southwest,Kumba,23
c05eba2b-f93e-498b-b62a-1a71babdc4fd,Northwest,Ndop,8
1cabf166-1096-456b-b57d-45f4727a95a1,North,Guider,11
5aaee389-885a-4d2f-8206-61f39ee0c17e,Adamawa,Meiganga,6
2a0d99b1-4645-4839-92a9-8f1715cb2fdc,North,Garoua,20
54280dc5-d623-4b4b-8e94-cd0da59036ac,Littoral,Douala,4
0d7ea418-fd4a-4c26-b8b1-1893eaa79873,West,Dschang,3
582611ff-fc2c-457f-9f74-7fdaa07c884a,Northwest,Kumbo,22
1748ba79-f947-42a0-b91b-e27f9e7fb585,North,Pitoa,9
7c22c643-c3f1-4380-aa12-e978ec0b3108,East,Bertoua,6
36bdc8f0-8194-432d-a7a5-42dcaea6c094,Far North,Kousseri,21
c6d8be1e-6cee-4158-9d6f-5ab894145561,North,Guider,1
864fec31-8b41-4801-bb4a-00572d0fd832,Southwest,Limbe,29
a754daec-45f0-4883-acdb-cb0c1493185a,Far North,Mora,23
e6537417-091e-4bf5-935d-6a0c614bebc8,South,Ambam,3
f1f9c2f4-9765-4a62-975e-4b1072723e33,North,Garoua,22
20e07c24-84bc-4522-9111-5a1bfa6d97c7,East,Batouri,27
15d54e7f-a8ab-4a98-aa07-ba47977eeceb,Far North,Maroua,28
de9b6b87-f929-4d59-9ef8-3eb9c42a4dbb,East,Bertoua,27
8c5e769d-e24a-4b9c-bf3b-ce3a9df26442,Littoral,Nkongsamba,5
f79a871b-4330-41da-a818-ae126e6989d1,Littoral,Edea,14
707db8cc-88ab-4de1-b25f-b56fa776c221,Far North,Mora,24
49ab505e-7e8c-4ee7-bf86-220d0f4f3ca0,South,Kribi,25
fded0536-151c-4b76-9c3b-fcd475ed6b0f,Northwest,Ndop,30
3c12a2ad-bacc-42db-8abd-6a461940a083,Centre,Obala,8
98d6266d-18c7-40b2-8c7d-056a8d41eed8,Far North,Maroua,23
027067d6-d8af-4b16-bfee-79fc5653fced,Northwest,Ndop,24
5873682e-29a6-4575-9b37-eb42b43a8394,West,Bafoussam,1
002e4998-4c62-42f7-b8ec-b4d87f0a0da0,Centre,Yaound�,30
f065d9eb-2b13-4af2-ac47-6d00a10212a3,Centre,Obala,2
9da1069d-d766-4b14-9f54-08085b40b014,Far North,Maroua,8
fa88ba9b-d36f-4970-b742-d224b92ce2df,Centre,Obala,14
0f49f1c1-70f0-4190-9696-683e3c0aaa7c,South,Ebolowa,12
e38bc0cd-313d-4073-b13d-7b98e94a86f2,Centre,Obala,10
c3dad0ee-cbe6-4f71-8c87-5b6218257332,North,Garoua,9
617268ca-cbb3-4b43-8f91-88ca8c1af73a,West,Dschang,12
7484f878-4f85-4996-bd54-8bf8017a9227,North,Guider,20
0c71813c-622a-4d45-a6b4-29deb117bd80,West,Bafoussam,29
81382874-9897-41f4-9c0b-b887091c1432,North,Guider,3
6d70ec60-ee1b-480e-a99a-2422e079f975,Littoral,Douala,19
fad29e46-c6b2-4f65-a9bb-824cc1c8f4a7,Southwest,Buea,5
7ea01bac-ca34-4d76-a8b8-9bbb9cc22d1a,Littoral,Douala,30
710b7aa1-2098-42d6-8376-96c97fc6c567,West,Foumban,6
1a71559f-0ace-442e-b43f-a7c651d48a79,Adamawa,Ngaound�r�,1
7c3301c2-6d23-4d0b-a26d-4e1d4d4bc002,Centre,Mfou,20
5dab87b4-c3bd-4245-bacb-4b69657484b1,Far North,Mora,10
4d2bdbcd-5733-4b9e-9e67-f3df7ea99760,East,Abong-Mbang,21
b6d7393d-6242-40f1-8674-6ae9ff94420c,Southwest,Buea,12
2df2e828-a657-4b63-ba14-a83823d3b52d,South,Kribi,2
a7e0db48-9b44-4860-898b-38db4c6a1555,Southwest,Kumba,10
3f1ed759-b9f3-4ae5-abfa-c6d4cd264dc6,North,Guider,25
4d36c961-5708-4dca-8f6c-ece3277b01f2,Littoral,Douala,23
7f5435c8-f34d-444c-b2f0-7cc322bf381a,Littoral,Douala,21
db71ac13-f1ca-4aeb-92a6-8b33342fc107,Littoral,Edea,2
e3e8d720-6d3f-4520-b7ea-23a813119412,Littoral,Nkongsamba,4
d5cdd64f-815f-42c9-8746-2f0ed80c8496,Littoral,Edea,8
db98d7f2-afc1-4793-b172-bcc8d507315a,Southwest,Kumba,11
3aeaaa37-154f-4f6b-8c50-dd5296f4078e,South,Kribi,11
1bbc2175-99f4-4d78-8311-98ec07eb04e5,Centre,Mfou,30
b37337e1-cbde-47af-ab0b-1ece9e1e0bf5,North,Pitoa,28
afb046d3-6ee9-42a4-a9ef-04ad3c72082f,North,Garoua,26
48955412-d243-4017-80ba-684a6acb5fc5,Adamawa,Tign�re,18
2b2c57a0-231c-478d-a559-f2fa6aef7204,Littoral,Nkongsamba,27
cfc1f195-ce22-4b26-bfb6-d3b8897db7b1,Southwest,Limbe,9
def455bf-5e35-4442-ba2b-4dbf6dcdb86b,South,Ebolowa,28
789084b9-16dc-4084-935d-6946e0c22cf6,Far North,Mora,8
603fe49f-31ac-4962-adfa-42fc1cb6e855,East,Bertoua,12
2938db6b-5b2a-49ad-80d5-d68b478223f1,Southwest,Kumba,20
bd13848a-e45b-451c-bf1c-4ec9292bbbf3,South,Ebolowa,25
b32f7de7-411b-425c-a89d-1a7df2d2eb4e,Southwest,Kumba,13
05664a69-b1c2-4e80-848b-a12012b6a7f8,Southwest,Buea,22
143a5679-6b9c-43e7-8160-cd071871db26,North,Garoua,21
989130d5-54d4-42d2-b1d7-5578d1b5fa51,North,Garoua,28
149b5d82-44ff-4dd5-83e2-f2211c7eccdf,West,Bafoussam,26
5c5155ce-e843-4972-bea8-c63623af1baa,Northwest,Ndop,21
8af5d6a8-d018-4ff5-ac5a-42fc019cee49,Far North,Mora,28
91400144-1f6c-4d60-995b-e84e20a5a154,Northwest,Ndop,24
6d86d4f9-4a4e-40bd-aa9a-08e76d807645,Northwest,Kumbo,21
0a65e3d4-61f4-41ae-b468-0b7495677bfa,Centre,Obala,25
da2b1853-ce60-4e88-b28e-add586bb1abe,Littoral,Nkongsamba,30
7d9ba833-b1ff-410e-aaf5-cd301fd456aa,West,Foumban,21
1474fb78-0f78-4120-ba59-30db00723b61,East,Abong-Mbang,5
ff0d7061-6384-47f3-bd01-dfbbd89aebed,North,Guider,5
1a0cc547-85b2-49d5-8133-919794b0d9a8,West,Dschang,1
f3018c5f-1539-4314-94e8-f9350030e0c8,Centre,Mfou,24
a14508bf-ef4a-4502-9f7e-f014673ae8ff,Northwest,Ndop,2
904bdfee-d2b5-49d6-b989-e4899a40b214,North,Guider,5
dd412f4e-13c0-4560-83bc-f04385e2f367,Adamawa,Meiganga,5
f72adc2b-87a9-49b9-8951-4fc448cb8078,South,Ambam,13
a8c7e91d-c100-42d2-abe5-1aeeb7e2fcf5,Littoral,Nkongsamba,27
e5303ca4-6e6a-4985-90c4-ab81054d489e,South,Ambam,11
e4aa07b4-de86-4029-bbc5-7d8601957e87,Centre,Mfou,29
a4e6190d-d15b-4e7a-905f-0f282bff406a,East,Abong-Mbang,24
a440473d-5d71-424e-996e-6081641fd450,Southwest,Buea,30
c39bb130-f72e-4322-8597-9b6b277f8661,South,Ebolowa,5
47165b01-9892-416e-a4b3-86fa4703b272,South,Kribi,1
b958ad09-264c-426b-bb54-9b17c4e8176a,West,Dschang,15
e5de9bd6-59de-4949-96bb-9af6140dbe70,Southwest,Buea,20
da934a97-d369-4f2f-835d-6129f8ee54fd,Centre,Mfou,20
c1adc931-b201-46d8-9ff0-1ccb4411236f,South,Ebolowa,14
7c4e810e-862c-48dd-9d0e-81417bfb7f94,West,Dschang,8
920d4fe2-763d-4d7a-b28b-7b580d4c3a1f,Southwest,Kumba,12
5eecc68f-8617-445f-bd76-6f226dc1dd12,Littoral,Nkongsamba,29
fbc6153e-6234-42f9-8337-36e653ea0ccb,Adamawa,Tign�re,13
d041b1d0-8584-4568-a690-9bc86ce6d0cf,Centre,Obala,11
8076057e-4049-4004-9607-e1214b1db8e6,Far North,Mora,22
08c46310-d7b3-48a8-9453-c7696127f638,Adamawa,Meiganga,6
80b1df0a-7e11-4ae4-8daf-33482db3c93f,Adamawa,Meiganga,4
97fe15fd-0299-4841-9506-5af95758b78f,Centre,Yaound�,10
5e84c3d2-f2a5-4e6f-870a-9d7de04c0eea,South,Kribi,12
812930f8-fd67-4675-8e9c-887661f20c18,West,Bafoussam,4
fda500a2-faa1-40e9-adfc-32827a28540c,Littoral,Nkongsamba,5
29ea11d7-84a7-4328-9765-d29d20a12db6,Littoral,Edea,3
ca32350c-d384-4faa-a6ef-88f272ac24f0,Adamawa,Tign�re,13
a798f6c2-04f7-41bb-93dd-457db71bd62f,Far North,Kousseri,26
9f2406f5-1778-412e-a686-81277b3ad870,Littoral,Nkongsamba,19
ee73dd49-deca-45c9-8db9-381ddbac3349,South,Kribi,22
c7a7f9e3-9c25-4931-9430-304e9563ccd0,Northwest,Bamenda,27
9add5334-4f6c-49a1-98ba-abd8614c281c,Adamawa,Tign�re,19
aaa5efe0-fe53-4fdf-a95b-88d5b61da1a0,Littoral,Douala,14
8e980b5b-b827-46e3-88ce-b45e187ec953,Northwest,Ndop,21
0b0c9804-117a-4f34-943e-86a6a811d430,South,Kribi,10
7164267e-b1b0-4bf9-aaa6-ec6a65ab78d1,North,Guider,9
03336343-34bf-426a-a0ce-9327ae280898,North,Garoua,25
82f8b87b-67ba-4585-9ceb-e048d2b28497,Southwest,Kumba,22
95341187-f4f0-4016-9d80-713b76501727,East,Abong-Mbang,22
6c53faef-ccc5-4c1d-872b-d624877ab88d,North,Pitoa,21
0a1944c4-e490-44a0-af8e-01b5944f27d7,Far North,Maroua,17
1e89e4cc-1fb6-4cea-9749-bbc190a0b2a3,South,Ebolowa,19
6fbcc0be-2cc4-4a30-96fb-76bf415aece4,Northwest,Ndop,5
2961c3a0-6cda-46a9-ad8c-4f9a8f90443d,Littoral,Edea,26
a5b09801-ef06-4d46-9833-59f1d4c29b2b,West,Bafoussam,27
91470553-d3a1-4a28-bb25-83ab9216c460,East,Bertoua,25
e1b54c49-9e37-4a18-8866-6806dffe91d6,South,Ambam,10
871ccaa5-2af7-4a6b-9c75-5ac68e515f1c,Centre,Obala,3
1df6a112-4d56-4398-a74c-63c2570f9c3b,Adamawa,Tign�re,7
80df55e0-a6d3-4b4f-8b61-c2c7592a9c2b,Northwest,Kumbo,10
a85a8552-a8fa-4a68-b583-eedfe40407a0,Northwest,Bamenda,20
985695fc-276c-42f9-b2c1-14fc961b4adc,South,Kribi,25
dc9d7cc6-f921-4291-a57d-7097a6f63cd8,South,Ebolowa,2
6898f7be-ac6e-434e-b8f0-b4ec89e83f3e,Littoral,Edea,15
0fde3fda-b113-4461-b0f1-4f9235366779,Centre,Obala,4
164cb3f8-7024-4b7a-a94d-61cf38c1a673,North,Pitoa,22
b324a4a8-ee2a-40aa-b90a-77f8bbb1214e,Northwest,Bamenda,9
0f12fbf7-71f9-42ae-a3eb-ad672485020a,Adamawa,Meiganga,19
1c316fa2-f34f-483b-9f1e-2bd66314890e,South,Kribi,14
b996d7d5-2c89-4960-83fb-10d5d12ddd40,West,Foumban,19
a55b4561-0908-480e-aabe-d088a4f15af7,Littoral,Nkongsamba,28
97e55734-8ce1-4a8d-864b-302f7f770d24,Northwest,Ndop,19
24a4e449-35a2-4f06-8d3e-7b1dfd05f5db,North,Garoua,11
c5ea2129-295f-4dd7-8c2d-eb08b6561758,North,Pitoa,26
639fb301-6a9b-483c-a1e6-54e9ac162201,Adamawa,Ngaound�r�,18
43a36957-1eb7-452a-94f0-3ae47043fbc5,North,Garoua,25
8fcb7ac5-dbf7-46e0-8529-8b7a551e1c92,South,Ebolowa,7
d55f37dd-9fc9-4426-95cf-8e77c669fe91,Northwest,Ndop,3
14bc1623-6e68-4c4b-840c-d99489d4c7aa,West,Bafoussam,8
d366f74b-817e-44b5-9951-e0d217655ae8,South,Ambam,29
94bd583f-69a7-4220-b013-a7ceea0b185b,South,Ambam,8
bb7d55df-c73f-458f-959a-49fb4655deb5,Adamawa,Meiganga,5
9ccc4232-d9f1-4709-a4b1-89266bafb043,South,Kribi,4
372c92f8-0144-47b1-9a46-00ce9d2be7d2,Centre,Yaound�,27
05c9a527-3f60-4c74-8568-641fae7a51ff,Centre,Obala,24
836a6ad8-ec87-46e3-859a-14a808552bf4,South,Kribi,28
e3d822ac-64e5-4f80-ad62-c80e88bc1c02,Far North,Kousseri,22
3c765eb2-0822-40d2-97e0-e669c36c7b15,Northwest,Bamenda,9
0816ef41-fa52-4059-aaf8-7b06e6bc45ff,North,Guider,21
129ecc7c-b191-4cca-aa7d-499cee218e8b,Littoral,Nkongsamba,17
65cd6d08-74f5-46ce-bd20-117042e68e76,Centre,Yaound�,12
b4c86e60-8bf0-416d-ad99-e9a284daeb29,North,Garoua,23
2f7de0af-1674-4934-994b-f27c04e7806c,West,Dschang,9
53eca954-c547-49e9-9e4c-48654d6313d3,Far North,Maroua,19
61a3c1f0-c07f-4483-9717-b019835caceb,South,Kribi,29
e870576a-a4ac-4494-ab35-86a5ad1925db,Northwest,Kumbo,11
1d68a2d6-cd26-4ef6-9f1d-1dcd884c26ed,Far North,Mora,17
725bf6cd-b20e-4cee-8b4d-501f05236945,South,Ebolowa,21
152ccfdc-a994-44d5-a6e9-9a56c99d4776,Southwest,Kumba,26
51d6b18a-870f-4d25-bbd4-202cda601618,Far North,Mora,2
5a4d4d70-63c6-47dd-a971-14586a47a09a,Far North,Kousseri,29
8ca42cbb-2252-4993-a23c-e21a537255ce,Littoral,Douala,27
5782b39e-505a-4176-8904-60231d45800b,Littoral,Nkongsamba,6
6571e9ed-0781-4698-b545-dc198ef5b301,Littoral,Nkongsamba,18
9f1fbe5d-2476-4684-a04a-0b239b0c9652,Littoral,Douala,17
be1731a5-a0b7-4e91-b5e6-60e8aa69d569,East,Batouri,24
f0a9a540-d384-4190-bbcd-45e88fe69c0f,Centre,Mfou,24
adee83a5-452f-4277-9556-45751898f005,Centre,Mfou,10
620edf5e-41d4-4577-89ad-a0e6906e36af,North,Garoua,12
9b2c015b-8603-4bdc-9657-6e141dfcaa55,West,Bafoussam,1
876ecc88-db44-4cb8-bfb7-98b23bdf4ef8,East,Abong-Mbang,9
85ecbc78-cee6-4e59-a32c-77113ae2a990,Far North,Kousseri,8
d67942ca-90f6-40ee-be10-c4dc74331766,Centre,Mfou,21
2723948b-a9b1-41d5-b122-bb0b98eb80fa,East,Batouri,20
9a463dcb-66f1-4145-8bcb-9d2f9fcd564e,Centre,Obala,21
0b935df7-22ce-442f-9dec-9de93a417680,North,Pitoa,2
44697b89-5d4f-4cfc-a24e-358dd4fa4fd8,Northwest,Ndop,14
e26c88de-89b5-47af-ae32-38befc147ce8,South,Ebolowa,10
de10d4ea-5160-4eba-97ec-a25e3d1534d8,Northwest,Bamenda,26
d06fb848-8889-404e-b52a-1d7cea5f65e1,Littoral,Edea,13
c6998c7b-75aa-452d-956a-133ec5cde37f,East,Abong-Mbang,13
d8a41bb4-3db3-4355-830a-fb6f91951301,Northwest,Bamenda,21
17e91e7b-a29b-47e4-ae49-740659e15e4a,North,Garoua,18
492f35c2-6e18-4688-8c17-eb5033dd863a,Littoral,Douala,4
995f49ed-486d-4781-98c8-67d78a5a139e,Centre,Obala,9
c2c0b9af-2628-4dff-b995-6e5f508d3711,North,Pitoa,22
3a728dde-b0b4-4c0d-ac0c-ee7a909f4435,Littoral,Nkongsamba,29
e3fd60fd-65dd-4498-ad6b-82c39c5ea934,South,Kribi,20
71a94551-0b7d-424f-8220-28332f354bda,South,Ambam,15
16672a8e-9f97-4be1-ba52-a934df997212,East,Bertoua,13
4418ac15-981b-4b4c-8df4-10cb6c7de884,Far North,Kousseri,23
fc371f82-db8e-4a92-a956-dcaf0b7c71aa,Centre,Yaound�,19
6aedfe80-6b62-41f8-82d9-ec2e1a37f250,East,Bertoua,3
8555bb8d-5de7-4778-a384-514cae74ea00,Southwest,Buea,15
4b4fa490-7e71-46b2-9396-ef99d2b8f82a,Far North,Mora,7
11c32f76-d369-48f6-ba1c-aaff0c1ca2c3,Northwest,Bamenda,11
a9b9cd79-8ad4-4023-8ddb-2d65cee144bb,South,Ebolowa,14
9ef3046b-5d64-4bb9-b9be-6c61d7521b7b,West,Bafoussam,17
788775d1-08de-4096-a35f-0d4dcb16a3bc,South,Ambam,10
3a1afd79-38cd-4480-9c9c-68e438009030,Southwest,Kumba,19
cb401971-e5d3-4a29-a86a-fbbdc64ef7ff,East,Abong-Mbang,20
86c7d00e-faaf-4f03-8260-353d3cb31c10,Centre,Mfou,10
a1f646c1-dbca-4089-b3b7-6abd15d348bd,Adamawa,Tign�re,15
99159a8e-d102-4cc3-91c0-e2b160328d6a,West,Dschang,15
d71de8a6-baff-4e7b-818b-3c4f0734fb80,Far North,Maroua,28
521f015e-31e5-4582-97c9-e2cb5f11cc65,West,Foumban,24
35c35b3a-1438-42f8-9a74-6e99bda0494f,South,Ambam,29
