school_key,school_name,num_teachers,student_teacher_ratio,has_computer_lab,has_library,school_language
a4b3bd37-85fd-44c0-9d2c-ecd6e24c1336,School_153,28,32.82,True,True,French
16d00183-9990-4182-b0f3-f24223829c0f,School_813,44,49.34,True,False,French
b8ddfdc1-f1c6-4039-aa17-b11aaab2bd33,School_359,49,46.1,False,True,English
215528b9-82e5-4c13-ad29-fafe489ae8f5,School_100,45,43.06,True,False,English
362c2998-28d2-4fcb-8516-fd3fd359a2a4,School_427,43,26.31,False,False,French
b65d7cfd-47b1-4e48-bf6f-020131c7b8f3,School_344,36,41.24,False,True,French
ab66e64e-a6ab-4ac7-bff9-0c9cd6085bba,School_383,50,25.03,True,True,English
36853fe7-4d29-4076-ad40-45875bee8ec9,School_342,48,14.87,True,True,English
d91615b4-86d0-4593-80f9-68c6fa60175b,School_537,41,30.05,True,False,English
9b44b599-cf67-40f6-be2a-58048daa7569,School_71,10,21.81,False,False,English
6779b166-a84e-48cd-80f8-aad5f842452e,School_523,21,43.89,False,True,French
e1af7fc8-94e1-4360-8685-8cd4bc9902be,School_53,47,48.32,True,False,English
fffaa04f-9b27-46ad-aa4b-ff1a8b841e68,School_819,10,44.25,False,True,French
932414e4-bfc6-4efd-9d8d-a5210bca6db4,School_470,15,26.35,False,True,French
f0b99b1f-001f-4c93-9022-c9eb9ab8a089,School_143,22,48.25,False,False,English
9a01ab07-8b5f-4768-80b8-513cec01e9be,School_468,6,25.26,True,True,French
056c2d30-6101-4d92-bdb6-6f781b17cc94,School_754,30,24.92,False,False,English
bd547aed-bdad-4727-80c7-fca0ebdb75b0,School_188,20,24.17,False,False,English
78a78be6-5cb0-4c3c-a256-daa5778d3ba8,School_526,21,26.06,True,False,English
51fbbc83-9cd9-498e-aa86-b6d2da9ba689,School_264,14,49.51,True,True,English
f1c27375-9cfe-49c6-bca8-2e3522c8032f,School_303,17,13.91,True,True,English
01ceb04c-28d8-4a0d-8ef9-1f3605825fdf,School_584,6,26.07,True,True,French
b94c13cc-c067-42e1-864d-7770d0983f72,School_194,21,15.67,True,False,French
b2bd348d-219b-4f96-9413-1c1145cdd6d5,School_97,42,31.96,False,True,French
f40ac900-15ba-4353-a782-4e3c9a22a838,School_255,43,23.79,False,False,English
7a454bf5-e732-49ca-8fef-e6124cb50fc0,School_266,5,36.34,True,True,English
1441fdf5-0c61-426a-8294-adae4c20d9ce,School_136,32,31.24,False,False,English
90885c0d-a175-4800-ae16-d4a38f2308c0,School_915,10,43.75,True,False,English
dc78b3bc-dccc-48a7-a076-c4a8b36b7384,School_794,39,25.4,False,True,English
85d7d94f-4425-4a77-9b85-0fb5d99e53e5,School_734,33,33.55,True,False,French
bd374f47-c8f4-4735-a361-c4be780764b7,School_144,43,11.55,True,True,English
651e5315-4244-460f-8dd1-42ca5f7dcaaa,School_561,7,35.1,True,False,English
57155d33-17f2-4bdf-94e6-f8c194476196,School_308,32,18.58,False,False,French
909ebde7-6f73-4b6b-9335-8fc9f018d385,School_284,30,40.24,True,False,English
48dac876-b361-4354-b989-308cbd7c6094,School_983,19,24.03,False,False,English
3b2fec09-2d54-4cf0-a51f-2a3f6326c38d,School_46,11,32.25,True,False,English
09122b3e-a97a-4fa0-8551-71535b9d6825,School_667,27,41.65,False,False,English
9cb04cd6-7cd7-4b0d-83a5-928947109ca9,School_607,11,43.39,False,False,English
75b30b0e-45a8-4519-bb80-1070b7fc4c2f,School_793,17,26.88,False,True,French
0a432d6b-bc7e-4c03-9e4a-dc42e602d2d9,School_308,34,10.63,True,False,French
4eb9bf21-bc93-4884-b7ae-fe634cd2d8f3,School_725,20,25.36,False,True,English
3ea814aa-e3e5-4d0b-a811-280d9f6b957e,School_121,18,16.62,False,True,French
4df665ac-cc5d-45c9-9903-ec84e2343c7c,School_249,7,17.38,True,True,English
920f1cdf-319d-44f5-916f-0cba75f7defa,School_501,10,32.42,True,True,French
7f251211-9ad3-4151-826a-4466c06b145e,School_56,9,23.69,False,False,French
93825b0a-1838-45c8-affb-64050c51606a,School_380,36,32.52,True,False,French
a62209d1-b396-4649-a7c2-9e025ef51afa,School_725,15,14.29,True,True,French
b6ee1a22-400f-411a-b8d5-6f4828f2b5bb,School_772,21,31.8,False,False,English
0de383e7-9a36-41a1-a86f-5dec3a4f2077,School_286,8,14.51,True,False,English
9af59c93-c2c0-4289-ba89-0774552c5df5,School_101,18,24.32,False,False,English
af85a0d9-f625-4ff0-917a-10f20e6f56ee,School_946,15,11.38,False,False,French
a57c1fc8-6510-4b88-b8bd-6f30fc93f3dd,School_760,23,48.15,True,False,French
4b55407e-caae-43c0-9f89-d8d0ca4f2e81,School_139,37,25.81,True,True,English
eaf6b29c-172c-49c2-858a-0b7337639165,School_770,22,33.84,False,False,French
3c8e8dd3-e5c6-40e4-82c6-f2fc5d1e2248,School_677,18,35.51,True,True,English
27c14cf4-1ab7-485c-9474-a2577360fd1e,School_887,36,29.4,True,True,English
8e421be5-4423-4dc2-9887-99f18239f4c7,School_577,49,37.29,True,True,French
50ebacd8-d617-4016-98f5-20dc3717551b,School_377,12,33.84,True,False,English
aeaa2a4d-d074-4c8b-b0b3-bdcc72691117,School_31,11,10.84,False,True,French
66dca839-21b1-4af8-8f41-3c1ec2761750,School_420,28,37.18,False,True,English
4ca5f7bd-e591-436c-bfe9-42194f798616,School_56,8,11.36,True,False,English
90c6a0bc-78d6-4091-8ef9-a53e9b3be813,School_300,50,21.37,True,False,French
34f214ee-565e-4a22-abc4-a28f4068c533,School_241,36,26.81,True,False,French
d4edc46e-764e-4c07-a6c9-c648000c8028,School_231,46,18.54,True,True,English
7a5baa7b-a10f-40bc-ac65-9caa19b7f411,School_801,6,46.62,True,False,French
0fc20ae8-8bc8-4c3a-aa43-35f8b5eae56c,School_319,38,45.3,False,False,English
eb1732e5-b646-48b8-b27d-a66cbc2c0cc0,School_357,40,46.38,False,False,French
741e3f76-283f-4445-a56b-de6ee486e0c3,School_10,44,41.14,False,False,English
a50b8daf-b5a6-43cb-b629-ec6b6c57c023,School_586,25,21.59,True,False,English
7471f0f5-a4ad-432c-bf64-93b3276679b6,School_530,6,45.85,False,True,French
13adf6dd-bb5f-464c-997e-90ad349fefd3,School_151,28,13.28,False,True,English
2ac66fe8-79d1-4f8d-b1c6-8a662fdcca9b,School_251,9,10.98,True,False,French
36208172-a530-4513-a038-98590dbbe6a3,School_828,11,12.6,True,True,French
8d1a80e3-1540-4e25-a362-4d60de1ad479,School_352,46,35.03,False,True,French
f848f29b-a0c0-415d-999d-8a7ecd681b32,School_353,23,40.04,True,False,French
fcac09f4-6f86-4329-9aea-9ed220a04819,School_686,24,25.26,False,False,French
d8b55657-0a6a-418c-a5d9-917d5c49dc29,School_164,24,35.76,False,True,French
484075d7-ebb7-4491-8a14-a2501623ab6b,School_933,21,42.0,False,False,English
355bb9c1-3e08-4c9c-9d97-cffaa1489e42,School_204,8,40.47,False,False,English
891412c0-59da-4412-b870-1216ef1a9483,School_616,40,14.27,False,False,French
1350e31b-2674-4269-b396-190d1bd0a7cd,School_356,35,20.6,False,True,French
c7e1dfa7-9f7a-4ef4-a475-7ea9cc96c7c5,School_23,37,15.1,True,True,English
3d58f0db-b4d4-4766-a6bb-04e21adf9ffb,School_256,19,15.83,True,False,English
a4a960cb-b863-4fdf-8904-cd8002d324d1,School_241,48,10.94,False,True,English
d12dbf40-15cc-406f-b93b-71669aee9f57,School_542,6,31.37,False,True,English
d7eca5fe-586d-42c7-951b-dbc9ecf3af8a,School_128,37,20.43,False,False,English
22262f63-c6d3-48c2-bb52-4d003ad2a24e,School_139,11,22.05,True,False,French
c9dbece6-2ae4-42e9-bd66-2ec9867a80de,School_384,26,34.54,True,False,French
b39ef2bf-1bcd-44e5-aa67-3dfb0f2686eb,School_760,5,35.24,False,False,French
b6fab00f-a4a2-4b84-8f53-d9807370e103,School_677,30,37.35,True,True,French
7551550a-2fae-4fa4-9436-8486854888d7,School_106,24,42.71,False,True,English
e5177cfd-5423-478d-8a80-a63b489e22b2,School_783,38,45.8,False,True,English
297dc555-9bd9-4e3f-9b15-c5d40c303373,School_228,38,46.06,False,True,French
4b711741-0dc2-42ca-af9d-887e549ec29e,School_326,15,32.77,True,False,French
78853f33-b0a4-4cc6-b0f9-e2e1049b49ac,School_974,29,19.07,True,True,English
35cf70cb-ddf2-4334-9d22-89f01fe8bc24,School_947,14,47.38,False,False,English
b3f8f39d-ac75-433f-a30b-39265bf693c2,School_482,49,49.5,False,True,English
66da17c9-6d95-4b6e-bbd8-bb2d3b320945,School_305,18,20.39,False,False,English
14b56745-9bbc-4319-885e-a1e0287be645,School_227,24,46.4,False,False,English
496544e8-fc2c-4c90-9a8a-f06a0a24cc9d,School_48,37,14.76,False,True,English
c2028b52-fac8-4990-abb7-f796978fc218,School_6,17,12.83,False,False,French
e2e97847-e89f-4bdf-b720-3c15683319b4,School_356,29,46.15,False,True,English
78ce4310-010c-40df-991b-ecc75c01859c,School_574,22,35.85,True,False,English
415537ef-2074-496d-9c0a-81b74154a0cb,School_609,40,25.36,True,False,French
8bef9b8a-c946-4dc6-a752-8e9a16d727d4,School_790,14,35.82,False,False,English
896e7f97-6c62-42c3-ab99-501db56ed1ef,School_540,19,26.6,False,False,English
3d48472d-3d46-4c4a-b8c9-5d15dbabee28,School_664,27,37.26,False,False,English
fccccf33-b536-4d94-93af-8ecdb9f2da09,School_112,43,48.15,False,True,French
f50a406d-3d00-48cf-a253-d8ded55ab650,School_775,23,22.92,False,False,English
2f7b60da-b9e8-4c8f-b390-9144bd8319ef,School_593,29,15.12,False,True,English
5bfc38c6-9a43-4b7a-bda5-81cb8fd7ba3d,School_700,27,18.69,False,True,French
d7d8cac8-2747-4c43-b99f-26c5b5504fc9,School_853,13,23.42,True,True,English
51b05d47-3a80-4bb8-b246-180efd7caf69,School_662,30,31.88,False,False,English
71dc2e92-2000-49e7-b210-e479cad17576,School_828,19,18.44,True,False,French
bb9cebee-76cc-4a0d-a876-22f6d3d07c3d,School_143,24,32.41,True,False,English
b48c8f7f-5146-4411-abaa-922f8aa6ac36,School_535,35,14.57,True,False,French
09b57c9b-f7c2-46f4-86c4-cb810385d0a1,School_55,33,31.93,True,True,French
d02ecfd3-cc51-4e49-bcca-70b671281026,School_584,25,11.05,True,True,French
130deb2e-3265-48d1-ad90-b99b58e01529,School_457,40,41.38,False,True,French
831ec21d-978e-42bd-a124-97793c3d7d8b,School_354,30,33.96,False,True,English
26346f06-e7f5-4e07-8e6a-98fd364eacc2,School_697,16,39.08,False,False,English
280a0aeb-1d56-405a-a0aa-727f542a7959,School_840,8,17.5,True,True,French
d461ba68-436f-4ec1-834b-06ad0aa62850,School_777,13,33.62,False,True,French
4e0ae05a-55c5-4ca5-9334-0b84fd6135fd,School_895,15,20.9,True,True,French
a19d57e1-51dc-4833-8175-fbb5cd83e40b,School_595,7,35.67,False,False,English
522fcc57-d02a-4b78-abc3-fc206199fa00,School_156,31,39.49,False,True,English
5203a53e-8a1c-4617-953f-284f6e517ea1,School_881,36,46.21,True,False,French
0e58324a-491b-4f1b-aaef-d3412544f031,School_533,45,11.77,False,True,French
32182950-098a-4427-933b-ec2d1587974e,School_780,7,16.53,True,True,English
8332a326-7753-485a-a025-422378f79219,School_27,34,42.75,False,True,French
b5df23d8-c68b-4fb8-ac2c-753744a7bfe8,School_757,43,17.94,False,False,French
31594267-2d76-408d-a39f-efa327a2bcc6,School_146,15,42.67,False,True,French
5873fc38-e695-4b5f-8a20-74dcd98942e5,School_322,35,19.11,False,True,French
1365ed38-45a8-4436-9f32-2a88eaf11883,School_301,14,12.63,False,False,English
49e2e529-9cea-463c-a35d-b0abf30e0f3a,School_358,6,37.5,False,True,English
d21ddf81-5984-4589-a2c5-89fc91d135d8,School_6,18,44.91,False,True,English
50c5051c-2227-476c-bef6-cee32667e78b,School_552,21,40.44,True,True,English
c85e59bf-0029-4ca8-8357-ea8e8ab368de,School_152,6,40.68,True,True,French
37f50b45-7657-4d71-97ef-447d9f558c59,School_776,22,46.61,False,False,French
981a6873-dd13-44e7-8bc3-52cc9e1a89fb,School_227,39,27.79,True,False,English
da644847-70b6-4eb5-b15f-ae59039787bc,School_961,45,11.51,True,True,English
077286da-8aef-4baf-ada8-657a161847de,School_469,22,36.15,True,False,English
df6f06a0-6f6f-4df3-8c58-63d553ad38b1,School_458,14,32.21,False,True,French
0b20858e-2a2b-4ddd-a070-17e1639bf34a,School_945,36,34.36,True,False,English
fea5c235-4721-4257-ad5e-97da6756fab2,School_338,32,39.63,False,True,English
e4201de1-c48f-467e-8720-77ce140013af,School_315,35,12.69,True,True,French
22e43626-73d5-4dac-a9fd-58e566822d9c,School_631,39,38.27,False,False,English
eb7c347d-6515-41a0-8732-944662f63b60,School_605,35,33.96,True,False,French
01bf7561-f5ed-4bcf-abb9-110db9084393,School_184,23,42.0,False,True,French
3e23d8bf-5443-47c6-9bb6-09f55fa685d7,School_284,30,46.41,False,False,French
96da3c42-3f0e-4a92-9860-d3898c8fca90,School_345,25,20.56,False,True,English
e6fff3ac-58bc-4edb-890d-d916da8057c9,School_70,42,34.16,False,False,English
8f6a2b65-6e92-4e71-8752-03466f8f7a59,School_738,44,31.09,True,False,French
3574ac86-8ae9-47cc-921c-09163cea6b75,School_187,9,18.75,True,True,English
e11ddc80-a5e0-4708-b7b8-a5a229efa57c,School_285,44,28.26,True,True,English
5a18db1c-59df-45d4-91c9-343f84ff3e83,School_802,37,35.87,False,False,English
d59e2600-5646-49b1-b4fe-ed4a63754be0,School_260,18,46.74,True,False,English
dd6d482e-e871-4b20-8416-66bbf6783e7f,School_722,47,35.61,False,False,French
2d46f87b-d531-4e32-bf4f-468e6394d0c8,School_929,5,11.52,True,False,French
081b548a-d906-4308-8b0c-a535dcbccd8a,School_737,17,35.84,True,True,French
a9299146-228c-462a-b846-e0a0a48d63f9,School_280,49,45.4,False,False,English
951c9964-83f1-482e-b868-65381ace5831,School_221,21,29.8,True,True,French
31b34870-10e5-4e69-96f5-4dc58e1f689c,School_548,43,44.53,False,False,English
4538dd63-7b57-4df0-9634-7a029e8c80f3,School_457,12,36.83,False,False,French
5063663f-852d-40ff-8846-ab2a14baef8c,School_357,23,14.88,False,True,French
2db7fc30-738c-4d78-96c4-3bbd9246c76b,School_356,50,31.78,True,False,French
6d4ac1eb-880a-48f5-8fa8-8f5b2e0bc019,School_220,44,44.78,True,True,English
6971942a-5c7a-46d2-8346-3e5aa6cf2f76,School_491,7,29.19,False,True,English
cf5da2f2-f887-49c8-b0b2-38c649eeeb2d,School_902,15,16.78,True,True,English
2806080f-258b-42e7-878c-17217dbe407b,School_645,15,25.2,True,True,English
d2c2af41-b25a-4722-96dd-ef6146f03d9a,School_742,6,19.09,True,True,French
6f4e0907-5cf2-4d9e-bab6-9e365507b701,School_369,39,45.77,False,False,French
3d9d4554-f4f2-4786-9e1d-9b3daa4676f7,School_292,14,48.83,False,True,French
82181f38-ca1d-454e-bc16-9a1c1a8cb356,School_448,33,41.43,True,True,English
fe367624-1e69-49dc-ba70-55e60fdd1f5e,School_885,28,19.45,True,False,French
30a15bf3-d71e-490e-bd4b-7d262e408693,School_600,11,11.7,True,True,French
5392625d-c409-46cd-a235-10e5060f788f,School_696,37,23.57,False,True,French
bd490969-3dbc-4689-a3db-f968a5c7b7b0,School_532,5,33.5,False,False,English
5c1f24f5-174c-44b9-ab9f-e0905b0b3203,School_907,33,50.0,False,False,French
bcd0be15-8886-430d-bd32-bc902e527e7d,School_811,10,17.08,False,False,French
c52d8ab5-a2dc-4cf5-8103-1886336bc876,School_903,47,13.93,False,True,English
249d7f84-5dd5-4d95-b86c-f1cbbefdeb12,School_410,16,49.53,True,True,French
5552876f-b152-47a5-97d8-5ff0d5c9fd2d,School_949,33,42.25,True,False,French
fc15df94-54a7-4425-9212-b56ce078d505,School_278,21,43.5,False,True,English
f59cea8e-a7f6-4a16-b3c4-ce5c443bedd9,School_217,26,21.15,True,True,French
479fbd2f-94fe-4192-a020-b9c5ffd5a864,School_972,17,18.88,True,True,English
e13fab6d-4d76-4a2b-9292-42d205341605,School_285,15,34.47,False,False,French
b720604e-8fd8-4161-994b-87a28d61aaf6,School_468,21,27.61,True,True,French
050a9333-eb9f-422b-9c46-23edde2eae0c,School_554,41,20.82,True,True,French
0c403f77-172c-4d14-9e57-8051134166c5,School_200,16,41.72,False,True,French
cc0d249b-7537-4e9f-a990-35cf15cdfd83,School_332,37,18.78,False,False,English
a693e323-dac0-4df7-a4e2-367aa160982f,School_844,32,19.04,True,True,English
1b9aae31-b7e9-46f1-a5a9-0758085d59c2,School_347,49,49.19,True,True,English
f8872656-80d5-429a-91d5-b1cee5e05631,School_256,43,26.73,False,True,French
dbddf45d-bc10-4871-9bd2-1113decfe772,School_904,10,15.91,False,True,English
58fc649c-e46b-4fe7-88f5-c8c8b69cf861,School_351,11,17.61,True,False,French
bcdfda6e-47bc-41a2-a459-39f1f930b973,School_577,42,16.88,False,True,English
f37c73cd-3249-4326-9d13-c2931b5fb55a,School_205,9,49.31,False,False,French
41cb2033-3f98-4628-a6b9-30b40cc16535,School_482,28,18.74,False,True,French
81477692-7abf-4499-ae65-abceacc0d197,School_331,40,17.32,True,False,French
1e0043a5-6b00-4834-b649-34518b53ffa6,School_305,35,36.91,True,True,English
d11485bf-cbd6-470b-9a1e-61f4d2767bfe,School_38,14,14.55,False,True,English
290e594f-abf1-4dc6-bd10-dfa1b9ac0a94,School_78,47,25.29,True,False,English
b872ada4-bd06-427b-b82b-43ec38d2e372,School_860,48,24.73,True,True,English
f92435cd-a4e9-4819-abfa-188185921af7,School_985,19,19.72,False,True,English
7979ba08-431c-4dbd-a59e-c63dbd744731,School_808,17,45.61,True,True,English
da0658bd-0a00-4458-a67c-a2833353c1d4,School_334,24,19.93,True,True,French
63766908-d9b2-4411-b025-9ea2cf772086,School_635,8,47.72,False,False,French
f73f63a4-53ef-4bd6-8848-0b7c49670c52,School_853,39,20.15,True,True,French
0eeb6aaf-19f8-4e35-b1b3-12c7f73e9e8c,School_507,24,31.54,False,False,French
40cbfe59-420f-4c50-aabc-7aee4e31a512,School_573,17,13.02,False,True,French
fa0b5fa2-839d-460e-a4be-2804d20e0b1e,School_979,8,47.7,True,True,English
8e275960-1fbf-4be9-a178-23fac6fa6a09,School_702,22,38.34,False,True,English
6845bac7-5370-42a0-950b-7dfae929f252,School_647,35,18.66,False,False,English
0e33d5fa-a81b-41a7-a9d3-b33782621fb7,School_34,29,29.43,False,False,English
530ee38e-db4c-41c3-937f-3f1fab8e468a,School_218,25,30.62,False,False,French
022add5b-66a9-48db-93e0-e94b0036d4f4,School_837,39,35.61,True,False,English
4ade2fdb-67c4-4716-a10b-fc2ec5387268,School_626,45,34.29,False,True,French
8e75e210-47f5-4e3b-be15-1a30c6a31af8,School_905,20,10.05,True,True,French
13b3913e-267e-4ec0-bc67-efe823d52ff8,School_520,39,20.82,True,True,English
05524e0d-714f-4a2b-8d34-e0f60324f468,School_323,44,36.58,True,True,French
7f5a6bc6-2c8f-40ab-9852-b65a24bfdc27,School_495,47,10.76,False,True,French
98b61d10-db0f-416c-b1df-be3b4395aa5b,School_722,47,10.52,True,True,English
62e922d9-8c52-4267-b32d-beba1f4c3b19,School_316,22,39.67,False,True,English
157a6dc4-9689-4f13-88d4-929b0bded1fe,School_808,38,22.09,False,False,English
488de66e-c3e4-42c7-83a5-c7317f30a2fc,School_351,38,20.66,True,False,English
abc6bbbe-3795-405f-b536-79d100a70c72,School_937,31,44.8,False,False,French
c57ae58e-e941-4ddb-a04a-845c732a87a3,School_202,10,16.46,False,True,French
944b29c8-70ad-48c1-88d1-dc956d72e6de,School_960,36,13.8,True,False,English
9e04844f-a14d-4f36-98ba-ad8b26a6e73d,School_405,9,11.8,True,False,English
11b6c24f-492a-4974-8d2b-5ff1e9d11606,School_650,49,17.39,True,True,English
0dc8e9c8-d2a8-4cda-907c-d2d7c5f96986,School_144,46,40.75,False,False,English
da8d9e6d-4c65-4f07-8894-5bc7042a6ed3,School_107,41,37.17,True,False,French
278b5a1e-7b12-4139-8bd3-085be337c0e2,School_58,32,15.17,True,True,English
25132ca9-4985-4ae5-b703-c6ffbdf997db,School_496,23,12.22,False,True,French
c0f47bd8-9d28-4ab9-95c2-c2990b398a95,School_554,9,22.68,False,False,English
6472eb8b-e30b-42f0-a448-b7790d1f4667,School_747,24,19.31,True,True,French
651cd198-b4e1-43b5-a94d-c8946011e4a0,School_469,46,47.58,True,False,French
6d00d105-c4f9-4513-a045-a793c3166cbf,School_541,8,23.63,False,False,French
6665787d-ed96-4da5-9f12-5c693c97aa60,School_638,26,34.63,False,True,French
011f6f3d-4e89-46fd-a1b4-ced27d30dbb2,School_123,39,30.3,False,True,English
5859de1b-248d-4a4e-b534-e34221268ded,School_313,8,38.49,True,True,French
a4bc350f-d37e-4846-bec9-97f9ea27e038,School_378,47,14.19,True,True,French
83a0ab8a-7a8d-46ce-841d-7b5fdf2bd199,School_862,10,48.55,False,True,English
eba09b6a-addb-46a3-8120-9ceb00c2e400,School_997,43,46.57,True,False,English
7bcc26b3-02e0-4417-aee8-d62d760ea372,School_293,13,34.96,False,True,English
2ddfd49d-a2f2-4297-a815-a58ede8c8190,School_546,15,29.1,True,False,French
3e9fd94c-b9bc-4fc2-8238-1cb184819998,School_595,11,26.96,False,True,English
ee91dba6-4d78-4eed-8bd7-b1f468bf3513,School_823,31,26.67,True,False,French
b333b779-fff3-41b6-aa71-495ef3de8af2,School_735,30,36.68,True,False,French
4f0f709e-82e3-4709-b830-87cf5c576d48,School_978,26,43.03,False,False,English
09b68c05-961c-41c8-8002-37d81feb684f,School_674,23,28.91,True,True,French
950a417b-209f-4c52-ae52-86fac7132530,School_414,14,39.83,True,False,English
13d4e7c3-c427-4e26-bb80-4c8d1cbb2d97,School_668,5,17.78,True,False,French
980d9b2f-50da-40f2-9fb0-aa0d202d608e,School_320,18,45.16,False,False,English
544e3e32-843e-4657-a257-0478b31cb1af,School_915,22,49.61,True,True,French
0e7fd1ea-b4bd-4244-9048-2321d0cc5f7c,School_922,18,26.97,True,True,English
246a035b-8052-4e77-b6fe-d23c1081a0b3,School_808,10,13.7,False,False,English
8eb3cb2f-492c-42ec-aeea-560ea311c0a8,School_639,33,24.47,True,False,French
5d118bf3-2fc3-4588-9f5a-bf156606ff35,School_359,25,17.47,True,True,English
344cff9d-3b80-496d-ad15-8261fc02c22f,School_579,21,19.21,True,True,English
1d5a2988-04a6-46a3-84cb-c5535c19b984,School_34,37,47.98,True,True,English
49eb6704-46ce-44d0-9745-fe8c74b44c43,School_938,27,37.75,True,True,French
a2770a83-989d-4146-acfe-8870c0396201,School_42,33,37.38,True,True,French
e80d1d97-7763-4885-84da-bfb4972c9069,School_632,26,32.08,False,True,French
e0a91544-b491-4767-a41b-476d69647a9b,School_180,26,41.09,True,True,English
abbd92b8-a055-46f6-a9b2-4c346eb7388c,School_489,25,17.6,False,False,French
c838937b-9fa7-4c77-97cd-711f6379012e,School_356,22,32.35,True,True,English
23f51e98-0f6f-47dd-87f7-5623e7a2902d,School_51,32,42.14,False,True,English
e3636ccb-1bf0-498f-a837-b25c227ac315,School_483,12,36.18,True,True,French
06fa1163-3951-42c1-b265-ce361f0a72a3,School_305,14,39.06,True,True,French
06def6f2-e0ca-49b3-9c06-4eb1fdd6a7e8,School_569,22,26.82,True,False,French
9203bb5b-6197-4c87-b2ba-566cb48f5356,School_351,28,27.74,True,True,French
dff86f18-31a2-4e0e-a3ad-e9eb621011f0,School_667,17,41.46,False,True,English
cf7e0e5d-bcdf-4c7a-958b-d5cb05e621e9,School_768,44,45.94,True,True,French
3f227347-b565-4ffc-ab66-e57ddb55d352,School_633,50,18.46,True,True,French
b454a258-d0bc-427c-92cf-7a151f254949,School_776,7,26.01,True,True,English
67079b7c-2b98-4067-a619-1e74d5f64b7b,School_894,27,37.7,False,True,French
4e1c0812-1bac-4392-9922-04ff249ee5cc,School_955,18,30.99,True,True,French
8ac25188-411d-42de-98ac-c727d0589de1,School_120,19,36.59,False,False,French
14e94fb6-34a4-437b-85b2-38354ed07a97,School_36,34,24.23,False,True,English
9e81c8e3-ef6b-478d-a754-9fc9f62fd6ce,School_768,22,30.31,True,False,French
2f2cf863-0116-4523-9a49-5fca2747ef04,School_206,48,45.67,True,True,English
e3f1b4d5-fe49-4f9b-90a7-433d154c9dce,School_3,29,11.34,True,False,French
9b01685a-98ee-4345-80dd-627d95d1eb00,School_987,43,30.94,True,True,French
10da6dd7-5445-42ec-84c7-621c964d623a,School_238,27,30.36,True,True,French
ba88124c-8b95-411f-a88c-e7eeedc5ca1f,School_947,30,30.27,True,True,English
5e7924ea-a4e7-4414-a189-6dfc98837575,School_517,49,39.41,True,False,English
e93265f0-6248-4bb4-b172-780dcc1cd151,School_831,45,15.48,False,True,French
0a366fba-97b2-4e4a-85b5-e218b758a898,School_325,43,46.52,False,False,French
8cf6ce1e-20c0-45ef-8fbf-6e400c0e9247,School_12,25,49.06,True,True,English
b35e6105-ba21-4688-9d36-883637e63bb6,School_201,39,15.71,False,True,English
d5b8f286-8860-4ebe-9521-31a523d1768c,School_808,11,37.08,True,True,English
b70b5226-3e14-4316-9cf1-0b23c518bf47,School_374,28,24.85,False,True,English
b1160dfd-11cd-46ff-bb4e-e7b90a655e8b,School_483,15,48.38,False,False,English
8bff399a-55e3-4bf2-8676-fff43b1ad7de,School_807,31,17.02,False,False,English
ace04e13-e695-45fa-b2a2-bdbe6167d67c,School_622,22,17.51,True,True,English
924ae478-1da1-43ec-9463-2182cf2d06a0,School_357,23,41.96,False,True,English
30b415f4-6e95-443b-941f-78bbfaa1ee70,School_671,33,30.44,False,False,English
81c21f01-d519-48de-be15-ba293d8ae774,School_978,45,31.9,True,True,French
29dc652c-ea22-4522-89cc-61843a61d3e2,School_677,17,39.56,False,True,French
80124ef5-d1eb-490e-84b7-057def41dc7d,School_469,14,45.84,True,False,French
5bfc59c3-af9e-46ea-9609-9373362904ad,School_405,35,17.63,True,True,French
384067c6-8d8f-4906-b670-770c0e921ef2,School_784,8,10.01,False,True,English
f7c4d809-7f74-43fd-b0ee-563812295545,School_989,27,20.06,True,False,English
c26adf25-a41c-4f89-8ef5-159e32ee8b75,School_725,46,28.23,False,False,French
5edd757e-130f-44ef-a289-49540a411820,School_787,41,16.62,True,False,French
9e95ce36-991d-4529-912f-5e43aa4aa38d,School_612,15,35.13,False,False,French
506f79b0-b449-4714-aa38-aa9fce1967a3,School_922,49,17.11,False,False,English
ddf93078-1161-4218-851a-8a064fa6f732,School_511,42,35.59,False,True,French
f385816f-b33a-4512-aa49-9e5a85c2e86a,School_387,35,16.52,True,True,French
1d15459c-fa2d-4b36-a7cd-2391998d4515,School_148,10,29.79,True,False,French
6ad8ca49-19ac-4c41-a1fa-7addf12e3328,School_256,32,13.17,True,False,English
37045edb-262f-4989-be17-1ca8360e5e9f,School_640,26,36.85,True,False,English
56067bed-1f08-4549-926c-81b85b203dad,School_844,35,34.89,False,False,French
0d35e534-5f2c-4427-ad16-d4dbd986ea58,School_316,21,40.45,False,True,English
d3f9f495-945e-4931-8971-8b79064c1798,School_965,9,41.06,True,True,French
5268af1b-fb09-485c-94ea-43fe16373385,School_765,8,22.29,True,False,English
0641d00d-57c0-4398-b56e-43ed2d337a64,School_858,15,38.48,True,False,French
65210043-b7b8-481f-a501-6585731e7a27,School_429,46,25.21,False,True,English
fcfaa44a-b2a4-4d50-94f2-6956434c5ef6,School_592,46,34.22,False,True,English
b4e61693-8896-4ab5-9ab9-5aa844f56746,School_350,5,41.68,False,False,English
f66f75fe-907a-4bd4-9e0b-c0eee669694b,School_333,16,42.42,False,False,English
b8166f80-afb8-4e0b-800e-486cee66eac0,School_52,34,19.01,True,True,English
6d45aca9-b646-471d-9130-2c4970bf753c,School_982,49,35.93,False,False,French
7731eabf-b898-48a0-b805-f416f2de8882,School_433,22,39.79,False,True,French
b7949974-6f0b-44a0-bccf-f98f7adee724,School_210,5,44.51,False,False,English
57445e3d-125f-4042-9b9a-fd9c8bcd0651,School_910,18,22.89,False,False,English
ce0fe9c5-9950-4143-8a81-f56c0eb06285,School_664,49,36.15,True,False,French
1f1483d1-2cb9-4eb9-ac8a-e7bf1b567d19,School_687,8,19.09,True,False,French
b779e20d-4b7e-4328-9905-798bb9155856,School_988,33,12.6,False,True,English
35abea65-42b6-4d3a-abc3-1271c9041b3c,School_102,36,32.37,True,False,English
1993501f-7f4e-44a4-a285-c93161a8801d,School_603,18,36.01,False,True,English
f8712408-f876-4b98-84ef-07722bf96eb6,School_346,16,40.28,True,False,English
e18315ea-9876-4789-ab33-f3c36e265fe9,School_629,24,48.61,True,False,French
326bc707-0a82-470e-97e7-230a11a2e050,School_164,35,10.16,True,False,French
3a3ed96b-3f3c-47a8-ae1a-b4038a8325b0,School_152,27,30.97,False,False,English
a88c7e0a-0bfa-4f24-a839-d104fc38018e,School_728,43,40.81,True,False,French
3ad9b090-5c66-49f4-84a9-68874a865a72,School_105,24,34.74,True,True,English
4856679e-12fd-4f5d-bb02-01f8285007b8,School_754,33,17.49,False,False,English
ef207e0a-9763-4624-aa0e-828363a558e2,School_443,33,27.71,False,True,English
cd9cdd80-0a6e-42bb-b8f0-84a108e63dd7,School_782,11,15.35,False,True,French
2b059d47-8b6d-4830-8c5a-d169f68f5420,School_447,44,49.6,False,False,French
0aab9b7c-831f-463a-9ed8-f9690afe679d,School_273,15,14.59,False,False,English
17f440c6-e679-4a0e-b7d3-05542e5ce065,School_110,36,14.82,False,False,English
aa126e61-1342-4dec-9302-66e734cab156,School_719,35,23.1,False,True,French
2efee6cc-bd84-425b-85f5-4621b8b9e097,School_810,24,33.66,True,True,French
a5aa4bd6-8f2e-4bb5-b6fb-5ed18fd1b465,School_356,5,30.53,False,True,English
1f6997d2-f65f-4a42-91e5-fcb30a82a2af,School_675,32,25.57,False,False,English
21cb85f1-d201-4068-b567-9c767fcb435e,School_582,20,12.59,True,True,French
c54a2059-7b39-4c62-b92b-9e88e5c75343,School_609,9,44.8,True,True,French
34b57700-2578-4fb7-b394-fd1937841c07,School_660,14,33.39,False,True,French
683cbb19-8a80-4e8d-a2bd-5f9eb35946fc,School_679,14,46.28,True,True,English
fb45c8fc-d9e1-4b26-9028-a9f2f39e8914,School_678,7,35.37,False,True,French
4c162d03-d4a0-4360-ab17-212815bf7cb5,School_743,42,29.42,True,False,English
f9470db7-fac1-4d87-a28b-4a65684dfc0a,School_565,16,18.61,True,False,English
704bae08-2715-43ab-9dcb-d93d7c3e7534,School_704,38,31.96,False,False,English
34431cdc-4d4c-45ad-845e-c09279c88c17,School_756,26,14.13,False,True,French
f27c1657-cbfe-4238-b443-ab085b30514c,School_954,32,26.81,True,False,English
d9be48fb-05fb-4f93-be49-e2bf40cba77a,School_156,37,24.34,True,False,English
8027ef51-9b17-4314-946d-4f4e8f468354,School_918,29,27.98,False,True,French
161e133c-d447-4200-9581-176900a162d9,School_49,44,26.46,True,False,English
621715b4-1bb6-4a14-9a38-a1dafdb1e54e,School_979,20,24.03,True,False,French
8b051216-bd66-49ae-967f-c376751ad3db,School_951,8,43.78,False,False,French
c8988b0c-fca4-4556-99f4-89a30e60b4cc,School_591,35,21.67,False,True,French
ddc45aa8-fb92-4429-8516-36709668b7e0,School_351,12,35.03,False,False,French
311c179d-e5cf-48d0-89b1-88702fdcf9b7,School_121,40,32.93,True,False,English
4ef880d0-5f30-4c9a-9c60-b2ae2703700f,School_201,11,27.95,True,False,French
0bfd5d75-d104-4813-a4a0-9898e627e4e3,School_285,7,35.68,True,True,French
f831a407-9a2a-4353-9747-35a06a301180,School_188,12,41.44,True,True,English
e12a82d7-f9aa-4ebd-8c90-b01eddcfc6fb,School_409,16,19.11,True,True,French
7a18035a-4b4e-46fe-bcc8-39185df570ac,School_1000,31,23.43,False,False,English
32c68093-f74a-4ad4-88ee-a150926cbf07,School_484,18,45.63,False,True,English
899b4d9d-82d7-45aa-9b8b-d297d946b3e6,School_497,36,47.54,False,False,French
69de0b95-b001-40b7-a412-d18f7690abfc,School_674,5,34.55,True,True,English
7bfb33e6-ccbc-4b8a-a2ca-bd834dd78f46,School_385,43,43.38,False,True,English
c0a608d9-e33e-4e5c-ad14-67c8cfb80240,School_756,31,42.42,True,True,English
86da4d7c-bdac-4aac-9a6d-fba6fe3a2532,School_826,5,24.84,True,True,English
2ece02a8-a49a-4778-92ba-48c732f5c91b,School_100,27,18.27,True,True,French
2ae62df3-bf76-4db0-b063-b78e3e53c55a,School_542,30,30.83,True,False,French
cf281678-fe02-4bea-bd0b-9e0df51181ac,School_961,20,37.65,True,True,English
9006767a-5957-4727-9db8-b3cd362bacf3,School_875,46,48.23,False,True,French
c234e979-603e-4cda-a95f-b0e96d20f1b7,School_891,13,16.84,True,True,French
f8f2f20d-4ce1-4489-b32c-877ee37e5fb5,School_138,22,37.65,True,False,French
18dc2eed-c08f-4a93-a9d1-6418cce61fa1,School_894,45,40.24,False,True,English
bc7282b9-9843-4504-b5cc-574bd345c768,School_982,47,49.02,True,False,English
2bd09345-d34b-4ea0-ba0a-96420395e77f,School_382,18,44.71,False,True,English
6facbbd6-cc64-44c0-a7f3-c720ca5f73eb,School_697,12,46.57,False,False,English
57327a57-89dc-413a-bd2e-03071fbea50d,School_443,44,15.42,False,False,French
dadb7636-f869-4803-92b9-82d56a93681a,School_949,48,28.98,False,True,French
f25bd516-a12b-4570-8371-a39e4369dd44,School_164,35,45.31,False,True,French
00c08fdf-9bd6-4fb6-a19e-9f78cbfcee3f,School_822,31,27.11,True,True,English
3134d8aa-59b8-4bbf-9e0a-a9d4a63285b4,School_204,42,10.68,False,False,French
e0a1a305-0041-4ba3-a0bd-eb34839f5a99,School_612,47,40.82,False,True,English
385b6124-fe43-445e-9892-9873e3eff0ef,School_783,34,16.25,False,False,French
589c8b6c-978e-48ee-9a1b-d8d776fb095e,School_539,22,37.28,True,True,English
447d0610-a24d-4aeb-8aa2-3273dded2f55,School_248,27,35.94,True,True,English
07f69ccc-c11c-44a2-bb3b-62dd773bafcd,School_360,45,13.59,False,True,French
bfd4514e-459c-4454-ba4d-98cb22c1fb86,School_566,50,41.61,True,False,English
802346c4-a8e7-4c89-b6d9-06777afee95f,School_297,26,31.18,True,True,French
a90cbda3-ae3d-4f76-9218-d107ba9b7d4d,School_789,40,34.3,True,True,French
dede17bc-0dee-4fd6-b8f0-086c2eec6bde,School_144,31,49.24,True,False,French
5d96be98-b3a2-4cfe-8d89-061a02b39b5d,School_140,29,13.32,True,False,French
7d603128-ed38-42e0-a16f-723d70fcc966,School_799,18,30.24,True,False,English
c9b0c581-75f2-4be9-ae8b-2d8479234f53,School_569,26,40.03,True,True,English
1631424b-cda3-4f86-b04e-d0ef708fa08d,School_79,43,42.72,True,True,English
6516f1b8-4305-40b3-bc8e-ab60fab93b06,School_716,24,11.66,True,False,French
fcc2a86a-7fce-4093-b002-322817e5db60,School_229,18,39.13,True,False,French
26bf8858-399c-4eed-812d-e65a503a638a,School_774,47,34.87,True,False,English
b6da27da-202a-4e00-9692-216f09887339,School_239,12,23.69,True,False,English
ed156a86-0b82-4775-854c-3da5495c1fda,School_975,14,38.19,False,False,French
4a415dcc-521b-421d-b386-a372814ab93a,School_527,22,13.14,True,False,French
8866e9ab-fe0c-4d45-8d33-cb34df2b0588,School_234,33,41.47,True,True,English
60dab0b5-5e40-4ab1-88cf-f4e45556eef4,School_20,47,32.06,True,False,English
ea7f9131-ee51-4a70-bc34-ba8071573dbf,School_976,36,46.75,False,False,English
db4cb114-5ec1-49ff-bef9-5ca68c1c8be7,School_960,16,18.44,False,False,French
3b3762be-6368-450b-9aa5-38c78a30bd78,School_62,13,41.3,True,False,French
b7bad76e-e285-455b-9edb-b8a3881d0b97,School_472,43,12.5,False,False,English
54ef5a42-cae1-42b7-b1f3-3fc2eaf8a1f9,School_849,32,26.06,False,True,French
53bb9e45-3a1c-42e3-a077-1f58d2b3f593,School_707,11,47.69,True,False,French
5ffc74b1-5134-4616-8101-4b42160b58a1,School_85,19,16.18,False,False,French
60b76019-7ebf-41b5-917c-28cd3eacf195,School_844,24,37.49,False,False,French
95af8ed3-c96d-40de-bdef-91ec485f6d57,School_677,22,25.05,True,True,French
6b0ee217-b5b4-4af5-9b88-bcf134f2bc3a,School_966,39,39.94,False,False,English
fa1cf28b-d48d-4810-8552-f91e5515d1f9,School_380,40,20.46,True,False,French
dc3665a0-2466-4780-bb8f-6c4d131567ac,School_482,48,34.79,True,False,French
d552c330-b716-41b7-82f5-1f4b65b646fb,School_152,10,14.67,True,False,English
72cf771e-5d87-4ffa-9d98-860501bbfb7b,School_935,15,26.71,False,True,French
4a9dc997-034c-446d-8bf5-bef67568d4bd,School_956,16,21.95,False,True,English
921dd72c-56c5-4e45-b845-878cd68f033e,School_454,31,18.63,True,False,English
218b6b48-99c6-44ad-9164-123155b62601,School_227,10,49.22,True,False,English
aee41794-f276-4339-a730-e5eb1fbd219a,School_447,46,13.52,True,True,French
245d4eb9-bc98-4dbb-a7c9-c682da9df1df,School_6,42,45.26,True,False,English
62821f11-d22b-4d64-b235-a125c299001d,School_531,11,18.31,False,False,French
1ed40fed-38bd-453e-850f-786b97336e20,School_660,36,32.37,False,True,French
2560a99a-303e-4db0-8d11-c0848ebeedef,School_96,45,38.17,True,True,English
c8d3b581-0153-4e5d-b71e-a424cc5bef20,School_693,28,27.43,True,True,French
e7282dde-959a-43bd-b547-3e31aa1d6db4,School_425,35,39.33,False,False,French
9b013db5-0708-4f4d-9e98-2ee23f6107f4,School_458,19,33.13,False,False,French
b21b9105-83c2-4ef7-b251-6b94d03ecd53,School_289,14,26.32,False,False,French
6ecbc255-5f1a-4daf-b8a3-8ffc1993aa65,School_897,44,21.09,False,True,English
4c0eb6d6-701e-40f9-9a0a-9deaba5a49e4,School_772,5,17.59,False,False,English
c4089db5-da4b-4dcc-adb1-cbecf2c3a72e,School_370,35,43.31,True,True,English
ee161908-4d87-43d4-85e7-79e179967483,School_989,12,43.78,False,True,English
b751f3d1-7d0a-4d13-818f-e6f69153e73a,School_949,6,34.29,True,True,French
6356caa7-a8e1-4309-b940-bf57a7b03346,School_834,6,16.41,False,False,French
5a139fbd-1c59-4ec0-a6f4-7f2536454f5a,School_770,47,29.06,False,True,English
49caf853-0394-4466-b5ed-14f2c127f598,School_101,16,19.38,False,False,English
6064ed9a-52a4-40b5-8a90-28c484fc60ba,School_438,48,43.19,False,False,French
41052416-d96c-43db-bafd-081e1c21b760,School_542,46,13.19,False,False,English
59c63980-b5fb-47f3-be6f-f1d4d63de846,School_832,48,16.09,True,False,English
4423efb2-43e1-4011-8692-c99a298fb53b,School_629,41,25.17,False,False,English
93262d77-1de6-47be-9180-54313c1770d0,School_444,30,12.26,True,True,English
d5e97995-329e-4918-9d5e-693736f77cb5,School_697,25,44.71,True,False,French
fe738895-ce44-4fc5-906d-925ffed470b5,School_91,23,24.57,False,False,English
0956fa89-1870-4e25-82e1-14ca7887275a,School_926,20,11.27,True,False,French
ef105df8-01b7-4e62-bc76-56e7d5f6121b,School_746,43,25.53,False,True,English
17440122-e11a-4724-ba2e-3d0137dd8d7a,School_589,33,36.01,False,True,English
97751e82-95f0-42b3-8b09-70dc7aa7fd83,School_305,27,43.79,False,True,French
bf7f42f7-6850-4bdf-b149-dc3aa6ca4f9e,School_750,33,24.22,True,True,English
3f3fb872-bf14-47f0-9ced-1a1429b5afcc,School_802,23,47.74,False,False,English
0fa55694-9157-4f02-a9e5-7151d4d8e434,School_362,32,30.09,False,True,English
313bdd72-3f7d-4936-b8f0-2eb3bbcb1c7e,School_652,40,35.42,False,False,French
214403f6-755d-49ac-bfda-76e5ad05211e,School_535,11,18.02,False,False,English
c1d34743-e253-4fe1-872c-cbb8874afe12,School_336,17,14.15,True,True,French
06e71b2f-434a-4ab9-907a-1d8991792cb1,School_707,38,10.77,True,False,French
33c7f4b7-80fb-4c56-b6cb-637d39e59d66,School_35,31,13.75,True,True,English
5b31dce4-85c4-444c-b0ac-527ecc02ff10,School_707,21,28.61,True,True,French
08a59c52-259c-41e0-a2fb-6f06708a82c1,School_471,37,40.15,False,True,French
22bab20c-aa52-459f-b942-30f63143673e,School_124,43,22.01,False,False,French
b19b59fc-c775-416c-a426-327de8ce0d7e,School_840,31,27.49,True,True,French
39144902-574b-4703-82ea-6661d00773fa,School_40,43,24.68,False,True,French
5a4fadf0-401a-427b-a0ca-e237efd7f9c0,School_336,44,27.74,True,False,English
c44be1be-3023-4191-ae88-a6682dfed4d3,School_538,12,11.3,False,True,English
eb668399-601e-48c1-a109-a33135868ddc,School_1,5,36.79,True,False,French
75ce7e69-e015-4802-8c06-6ad0466dd480,School_581,20,18.62,True,True,English
505feb3a-5062-4ff3-b94e-57215c494bcb,School_140,26,45.38,True,True,English
30c52a5f-3fdb-4f41-993a-3a605bd615b4,School_589,10,29.88,True,False,English
c479869b-77c9-4432-970d-7c573b7e3a77,School_670,33,19.16,True,True,English
852204dc-68a7-4e66-b807-c3ffeb8b40d5,School_626,25,44.53,False,True,English
f503ecb7-928b-4d55-939c-c295175779da,School_638,25,36.47,True,True,French
09b7cf44-6e95-412f-bc27-e2a3951359e9,School_723,34,21.84,True,True,French
48574640-c9e6-4dfb-9375-3873e19ae7c1,School_811,29,31.23,False,False,English
eb902148-5080-481d-ac60-600b01676082,School_403,42,29.71,False,False,English
bec8fa44-954f-4b2d-8fea-169da3480783,School_869,39,24.85,True,True,English
c35ede17-fefb-4a8c-9b14-9de93cf9ab42,School_739,8,31.83,True,True,English
92d0f26d-88a2-44cc-8608-17372e60abf2,School_143,39,35.97,False,False,English
bdb5dabe-3a04-480a-9e38-21613fffbc06,School_427,17,38.89,False,True,English
501e89a5-f7f4-4da7-ad48-bd5a5efc6f79,School_514,14,22.23,False,False,French
12f55aa3-41ce-4e9e-b4a4-80cbbfd7f587,School_266,13,48.52,True,False,French
ab3a2759-c0d7-4319-803a-8177c56417b2,School_124,44,15.3,False,True,English
c69fcddd-7e75-4a07-9abf-16263f399fcd,School_440,15,21.55,True,False,English
3d894714-5247-4cb2-998f-ab2c61d901f5,School_966,39,48.65,True,True,English
e503ac52-4d75-4ab7-94f0-d9af54785758,School_546,15,35.49,False,False,French
8fc82bd5-8e6a-431f-8f6f-9dbf68c99f2a,School_82,16,49.68,True,True,English
7a2f0d02-de17-41aa-b86e-182dda889189,School_87,33,31.87,False,False,English
693a88c8-525c-4fd6-90aa-c903254cdfd9,School_10,8,27.24,False,False,English
7be02eed-afc1-4d01-b51f-84aaaf363fa8,School_418,13,17.4,True,False,English
f77fa19c-0e0d-4c54-9bba-b12c82a1e92e,School_217,19,22.25,True,False,French
e59f7f25-4fd9-423d-813b-7e0cd4ca59f3,School_14,34,25.83,False,False,English
0eb25d27-aeeb-4b8c-9944-8439a032a64a,School_261,41,22.64,False,True,English
07cc38fc-5caa-4644-906f-a851551083e1,School_322,28,35.29,False,False,English
f7f3c646-a7ad-4f0f-b64c-2cf02e390aaf,School_491,38,40.85,True,False,English
2222ddd9-f27d-44a0-a302-8e6f146ef696,School_423,43,37.94,True,False,French
1bf9ca17-2e3b-4efd-8c2f-cc8907a54130,School_146,33,42.11,False,False,English
d8f7da47-3919-45da-a24d-366bddaeaa5d,School_737,21,24.23,True,False,English
37c57b61-a1ac-4df1-af3d-5074d854413c,School_661,48,29.65,True,False,French
e3897d0d-0953-4db4-a197-7660f226fc7a,School_32,5,13.74,False,True,English
4922c58b-41a4-4546-a17a-ed5f1ae054c4,School_257,15,18.06,True,False,English
91f23e36-e546-42ec-b571-98049629a989,School_930,9,30.9,True,True,French
6e3b74e2-77ca-4780-adef-775cb10822f7,School_364,10,35.94,True,False,English
6f250644-c622-497a-a829-c07c1ccac246,School_843,20,38.28,True,False,English
fb721505-ecb0-4558-a3ee-404f176e46bf,School_332,40,27.7,True,True,French
be568736-9b8b-438d-90c0-e8065573310f,School_686,46,41.16,False,True,English
e8f876e7-b85c-44f8-8291-749b07242742,School_5,45,22.34,False,True,English
bbf90a0f-f59a-4ebd-96d4-8d6eefa5a944,School_5,38,13.7,True,False,English
648d4072-b45d-4de8-bcf9-f6fefb958b50,School_169,25,49.23,True,False,English
d3138807-9c9e-4213-bc4b-0a90396e9bfc,School_719,25,43.52,True,True,English
48471f9a-55b4-45b5-ac7b-b0ab54d3e6cf,School_778,21,10.74,True,True,English
58ad939c-fb1f-4da2-97da-adef288fd229,School_267,45,23.61,False,True,French
4453d27d-5c4f-429d-9f70-0c992cc09b71,School_761,31,36.35,True,False,English
a9b8527a-bf45-4b35-b9e6-70ab00664790,School_819,28,21.53,True,False,French
cc32e305-fa9f-47fb-a1b4-2ef1624fa2d9,School_429,29,11.95,False,True,French
5f7ab7f8-8626-43ee-b9c7-af23965963fb,School_186,47,18.91,True,True,English
c7e1a632-e514-4a84-8dc3-e00d7ffb0d9e,School_315,26,42.05,True,False,French
0b6e0288-0512-4606-987e-f7dabdd99a20,School_349,5,17.87,True,False,English
85cc37ba-4da7-4296-b890-b412e6deb564,School_880,40,24.66,True,False,English
feb62b49-5ed8-411e-9b8c-126310317901,School_554,39,37.39,False,False,French
26b34749-97ac-4204-89ec-3e715fb28e6b,School_744,31,43.38,False,True,English
66b0c66a-b761-410e-9dbd-741f296a7476,School_296,32,24.76,True,False,French
c3f222c4-7f20-4e7a-be6f-adda53382b75,School_252,6,29.05,True,True,English
7d55c36d-7fed-45fa-b9fc-641976ee75c9,School_227,10,15.9,True,False,English
d8fd1e2a-db7f-4e66-9c03-930ab7bc0813,School_358,6,46.85,False,False,English
e1597456-39ac-4e8d-ac89-0f8fb16255fc,School_531,49,31.38,True,True,French
1b4d723b-de4f-42e4-901b-09ab937ba41b,School_353,25,17.14,True,True,English
0eac11c5-6d41-4576-b122-b72ed526e71a,School_226,42,25.33,True,True,French
3aac04ef-2e80-4997-b95c-e42fd4ac528d,School_575,26,45.57,False,False,French
821ebe25-f636-4b1d-ba0f-8aef87d4305f,School_579,42,32.4,True,True,English
b8ea7741-8c07-4c07-b3a9-dcf27b2f91bb,School_870,36,20.55,False,False,English
8701b736-08f6-4b1f-a8b1-2ad5ae765b1b,School_43,35,23.45,True,True,French
0cc30163-fcab-42a3-8f9c-a2542d5e4880,School_438,8,13.64,False,False,French
45194df6-04ca-4ab4-9da4-1b25dd185155,School_725,27,16.7,False,False,English
ed5f44fc-abd8-4147-bc9e-b597d958f5ad,School_471,32,41.66,False,False,English
b18fb22f-700c-4ce8-b30c-c307841318d1,School_772,21,49.69,True,False,English
64b4544a-ba9e-4dba-bb84-05e303b82cd4,School_15,19,16.99,True,True,English
321843cc-359b-44bc-8612-a8e52cbc8c90,School_798,48,29.42,True,False,English
85a8dae8-8dc9-409f-b3a9-6179034319e0,School_858,20,36.61,False,True,French
7dba37a3-7926-40f4-aee1-51fd13400b19,School_54,27,44.69,False,True,French
92ca3f85-65da-4acc-b97c-17db4604173a,School_656,21,37.91,True,False,French
b6c397e0-a670-4ab7-b821-7b87cc97d6fe,School_370,16,36.08,True,False,English
f06d0061-7678-4675-a25d-eff4a32a9813,School_538,48,27.81,False,True,French
c70a154b-678e-41ce-bfed-1cd81abee5e0,School_719,17,35.48,False,False,French
1ca2f877-c2ad-4247-9c4e-2c98b14c7e48,School_402,38,28.65,False,True,English
f8b4e8da-fc4b-4b40-832b-672ee104e20c,School_773,6,43.11,True,True,French
53b3d215-69a9-4a3b-b2b1-60ceac1c0c13,School_58,32,43.43,True,True,English
aa82d54c-f881-49c7-af63-3fd9e1da9e14,School_198,24,39.35,False,True,English
86e790ad-efbd-4952-b784-0612a9161349,School_548,46,38.33,False,True,French
12889fcc-ecaf-4ec2-8b1b-22c51b048b11,School_982,35,20.31,True,False,English
53200dc7-2fec-4814-9798-720c0bbb9bd8,School_127,32,24.3,True,True,French
d96a14d3-1fe3-42e9-89aa-67ab6a188bed,School_920,28,24.86,True,False,English
8a9263ee-f267-4e7a-b2b1-bb9d717f650a,School_355,41,13.43,False,True,English
c9de4427-35d2-4581-984c-a2c0359fae8f,School_249,23,23.46,True,False,English
b04db4f3-bf6d-4978-82d8-f87ae76c6fa1,School_409,49,26.62,True,True,French
218b7a6d-6a8e-4a06-b89b-c77f94c1b5a8,School_423,18,19.57,True,False,French
15c18ea4-fc25-4f05-ae5c-a5bfc3485343,School_118,16,35.8,False,True,English
2b702957-2c7b-4c33-b490-5e09ffdecd2d,School_22,23,26.48,True,True,English
740b8463-6ed3-4127-aa9b-6757f2692b1f,School_662,31,16.83,False,True,French
a99da041-c10e-4da7-9914-ad0875b43342,School_501,44,12.86,True,True,English
deb9bab7-87d9-4d2f-bc4b-3917b7d15a4a,School_506,33,10.09,True,True,English
20aa0d47-dd79-4d34-8da6-74386a5082e0,School_880,14,28.41,True,True,French
02ec548c-7ab0-4c6a-b7f6-63835e62e578,School_962,37,41.35,True,False,English
d6d2d196-b684-4a8b-8dc0-f0e7e4d4a386,School_804,36,43.05,True,False,French
1e12ba7f-3b61-4223-beeb-ad4903a6eec2,School_478,18,13.79,True,True,French
53108cb4-68e1-40b2-94df-635c79641d8e,School_158,34,16.82,False,False,English
d1d94789-dcdc-4fb9-b8e1-5c090c1324dc,School_24,21,22.3,False,True,English
a7b79290-0c84-4011-8a4c-b0818c79b8d2,School_485,17,18.54,False,True,French
cb4f0b07-7184-4b02-bf07-1bbf79285a9b,School_591,47,45.71,True,False,French
afdd4f1c-8758-4798-a95d-5583c0929b45,School_351,26,39.62,False,False,French
2a2a941b-4353-41f8-8c6b-f32ee7ea1675,School_475,26,42.94,True,False,French
b77f46f4-409e-4879-a33a-faa45f5f9a05,School_804,43,17.21,True,True,English
e1311303-4394-47c8-8740-98eb810f2b6f,School_570,13,47.33,True,False,English
67e81bbd-1f89-4c4e-9a55-3fde5f9163e3,School_735,27,18.69,False,True,French
5926d31f-81d1-48ed-962a-cb56876336b5,School_256,21,39.11,False,True,French
c754bce0-f22e-41a2-9246-a07854d339a6,School_884,20,45.57,False,False,French
e07d5e97-7069-4d2d-87a4-8b1e1123f65a,School_695,20,24.62,True,True,English
1ae54086-3295-4834-83d4-0e1024786c5a,School_247,21,47.3,True,False,English
738c9557-434d-43f3-b5fb-d18a8e0da250,School_207,34,45.43,False,False,English
7769cbd0-8c2a-4f97-823e-18b1351a0bac,School_563,8,43.47,False,True,French
b7fe13e8-a9a2-40da-9287-a201b01bb3a4,School_945,39,33.7,False,False,French
4ecac756-3dfc-46f4-9536-be4f4cd858e1,School_776,40,37.16,False,True,French
79207f13-6586-4530-9381-3f02884de1e6,School_769,22,47.3,True,False,English
509ff0b9-ba1b-4d5d-bd11-73d554b517b0,School_283,25,27.21,False,False,French
121238d7-299d-4694-9d31-016f8eca4b78,School_287,37,27.08,True,False,English
efc31862-5236-4e5f-8579-a8d9204c8d87,School_867,7,20.63,False,True,French
764190a8-a281-4ce9-a1d5-81c635fa9138,School_922,29,26.91,False,False,English
27761d97-77ba-4349-8d49-c0de708dc72a,School_773,45,21.27,True,False,French
cc5adb56-dbf1-4889-9862-53c3a694a76b,School_43,41,11.76,False,True,French
6dc21450-9b79-43b1-bbdf-ef7f3794d106,School_24,29,45.05,True,False,English
0af226dc-75f9-4e5a-834a-c582ed0a4583,School_145,27,30.12,True,False,French
f8b70819-9575-4b89-8982-b2639517fd06,School_619,33,26.43,True,False,English
afc47e26-82a2-4ec3-9106-b80bf6b5a1eb,School_65,19,49.08,False,False,French
4c77c2e6-7455-4efb-bb09-b2e994195625,School_586,37,12.79,True,True,English
54a8f691-ee7f-45a6-b861-4a5b4a4f3ea5,School_572,5,33.6,True,False,English
dd203609-4d75-4659-9ffc-85ca6710a49f,School_92,31,33.26,False,True,French
ceec4cb8-a102-41f0-8b0c-ec3bb04fe01b,School_697,14,33.37,True,True,English
03ccfd6f-2e89-4b3f-bfc0-721ed5aecea1,School_614,8,12.01,True,False,French
f5f63dc3-d97f-4fcd-85e9-4830c6193a3b,School_589,6,34.84,True,True,French
440740f9-7f36-4c7c-bd2f-9b9a43af4378,School_278,7,26.88,False,True,English
7cd8c708-33b9-433d-8264-ae60523bdcd3,School_32,37,44.65,False,True,French
60af4c04-d253-47d3-b44d-11bc124cd5c8,School_163,30,39.94,True,True,English
858db2b6-85c4-42a3-a5a5-ef86f452ef34,School_568,32,31.84,True,False,English
4ac0a405-4988-4fd6-be5e-31632b5192a4,School_527,17,33.7,True,False,English
058bf3c4-91da-4f77-95d5-5ec3361ffc40,School_265,27,29.24,True,False,English
c5174218-869d-4f06-a152-d38240d587d3,School_741,48,46.99,True,True,English
9cc7d2e7-d24a-4382-909a-13b93950747c,School_908,42,14.92,False,True,French
f1370f5f-3f58-4cc1-9abb-f06ca6c5591c,School_911,44,29.39,False,True,French
fc7ae2ae-1ed5-4311-9e9d-db4944462ca1,School_678,16,32.93,False,False,English
b43199fe-f421-40d6-9d76-9e4a8c8c275d,School_202,9,24.05,True,True,French
1a7d202f-8ab5-470c-9496-0bead7f2751c,School_441,6,46.83,False,True,English
0af10ac9-c22c-401c-8d9f-3b05b77cdff3,School_510,33,43.24,False,False,French
97cfe748-5996-4349-b272-0dac6594e7fb,School_587,15,48.09,False,True,English
8901fdae-82c3-4fa1-a55d-ba9be3fbf88a,School_176,27,21.59,True,True,English
40095ed1-0939-4744-be44-c78ab44145ed,School_444,27,20.02,False,True,French
3fc00fb9-23a2-4a35-9d15-59af7365791e,School_652,42,38.92,False,True,French
3c83269a-7e17-4669-977a-b4d5f70ca537,School_362,22,13.94,False,True,French
52a6c1b3-d7e9-4335-9bc2-d13cac5b716a,School_677,20,42.17,True,False,French
1633a493-3643-464c-9472-71351c13eb66,School_646,47,37.3,True,True,English
ea44d979-fb8c-46f1-ab89-ccca58426b4c,School_803,27,36.01,True,False,French
97dd6a70-7337-4249-a5b7-fdc5ef3a5a30,School_696,22,37.53,True,True,English
f2a96993-b731-4935-9d05-29e44c3c65e1,School_838,9,21.73,False,False,French
12cb4914-4411-4f59-a981-7a2f3676463b,School_850,45,13.04,False,True,English
22fdbc24-6c12-4784-8756-b808562cc22a,School_993,50,27.16,True,False,French
fb518a5e-7fd9-43d7-a81a-c7d09293a062,School_452,40,37.5,False,True,English
b6b67c26-cd2f-4bef-bb63-fd402a614dec,School_860,43,34.27,False,True,English
bd06286d-f0f0-4872-a419-8693bb9e2e13,School_393,38,36.79,True,False,French
7fec0f72-078d-486d-8e7f-a5eb3546e570,School_263,6,37.66,True,True,English
e19bc685-fde3-420a-80c4-fc020ef4dd33,School_202,28,38.28,True,True,English
c94d8660-b406-4366-b3aa-7aaa9c278bf8,School_758,19,12.36,False,False,French
f5b252c0-3774-4ce8-9b1b-741ee96bf8e5,School_775,33,43.52,True,True,French
16cf5445-bd74-4ce3-9557-dadef1822601,School_640,40,18.28,False,True,English
73daa9b2-db82-4ad4-a824-4295fbfcdef4,School_230,27,27.35,True,False,French
98676bda-a6c9-498a-9002-4a47b870dd31,School_651,45,15.74,True,True,French
b7df6321-6911-44ec-b76a-f2c7d895b460,School_474,9,33.04,False,False,English
6f21f1be-3410-4a75-a230-f177000c5451,School_679,22,45.47,True,True,English
23b68e7f-c00d-42e3-a686-615f66e8904c,School_832,27,12.12,False,True,English
d937446b-3998-4ea4-9b2d-cd1c42145b6b,School_274,12,25.66,False,True,English
7ee2954b-f25c-4fc8-a3c2-181d7050bf55,School_97,18,11.03,True,True,English
66021d6b-cae1-4773-9447-aeffb8ef5478,School_182,10,17.74,True,False,French
80f1c673-1cbb-44f5-be21-7e206760221a,School_876,43,43.91,True,True,French
2bf7cec5-7943-4ffe-b314-578d2644624d,School_348,12,26.32,False,True,English
28593212-b921-49f3-a55e-8db4feb9d325,School_462,49,43.7,False,False,French
e718523b-2108-4f38-9e22-9b46e1afee36,School_100,44,41.78,True,True,English
3f178ef9-ad7f-4537-b036-ebd5052d5bb2,School_967,24,23.11,False,True,French
c784b72f-f712-46ee-b323-d0781bc23d91,School_991,31,13.91,True,False,English
1fc0c4f4-c7e2-46a9-b88f-7bdd85d70afa,School_385,28,22.26,True,True,French
d48be18d-143f-4415-ac87-475c4c245bc5,School_360,21,34.57,True,True,French
392e6b5f-7dd5-4036-a1dd-43a28744b3dd,School_599,26,28.81,False,True,French
6dbc3865-a340-402f-8d69-bf77cf6e86f3,School_916,15,20.88,True,True,French
c178c138-2920-4bd1-80cb-eedd6f497f56,School_806,32,20.75,False,False,French
b7371718-a88c-4154-9b8c-147d63be6aad,School_218,33,33.23,True,True,English
ad0f5b31-0b55-45e3-bf3e-cec684a578cf,School_326,10,16.18,False,True,French
0b7a7b00-3413-4242-a07e-ee9af388d249,School_970,36,35.68,False,False,French
0e46a802-e6f4-4ec1-850a-72f7f7e4254b,School_625,45,15.51,True,False,French
be4338c2-cda4-44b4-89b9-cb935f583525,School_614,31,49.33,True,False,French
700356e4-4759-40fe-8786-dbcabb59c4de,School_69,19,35.95,True,False,English
ab6ba34f-f6d3-4284-b921-cd9a3af9436c,School_236,47,35.0,True,False,French
8f38793e-8cdc-44ed-ad77-c6ee8ce28b28,School_454,47,19.85,False,False,English
676f1cde-a149-4841-83c2-ebd25f2deca0,School_703,11,19.88,False,False,English
7ff7df52-e7eb-45e5-a19c-b5478be5f703,School_171,25,24.04,False,False,English
021bdcec-ca04-4e4a-b9d0-b42df6730564,School_477,44,44.23,True,True,English
694b2f3b-f2f7-420a-b23a-8cb6b48682ce,School_702,33,40.64,False,True,French
aabbdcad-be74-451c-87a0-c09e0f15400a,School_616,31,42.78,False,True,French
42a380c7-61f1-4a13-8a65-a131fa8615ed,School_771,31,20.49,True,False,English
2c9d3535-80c3-48fa-bd2c-067f9d288e0c,School_581,9,40.02,True,False,French
0bad08e6-b797-49ce-80f7-9fff962cd940,School_766,35,13.08,False,False,French
36a8d464-3c83-4b7a-bcef-85e804994c3f,School_254,13,45.62,False,True,French
edac15f3-07f9-4959-842b-4bb0237c528c,School_607,34,26.47,False,True,English
10dac5a6-473b-4aee-814c-551b4996a4f8,School_466,16,40.17,False,True,French
d323595a-f062-4091-9c6f-40da72635fee,School_552,37,22.1,True,True,English
27181b34-3a4d-4d0c-8a21-cbc9354253db,School_730,39,21.64,False,False,English
75a37980-f0b5-4479-856a-f326bf21d521,School_994,26,32.57,False,False,French
b76dfad1-9dfe-4299-9705-300b3c08cdbd,School_249,25,36.37,True,True,French
4e8258be-2877-461a-9fb0-4090f557177a,School_830,32,40.28,False,False,French
cd8e3be7-e3da-4c21-be1b-d9121f554bda,School_565,25,47.89,True,False,English
84c78d7c-d5db-455c-86b6-5f59a62a8784,School_504,34,39.75,False,True,English
6dd0f5e3-35cc-407d-91b6-905d7b3bb5b5,School_133,9,23.3,False,False,French
9de16f10-0413-47b4-aec2-8c0d86930953,School_734,43,27.23,False,False,English
b7f5b060-20b7-41d6-8432-d7ad4cfd9fc9,School_871,11,30.84,True,False,French
85c612fc-cc6d-487f-a9d6-f4b59ecfa35e,School_911,50,13.94,False,True,French
75dcb2aa-7d2d-40d5-a0bc-ba7370976a55,School_751,14,10.69,True,False,English
43f24cf2-8356-4ee2-ac39-5531238bed43,School_259,11,45.89,True,True,English
9e54f3b3-e7d3-48dc-bc0a-9290344f442f,School_873,49,22.39,True,False,French
5be16f99-c7e8-41dc-bf36-e34ba6dd5bd9,School_732,38,28.78,True,False,English
2947c11b-2227-4f8f-986e-90b9c304a343,School_451,32,42.99,False,False,English
66097928-e69e-4d5e-a414-52a158e4ab83,School_606,30,15.99,False,True,English
5d3ee109-66b2-469a-bacf-8c199f6e41ea,School_501,9,23.28,True,False,English
b7648ce9-7c13-458a-9d1e-ec7019b31e0c,School_634,41,48.95,True,True,French
a3d5df61-4e39-4a3b-8c8a-4f793983ec6c,School_575,41,41.2,True,True,French
ddad221e-6999-47cf-9b37-f96f5abd7c38,School_798,32,15.86,True,True,French
3282c189-5e98-474e-a39a-de4b3692ac34,School_841,40,45.54,False,False,French
102dd5ba-297c-4309-a07e-20279be2d111,School_172,21,30.11,False,True,English
a6117af0-748c-4fad-9c51-64fd59ec2f5c,School_307,31,46.36,False,False,English
8423bd42-69ae-4f37-8eb9-acfc46376b0d,School_36,28,42.88,False,True,English
7ce08405-ac9f-4457-b5a5-b9f5189eafff,School_817,8,21.26,False,True,French
3627088d-cbf5-48ff-a183-b17c8fa22107,School_88,28,21.14,False,True,French
34a0247b-6f0a-40b3-a631-b59ced438f06,School_471,19,47.64,True,True,French
e56904a6-8eae-4b1a-b01c-972c017fe481,School_8,50,48.93,False,False,English
4dbcb465-4ccd-4756-a4ab-cb0491cc81b6,School_638,7,13.16,False,False,English
79b72757-da23-40f1-9a87-4a633dfa418b,School_752,35,32.73,True,False,French
59cc60bb-b1eb-4ac3-bf7c-27649d51a1df,School_978,20,35.06,False,False,French
5e5d040f-49b5-496f-bda9-b2676189da62,School_952,44,11.87,False,True,French
e7fa6dfa-17e3-42f4-9413-feb9fa641087,School_865,19,48.58,True,False,French
dc46500e-f0f2-497a-ad3e-a7f093ca4f57,School_972,18,36.68,True,False,English
fc22d39f-d812-458b-974d-d50ebc96b257,School_984,28,44.92,True,True,English
822bb29b-d985-4314-8c42-a0e80bcb82cf,School_391,35,42.27,True,False,French
8c673249-ef63-4321-83d9-74f7936f8403,School_190,21,17.95,False,True,English
b4eefe1c-2d2c-4ed0-b42e-1016e2d643ae,School_419,40,48.44,False,False,English
a2ecf2ce-832b-47af-a551-70545a618943,School_45,26,43.42,False,True,French
0cf2e584-5c9b-40e4-918b-e56625281639,School_845,49,16.75,False,True,English
eb059816-3d30-47a4-91c9-379a9b4552d1,School_554,8,48.36,True,False,French
5d4d62bf-2bef-4722-b875-6f231b398170,School_232,7,13.02,True,True,French
b7ca368e-8364-41d0-93be-c0ea59d6e542,School_49,5,35.1,True,True,French
80013b8b-1d28-4d1f-b08b-c21426e5ab76,School_522,15,46.14,True,False,French
b32dbce4-e731-4e6b-9525-12032b0732e5,School_209,33,43.64,True,True,English
7241094f-b916-4832-8ee0-50921e7e0595,School_853,16,12.91,True,True,French
0f4c613f-13f4-44d4-8342-718860a0695e,School_105,31,49.99,True,False,French
53f60b01-1dc0-4840-8564-8b5be8c63322,School_175,9,44.0,False,True,English
a06d4a6f-a0f2-40af-a558-8c14f86305c1,School_467,7,30.01,False,False,English
11803b1d-bdd2-4406-8251-531aa862be0b,School_15,16,38.07,False,False,French
979b5d4d-dd7b-4ec4-853b-2e89a0e40a68,School_194,41,26.44,True,False,English
a5731df1-a1c6-41ba-a05f-8a3dd4e824b6,School_716,5,24.07,False,True,French
d8abc6b9-161b-4ab0-84bb-f0b858b14738,School_662,23,21.14,True,False,French
0baf6773-f915-4154-b3d6-cff1930da980,School_215,20,11.55,False,True,French
207e5b02-c90f-4928-b8ea-d89f90669d78,School_202,35,18.8,True,False,French
72b9ff43-c5d3-47c3-8bf1-d10e50906315,School_727,29,47.34,True,True,English
c81a06d9-524b-4d8d-9c40-c29a0c45ad78,School_389,13,48.55,False,False,English
683a6ed5-7023-4abf-b95b-d54e3bd05bc6,School_789,26,27.76,True,True,French
b1e34f36-c9c4-47d6-9c1f-599510a67813,School_126,43,39.4,True,False,English
8f275280-669c-4e8d-88c0-469479a4943d,School_494,24,49.93,False,False,English
3a16ee43-7bd8-4cea-93a5-8b3c882625ab,School_540,45,32.72,False,True,English
60f462f6-2786-4a4a-884d-e558cae522d0,School_601,42,22.61,False,False,English
7174ec7f-ad2b-43bf-b013-fdcae27c7f9a,School_895,42,19.66,False,False,French
ffcae479-551b-4e8e-a969-07935fe6e990,School_167,8,37.59,False,True,French
2d719668-acdf-4ad1-aa23-996615653c39,School_109,16,30.76,True,True,French
54eeded4-6b53-4981-b0b6-b50d0c3024c7,School_129,29,22.26,True,True,English
95b4bdf4-18ae-413c-9a0a-42da43117b81,School_134,5,45.82,True,False,English
7445ddf6-188e-4ba3-8110-1e480b3fba57,School_363,30,27.45,True,True,French
c36da700-519d-42de-bbb9-8d82002202d2,School_292,48,39.09,False,True,French
90484c6c-2611-4ce2-8313-d6df38916b81,School_733,10,14.2,False,True,English
35cb27ec-e7c7-4be6-af86-9be6c91869c5,School_460,14,44.04,True,False,English
971d6a91-25aa-4a51-bec4-909f9d913ad0,School_925,28,20.46,False,False,English
4b7b9021-9eb3-4a17-b44f-8f3f731530b9,School_840,13,34.52,True,True,English
6e5184a4-9e1b-43b0-b6d4-8b7c20b8d7d2,School_3,9,16.99,False,False,French
3a716536-09ac-48ba-87bd-e7b10f787c2d,School_561,47,34.36,False,False,French
612b4d72-2570-45f0-b9a8-257691b8e7c0,School_442,46,33.12,True,False,English
7155f94a-7d5b-495e-9457-def6e1c19861,School_19,34,10.54,False,True,French
102adb77-cd47-4402-8e48-13b7ffeeb62c,School_916,11,33.74,False,True,French
b182eb7b-dfff-4da0-99ce-42feee2773af,School_781,38,42.56,False,True,French
ea923de0-6c6e-48b5-aef8-b35075bee7f8,School_873,24,31.12,True,False,English
637eabe2-b9b0-4bfb-814e-b7fc9ddf04e5,School_163,20,30.14,True,True,English
37420f86-4559-4c85-9b14-c7442905158b,School_878,49,25.1,False,False,French
80321bde-92e4-462d-a757-d5f9a6ec7a44,School_706,20,38.71,True,True,French
ceafddd4-d763-441d-b64c-b4b158fed87a,School_687,22,17.95,False,False,French
251f8e73-0cb5-40b0-baa7-db842f8feae4,School_338,34,12.56,True,True,English
bbbefd57-1f98-4685-b8bd-7eece45364c4,School_114,15,13.61,False,True,French
16726958-aa26-4e7f-baa9-91857754c9b8,School_819,36,46.37,False,True,English
e3b43cf1-ac81-4d69-8762-08692e3102e5,School_433,22,16.55,False,True,French
cbd61030-772c-4c56-9b06-c9cbce14e062,School_85,32,11.81,True,True,English
75ab332f-fa12-4e9a-bbcb-6e124443d0c1,School_860,30,44.77,True,True,English
739b5589-d3cb-4ca4-a1ad-c029a623deaf,School_652,8,30.37,True,True,French
6541daa4-7f43-47cf-abf9-1cded6d59e5c,School_699,40,25.41,True,True,English
c08c0528-f962-455a-acbb-044ef3f99512,School_169,28,30.76,True,True,French
823c085b-e014-4a8d-bfbc-180399e8e66d,School_663,31,23.7,False,False,English
805da39c-0d05-43f7-95a0-6702785ad53b,School_228,7,18.82,False,True,French
892bdf7f-b1e8-4c04-8289-21e7669595cb,School_140,29,38.6,False,False,French
2aa0a6ea-76b1-445f-8b31-cbdd64fd7750,School_500,5,42.07,True,True,English
3f4aaf1c-97fd-4e2d-8b6a-71a768fec84a,School_364,30,47.23,False,True,English
8a627896-afaa-4ea1-9240-44aa7761fcac,School_417,21,42.81,True,True,French
82ea888a-a9c9-4403-a857-532a2525526a,School_509,30,43.86,True,True,French
d8eef1ec-f7e8-4585-a96d-cad248a7b79b,School_484,47,37.62,False,True,English
3b90fccf-f2e3-4e3c-ba7f-baa8a8f53500,School_340,37,16.54,False,True,French
fb5a3d2c-76d3-459e-8606-c880a3efcce9,School_662,16,19.19,True,True,English
1c682940-3f4f-4a41-a73d-497a5b3e03d1,School_49,30,27.26,False,True,English
50febf70-a0dd-4e58-972a-714129cbcf73,School_658,22,43.12,True,True,English
29a1eb42-01be-47f1-acb9-cac209f30b8a,School_503,23,19.56,False,False,French
5213b879-f2cb-4b35-9881-63a8056b95ad,School_221,22,45.51,True,False,English
1993440e-8c51-4d3b-ba26-53b016d43e5f,School_917,27,41.48,False,False,French
52b0cdea-94e2-47de-98b0-36604d4f4518,School_472,5,38.5,True,True,French
ce0f042a-2ff8-4b77-aa44-dbbf7e9c2483,School_729,36,36.47,True,False,English
35be7738-ba45-4f6a-a95c-c806d02b4c8c,School_298,36,13.37,False,False,English
1e13cfdc-b313-48ae-a4cc-665faf50946a,School_908,48,35.55,True,True,English
292077ff-6cc0-4704-9f4b-e2b71f8b0b7c,School_525,34,33.0,True,True,English
440a30df-eed3-4422-a489-5096759d5d00,School_101,6,22.26,True,False,English
4f54ddb4-a657-4923-a69c-332e6cd4bff4,School_702,43,33.66,False,True,French
d508bd01-a76d-4279-93f4-ce2915a05754,School_824,29,32.92,True,False,English
9734e31a-14c5-406a-afb7-8a2e2b4e6aa3,School_579,31,19.87,True,False,French
a00952f6-4183-4a14-858c-033a3a33d4eb,School_159,29,35.43,True,False,French
c92ebd73-1540-4020-9a14-3e6094a83134,School_537,47,16.14,False,True,French
37a7c29d-267f-4a75-bb75-bb4764d3c9ce,School_357,37,46.06,True,False,English
31a1e80f-3fef-495b-b431-d7941a240d9f,School_920,26,23.6,False,False,English
f05dd937-5ac1-4766-87c7-b3675268de91,School_408,25,24.05,True,False,English
7b9f8e25-124a-42c4-9fc4-1284904e500e,School_281,30,19.1,True,False,French
7b1e37f3-cf89-4395-ae70-d9cb7ef80bbf,School_135,36,49.34,True,True,English
51b25258-cce4-48ca-93d3-57751051835a,School_374,45,11.42,False,False,English
99286475-f414-48f0-b074-055fbe0c516c,School_881,44,34.8,False,True,French
6e5a9788-133e-4302-982d-65e6d76d6fd9,School_85,37,41.22,False,False,French
0cc09cd8-9f19-4e76-b969-08b250386bac,School_97,41,11.16,False,True,French
f5a68843-d25e-44c0-9cf2-8755fc64d633,School_843,5,15.13,False,False,English
e4f36c86-23bf-477e-9b1b-ed2a2cd6a9fc,School_720,27,13.48,False,True,French
a71b5b43-527d-460c-b18e-b21bfb36f3b1,School_309,42,43.52,True,True,French
0596c455-97f5-40da-bc5d-a6c2ca0bb115,School_276,44,24.36,False,True,French
f7eb00ea-52be-4c76-9b56-a35f6c27672e,School_92,16,37.58,True,False,French
3d07e870-116d-41b7-8b8b-5ac55ae67067,School_660,22,23.81,True,True,English
f05add47-70c5-47af-863e-59b3cd3f681f,School_604,20,21.2,True,False,French
479b1bcc-b7e8-4eb1-b726-bfb0e862b415,School_258,31,32.92,True,True,English
052761c5-d467-49f4-b6b4-680e718810f8,School_953,47,29.85,True,False,English
e2353b53-9559-44d2-9362-a9cbabbe2bc2,School_753,46,17.36,True,False,English
b5675407-70ca-4576-bbf0-7cd06e7c65b8,School_83,42,49.0,True,True,English
847a6d84-75e1-4939-aae6-39f32f0585dd,School_581,48,48.66,True,True,English
e66c481d-bd1c-4834-a869-ed208918055f,School_769,46,38.37,True,True,English
e6019fba-482d-45d3-91f6-15c22ab78b65,School_439,8,48.44,False,False,French
a6e00ac7-8d6a-4b19-873d-ae431fa7347b,School_465,21,18.25,False,False,English
b0e6712c-3f15-4e85-8fdc-621809471775,School_58,29,11.34,True,True,French
9798bc25-7e03-43f7-b9fb-19ae832b0a5a,School_543,21,27.71,True,True,English
0ddee697-ef15-47e0-9ac0-490eced6e712,School_256,18,18.09,False,False,English
d4550514-d73b-4770-ba0c-c47ab40dd058,School_69,17,19.5,False,True,French
559571ea-27d6-40ca-9fe2-e20aab659b50,School_906,18,40.38,False,True,French
4d5bc328-deae-4c2a-a9b6-8de287f45eb7,School_89,36,22.58,False,True,English
316c76ef-de58-4d9d-a30f-eb9c21103904,School_959,31,36.9,True,True,English
90ad7508-dbc8-4c2d-b40d-3849313e1db9,School_954,39,14.32,False,True,English
6f8c82f8-684d-45da-99cb-e552631e6cda,School_219,32,45.58,True,True,French
cc28d75c-3639-4233-a93f-b703f78e9f3b,School_182,37,13.92,False,True,French
7c4dc9be-4076-4384-a73c-0adc8f8813b6,School_387,9,24.37,False,False,English
248bba32-0def-43e8-9a99-a49838f9304e,School_811,32,46.82,False,False,French
3eacd537-fdce-4667-b615-a00d2ff81414,School_153,18,38.4,False,True,English
1ec5d2ea-41db-42cb-86f8-3d3e1f714120,School_348,19,18.07,True,True,French
2b99277e-c58c-4c28-a7a6-43043f16bed9,School_436,28,17.31,False,False,English
e665bcc3-91d3-4665-8b8d-405ba030ac92,School_727,16,10.9,False,False,English
7a84e903-2b33-4f8f-b096-fe768fd8cfdb,School_425,33,32.67,True,False,French
2ed37013-000f-4545-8581-7ba1bda0cffc,School_669,41,35.92,True,False,English
0ded1f1c-25d2-4bda-a3da-64444366c17d,School_960,40,10.73,False,True,English
2e12d7ac-35d6-4fcb-ae01-870f0deb5298,School_204,5,49.57,True,False,French
9f098b77-8466-4077-aa31-97558587d87e,School_922,32,42.84,False,True,English
1c658423-dc92-474c-84e5-3ad9e1e45080,School_676,47,37.19,False,False,French
ae8cbd67-c8ac-4033-a069-5764f98078ed,School_606,36,14.42,False,True,French
3cec003f-db8d-4874-a360-b663547ffe7a,School_147,20,17.28,False,True,French
2c14389c-b667-49de-8f66-f7df36ff7e47,School_86,50,41.34,False,True,English
1434ae96-0704-4b26-bfd4-f9b3b1af7b48,School_266,5,41.79,True,True,French
94b1a0dd-1900-48df-a6f6-204ccab31955,School_723,9,38.55,True,True,English
97575754-1699-4bdb-a1d6-c379e73cf4d3,School_741,9,26.22,True,True,English
eb2032e3-4c43-49a4-b2b6-0b365cc3afe9,School_927,49,19.99,True,True,English
a08af3bb-bc64-4a54-8bbf-c3119f5d5a27,School_476,50,42.9,True,True,English
bd21122c-ee88-4d92-9075-9d4810da5d40,School_1000,15,28.82,True,False,French
06fa8c9e-853d-4b5d-80aa-e607fffd19eb,School_511,27,23.93,False,False,English
4e43537d-8900-4c7e-b4e9-5480a1d358c5,School_700,43,40.65,False,True,English
01ae5191-c246-4435-a6b7-d453e041ec1b,School_574,33,47.58,True,False,French
e3a18dde-5e33-45ee-841b-e60c42ec851f,School_897,27,10.7,True,False,French
96db9f21-08df-4719-af78-a21730f9f7bf,School_612,26,23.9,True,False,French
be193664-55d5-44b9-af0f-be082c302ea8,School_311,28,30.41,False,True,English
9d967be4-2df6-47de-9cb9-f5c45e13a33d,School_541,34,32.67,True,False,English
8b66900b-2ec4-4564-a893-a109ae528846,School_124,38,47.57,False,True,English
b64272fc-4e6e-4dad-9562-621f3427165d,School_990,25,48.08,False,True,English
2081489b-358c-4682-ac8f-ea041545d525,School_722,27,19.45,True,False,English
26a004c1-debd-47eb-ad6a-376fd5c0519a,School_208,23,12.59,False,True,French
3a49d445-5ff2-4321-a584-ea7099c71a8e,School_240,22,48.5,True,False,English
8696eb36-4ec5-4c37-b5d2-50c1ce3f8744,School_649,25,39.33,False,True,French
54a47ccf-c63e-4886-b993-586693d187ab,School_113,28,48.65,True,True,English
a9abbe93-0702-4c0f-bfaa-bcb2ade72c16,School_663,35,20.59,True,True,English
5b68cde8-8ffb-4c91-acfa-31a58524b10a,School_491,7,11.53,True,False,English
0e7660cc-bb12-4baa-946e-d39776874841,School_361,5,30.45,False,False,English
10c97f42-8f55-46e1-8236-0d8cf11ffe85,School_954,16,44.56,False,True,French
55107d85-c2bc-45e3-9a15-b1d37ab571dd,School_341,5,30.83,False,True,French
f06a975c-3d94-4999-a956-a02c9d3a03e5,School_132,33,23.84,False,True,English
625e6385-d5a1-4d84-81dc-5e1da6d3aac9,School_501,44,40.07,False,True,French
c9ec234b-bac3-48ff-b881-dcdd1206340c,School_198,46,19.57,False,False,English
e0c527e2-e4e5-49dc-bdb7-1bf19d87e12c,School_460,10,22.89,False,False,English
8edf8913-df8a-43d7-a216-526ae52a3c57,School_257,34,44.05,True,True,English
82965ebb-0bb2-444b-adea-b4103fa10857,School_657,44,43.52,True,False,English
6fe7f332-357d-4fa6-a4e6-b143cd1d2580,School_455,35,23.82,False,True,English
fe476465-db94-4159-a393-7184bfd18472,School_825,17,44.35,True,True,French
8a9aba8a-76e2-40f0-adbe-75854eedba8a,School_275,11,25.4,True,False,French
95285dbf-60ab-4f9a-a7a5-678f15ca5b6a,School_763,14,15.11,False,True,French
7da1e214-460a-4367-b779-db010ffde9bf,School_118,18,39.59,True,True,English
aa73cf21-75da-4195-857d-66765565224f,School_772,10,24.85,True,False,French
1977ab19-21b8-49e7-94eb-5cb223de4bf4,School_972,31,38.81,False,False,English
d9f592d7-3801-45ae-b5d4-9df86acbe95c,School_728,9,45.94,True,False,French
85d1c617-b9f8-4d50-9f34-d7410e0f5651,School_612,14,35.52,False,False,French
f16a2ab3-8177-48f4-8173-b8fe5ad78d87,School_534,7,41.33,False,False,French
47683aa2-f5eb-4e8f-95bb-ace257c93c2f,School_98,30,43.48,False,False,French
8b3829b3-57cd-4ac2-9b7f-433f6adffbea,School_793,15,29.27,False,True,French
3d57e19b-d440-4b3e-9261-59dca4872fc0,School_225,26,49.76,True,False,French
3548b089-f7b6-4f59-b720-2928e814c549,School_127,35,30.84,True,True,French
c4b2c32e-86a2-4269-93b4-b3c0f622099b,School_754,31,14.56,False,True,French
94923d5f-0d4e-4442-8706-6060b13e555a,School_5,21,34.47,True,True,English
c524d08d-b614-4792-829e-f2682fde6205,School_173,21,49.9,True,False,English
12c2376c-37bc-40a8-85f7-0939ddefbc1e,School_153,10,11.18,False,False,English
da270f24-c7ac-4b19-90b6-bc4bcc3d66be,School_864,37,38.8,True,False,French
3a2397dc-3453-4129-b6a5-4b71dd4d903c,School_281,6,24.61,True,True,English
2cfb588b-8ab1-4f95-8785-fcb1c533206a,School_957,39,22.3,True,False,French
cfe50b79-c43c-40c0-92c9-dd0908949ab2,School_525,44,45.44,False,True,French
e0c0754e-3d7c-47f5-b1f2-8b12d6b8e2ab,School_550,17,23.56,False,False,French
195e6e3e-ab02-4d5b-878c-ff54d38d08c2,School_84,16,48.5,False,False,English
1fd8ad4c-c7da-4a9c-ab85-ae4bf623b34d,School_40,14,19.46,False,True,French
06257fe0-1718-4fec-9206-cb2c9ffc50ee,School_292,16,13.27,True,True,French
5c16ce89-6c55-4ef0-b9c7-0b585a156abd,School_482,49,31.13,False,False,French
6657d0a8-b3b6-4807-9c53-6c9f3bfcecf1,School_773,36,42.84,False,False,French
a25ab5ca-5f2e-49b9-ba9d-b69ce6f70332,School_322,49,22.58,False,False,French
3675d4bf-bade-40e2-ae49-5c2664450193,School_697,42,34.78,False,True,French
aa030550-9391-4015-a3b1-52d14513234f,School_650,7,11.96,True,False,French
391d9728-836f-4ac2-a5af-a3ff97ec8cd5,School_745,20,46.57,True,True,English
833c479c-259a-4cfb-b211-31ea5d017a52,School_644,5,41.29,False,False,English
1189fbc5-9caf-4ab0-973a-32197b500c88,School_641,31,17.69,True,False,French
8970ac7b-ba58-4ea0-a9f4-ffb8529d8328,School_384,50,37.63,True,False,English
52e36ab2-6b20-4a53-aa7d-61cf4df7e84f,School_309,21,39.98,False,False,English
1504007c-f1c4-4711-847a-32696a80caea,School_701,48,10.93,False,True,French
faab4b57-42ba-4250-8f72-85b8af53302b,School_676,37,13.9,False,False,English
96f93df8-22d7-4740-9c65-b6849a49f7ef,School_624,34,42.14,False,False,English
00c62d9f-34a8-4c44-9f6d-400910d3589a,School_318,33,15.67,False,False,English
5909c7b7-cca0-447f-b9d1-19446d1fccfa,School_659,31,28.27,True,False,English
113ed98d-be0a-49a3-98a4-a83918e8d5fb,School_920,27,17.45,True,True,English
120df022-603f-40f0-801d-706e7430bee5,School_182,8,14.02,True,True,English
d0f34812-5db9-4c83-b26e-afbaf591ae6e,School_789,20,15.77,True,False,French
3eda81cc-1608-4b0f-945e-cce575306c28,School_379,6,32.01,False,True,English
89c65a90-7cc2-4655-93af-44611bbd65ad,School_711,21,38.12,True,False,French
195a730f-bd1c-4c71-b358-319d9598c393,School_740,47,17.6,False,False,French
23b9b66b-2714-49a6-ad23-f08b2d9ec345,School_813,8,20.71,True,False,English
ed4535db-51e8-46a4-9ae3-24744600c6fc,School_506,43,19.29,False,True,English
522c103e-301e-41af-a02d-71f31714e5ce,School_47,39,22.74,True,True,English
c562ef69-ead0-45f7-88fd-e45d95a18777,School_710,41,33.0,True,True,French
2f4265aa-1099-4dd9-affc-c0d4ee2d1523,School_654,36,28.42,True,True,French
e099fe0a-ca04-425b-bf7d-e5a26158d2cc,School_139,32,30.05,True,True,French
e3541e02-78fe-48e7-86a2-b0252907b320,School_722,46,19.24,True,True,English
bda32d93-9ab1-4cbc-93b3-d7d57721c41a,School_282,50,10.41,True,True,French
ee6173f0-0308-40ef-9ea7-e170893f5756,School_898,20,24.08,False,True,French
bf6f9804-f1b8-4ab9-8e02-891b5d4e4bf3,School_749,22,19.23,False,False,English
971fd878-c41d-4dfa-b39f-ee01c0b35fa1,School_751,31,49.13,True,False,English
f356d787-f6fa-4514-9b0e-18956e1023b1,School_309,37,40.68,True,True,English
3c5585b2-b938-47a0-9b12-3c36df0c9588,School_101,16,38.52,False,False,English
8bad1b33-0301-45d4-b7d2-9900a80448f2,School_954,31,41.68,True,False,English
046a8ea8-4ee5-44db-a040-1c2d7452bf7a,School_33,21,17.2,False,True,English
732ffe99-4859-47a6-8e25-bd6398915ccd,School_13,38,22.69,True,False,English
354090c5-972a-4b8a-b357-058aee5eafd6,School_305,32,29.54,True,True,French
54cfe967-b21e-400e-873e-fc931350d6b0,School_994,20,31.78,False,True,English
0813b6d5-500e-4b04-baa4-ffc4c3acdb43,School_138,21,32.76,True,True,English
e48a0269-1d74-43cd-86dc-a57a087be856,School_329,16,48.65,False,False,French
65b76d50-6124-4f74-88e9-d8bbd168f673,School_779,44,30.09,False,True,English
1cda4934-9735-4f60-99c8-8af2cf1e4669,School_933,11,22.43,True,False,English
a7b70e3d-35d4-465b-beb9-6a4219665e57,School_803,45,34.51,False,True,French
73056b12-856b-4008-97ce-6282c005b925,School_833,43,43.58,False,True,English
2dbc94af-9187-4071-a5ae-9718655aeaad,School_850,35,37.66,True,False,English
b0bb6600-7395-42d2-ac14-c8da2320274b,School_55,48,32.69,True,True,French
a1c5d2a3-e3c7-416a-9d2e-055e44b9e6fd,School_539,6,23.43,True,False,English
9be26247-f765-4b43-aa3e-88d93dfece90,School_265,15,30.73,False,True,French
55580c2c-0a19-4686-b2fd-047be10af708,School_779,43,24.39,False,False,French
910524c2-8f60-41cf-86c9-cc70f0b4c303,School_302,25,14.97,False,True,English
6f414b15-c9bd-4d24-8204-b0d2d350f9a2,School_203,45,23.78,False,True,French
1ff1e808-49f0-489f-86de-1f07a15cf9df,School_786,12,13.5,False,True,French
a28b9033-302d-49d0-abd0-c25fdc8e7a51,School_907,28,44.04,True,False,English
d1e4fd42-9bbd-4d28-a27a-d05d5621e3ed,School_917,19,35.8,True,False,English
168612c9-3ae2-40c5-bea4-b204f9598cbe,School_601,43,37.37,True,True,French
53cd3549-3296-44c1-85f4-c1f8b15e5fae,School_845,15,38.88,False,True,English
5c75ec12-773c-429e-9dce-a303ef9d191a,School_363,39,10.08,False,False,French
2ecd20c5-a986-43d5-a2e9-2c78b5f613d7,School_665,22,36.32,True,True,English
bcde7ea9-6547-4e18-8de2-3a73900611db,School_777,8,28.48,False,True,French
bdfff149-1bb0-4178-829c-02c972244b2b,School_426,6,22.24,False,True,French
f359cc34-9c87-4b34-b950-8bf41c53b2b1,School_263,19,26.14,False,True,French
868b4a70-3b34-437f-9e06-695d33ccfec1,School_606,41,16.2,False,True,English
ea6dafa6-2fee-4186-93c8-cc98ecc245be,School_566,47,18.56,True,False,English
23296432-ae1d-4a5d-907a-346f92ed1f5b,School_135,16,16.63,True,True,English
73c370cb-dad5-475f-b875-4b8be43716d8,School_732,49,37.08,False,True,English
1d2c617b-86e8-43fa-893f-330678e87559,School_242,34,40.77,False,False,French
25858451-19ed-4e23-9bf4-b4c8c2ac667c,School_1000,21,36.43,False,False,French
57a4d61b-0415-4ec2-b08a-c20c5effa023,School_400,45,28.6,False,False,French
2bdd2e6e-09aa-478d-ba5f-b83711582c67,School_521,47,19.73,True,False,English
af7ab7d7-ab48-4485-8445-2b89f037aec1,School_596,10,32.88,True,False,French
6daf8f62-3ece-4d07-a904-b6346f760715,School_187,22,24.41,True,False,French
1bc1b0c7-b11a-4fbb-9de6-bb038c2b9067,School_966,19,49.26,True,False,French
71904573-2801-4d0e-b14f-76cae766b306,School_515,37,11.76,True,True,French
4e855473-985e-45d8-95f9-b77aac59bb4a,School_724,23,40.08,False,False,English
0a2321db-f9e7-45de-8b86-1c3d920fa2bf,School_997,42,29.7,True,False,French
fb9da725-68cb-400a-ad98-af6f706e10aa,School_560,25,18.37,True,True,French
871af06d-1436-4de9-a56b-b64c6ce92ac0,School_514,28,35.07,True,True,French
58b41d23-e9fd-429a-9151-d58db4b75811,School_822,19,37.99,True,False,English
62a8988a-be1f-4682-afe9-136e36e7026a,School_389,31,30.69,True,False,English
1d2e693f-9b90-425e-a0f4-156e70415e8d,School_806,23,43.82,False,True,French
b25946a7-4577-4350-8b3c-7f6cfaa13953,School_520,19,17.15,True,True,French
c038ab1c-998b-4130-b9ac-7e58918253d0,School_102,19,29.87,False,False,English
330d415f-23a5-45dd-9c0c-e58b3901424d,School_674,15,28.83,True,True,English
72680808-9736-492d-9b08-9c9bf95d9b55,School_591,30,49.2,False,False,English
9348d61e-c50b-4a31-874c-1a5d3cd3e4cb,School_228,45,16.73,True,False,English
baf4e195-582d-42db-84ef-fcc6df2730eb,School_239,43,16.71,False,True,French
5116b975-d994-4b16-bb21-df4f1a4cceb0,School_313,48,13.91,True,False,French
331367ae-2fcd-4bd6-8784-168aa308609c,School_966,5,11.17,True,True,French
d2e463fc-140b-4845-a933-4a1c1694687f,School_252,16,43.47,False,True,English
ac619389-13a4-4b28-97f9-6ae73b2a715a,School_167,39,26.86,False,False,English
16206783-f7db-480e-8565-6ffcb9f61528,School_475,30,12.77,False,True,English
7f12023c-03cf-4fcc-8c62-2a91ff52e4bf,School_25,44,26.51,True,False,English
37ad7c06-b639-41a4-b600-3b664c7faca1,School_552,7,21.8,False,False,English
e746401f-b4b9-4d02-a6ad-81e2c07e62b1,School_442,49,42.21,False,False,French
33b584e2-4fe9-4652-bbb3-8d7386b8b088,School_500,43,19.57,False,True,French
